133690_BuyAndHold,133690_BuyAndHold,133690_BuyAndHold,133690_BuyAndHold,133690_DCAAndHold,133690_DCAAndHold,133690_DCAAndHold,133690_DCAAndHold,133690_DCASellOnProfit,133690_DCASellOnProfit,133690_DCASellOnProfit,133690_DCASellOnProfit,133690_DCASellOnProfit,133690_MonthlyDCA,133690_MonthlyDCA,133690_MonthlyDCA,133690_MonthlyDCA,379800_BuyAndHold,379800_BuyAndHold,379800_BuyAndHold,379800_BuyAndHold,379800_DCAAndHold,379800_DCAAndHold,379800_DCAAndHold,379800_DCAAndHold,379800_DCASellOnProfit,379800_DCASellOnProfit,379800_DCASellOnProfit,379800_DCASellOnProfit,379800_DCASellOnProfit,379800_MonthlyDCA,379800_MonthlyDCA,379800_MonthlyDCA,379800_MonthlyDCA
date,remaining_capital,shares_held,total_value,date,remaining_capital,shares_held,total_value,date,remaining_capital,shares_held,total_value,holding_count,date,remaining_capital,shares_held,total_value,date,remaining_capital,shares_held,total_value,date,remaining_capital,shares_held,total_value,date,remaining_capital,shares_held,total_value,holding_count,date,remaining_capital,shares_held,total_value
2019-01-02,5254.4000000003725,320,9852294.4,2019-01-02,9000525.44,32,9985229.44,2019-01-02,9000525.44,32,9985229.44,1,2019-01-02,9968766.42,1,9999538.42,2021-04-09,9491.01000000164,979.0,9852357.010000002,2021-04-09,9010133.43,97.0,9985371.43,2021-04-09,9010133.43,97.0,9985371.43,1.0,2021-04-09,9989795.19,1.0,9999849.19
2019-01-03,5254.4000000003725,320,9767814.4,2019-01-03,9000525.44,32,9976781.44,2019-01-03,9000525.44,32,9976781.44,1,2019-01-03,9968766.42,1,9999274.42,2021-04-12,9491.01000000164,979.0,9920887.010000002,2021-04-12,9010133.43,97.0,9992161.43,2021-04-12,9010133.43,97.0,9992161.43,1.0,2021-04-12,9989795.19,1.0,9999919.19
2019-01-04,5254.4000000003725,320,9796294.4,2019-01-04,9000525.44,32,9979629.44,2019-01-04,9000525.44,32,9979629.44,1,2019-01-04,9968766.42,1,9999363.42,2021-04-13,9491.01000000164,979.0,9955152.010000002,2021-04-13,9010133.43,97.0,9995556.43,2021-04-13,9010133.43,97.0,9995556.43,1.0,2021-04-13,9989795.19,1.0,9999954.19
2019-01-07,5254.4000000003725,320,10113094.4,2019-01-07,9000525.44,32,10011309.44,2019-01-07,9000525.44,32,10011309.44,1,2019-01-07,9968766.42,1,10000353.42,2021-04-14,9491.01000000164,979.0,9911097.010000002,2021-04-14,9010133.43,97.0,9991191.43,2021-04-14,9010133.43,97.0,9991191.43,1.0,2021-04-14,9989795.19,1.0,9999909.19
2019-01-08,5254.4000000003725,320,10258694.4,2019-01-08,9000525.44,32,10025869.44,2019-01-08,9000525.44,32,10025869.44,1,2019-01-08,9968766.42,1,10000808.42,2021-04-15,9491.01000000164,979.0,9896412.010000002,2021-04-15,9010133.43,97.0,9989736.43,2021-04-15,9010133.43,97.0,9989736.43,1.0,2021-04-15,9989795.19,1.0,9999894.19
2019-01-09,5254.4000000003725,320,10372294.4,2019-01-09,9000525.44,32,10037229.44,2019-01-09,9000525.44,32,10037229.44,1,2019-01-09,9968766.42,1,10001163.42,2021-04-16,9491.01000000164,979.0,9955152.010000002,2021-04-16,9010133.43,97.0,9995556.43,2021-04-16,9010133.43,97.0,9995556.43,1.0,2021-04-16,9989795.19,1.0,9999954.19
2019-01-10,5254.4000000003725,320,10272774.4,2019-01-10,9000525.44,32,10027277.44,2019-01-10,9000525.44,32,10027277.44,1,2019-01-10,9968766.42,1,10000852.42,2021-04-19,9491.01000000164,979.0,10008997.010000002,2021-04-19,9010133.43,97.0,10000891.43,2021-04-19,9010133.43,97.0,10000891.43,1.0,2021-04-19,9989795.19,1.0,10000009.19
2019-01-11,5254.4000000003725,320,10319174.4,2019-01-11,9000525.44,32,10031917.44,2019-01-11,9000525.44,32,10031917.44,1,2019-01-11,9968766.42,1,10000997.42,2021-04-20,9491.01000000164,979.0,9945362.010000002,2021-04-20,9010133.43,97.0,9994586.43,2021-04-20,9010133.43,97.0,9994586.43,1.0,2021-04-20,9989795.19,1.0,9999944.19
2019-01-14,5254.4000000003725,320,10258694.4,2019-01-14,9000525.44,32,10025869.44,2019-01-14,9000525.44,32,10025869.44,1,2019-01-14,9968766.42,1,10000808.42,2021-04-21,9491.01000000164,979.0,9896412.010000002,2021-04-21,9010133.43,97.0,9989736.43,2021-04-21,9010133.43,97.0,9989736.43,1.0,2021-04-21,9989795.19,1.0,9999894.19
2019-01-15,5254.4000000003725,320,10347014.4,2019-01-15,9000525.44,32,10034701.44,2019-01-15,9000525.44,32,10034701.44,1,2019-01-15,9968766.42,1,10001084.42,2021-04-22,9491.01000000164,979.0,9994312.010000002,2021-04-22,9010133.43,97.0,9999436.43,2021-04-22,9010133.43,97.0,9999436.43,1.0,2021-04-22,9989795.19,1.0,9999994.19
2019-01-16,5254.4000000003725,320,10458694.4,2019-01-16,9000525.44,32,10045869.44,2019-01-16,9000525.44,32,10045869.44,1,2019-01-16,9968766.42,1,10001433.42,2021-04-23,9491.01000000164,979.0,9911097.010000002,2021-04-23,9010133.43,97.0,9991191.43,2021-04-23,9010133.43,97.0,9991191.43,1.0,2021-04-23,9989795.19,1.0,9999909.19
2019-01-17,5254.4000000003725,320,10446214.4,2019-01-17,9000525.44,32,10044621.44,2019-01-17,9000525.44,32,10044621.44,1,2019-01-17,9968766.42,1,10001394.42,2021-04-26,9491.01000000164,979.0,9974732.010000002,2021-04-26,9010133.43,97.0,9997496.43,2021-04-26,9010133.43,97.0,9997496.43,1.0,2021-04-26,9989795.19,1.0,9999974.19
2019-01-18,5254.4000000003725,320,10611974.4,2019-01-18,9000525.44,32,10061197.44,2019-01-18,9000525.44,32,10061197.44,1,2019-01-18,9968766.42,1,10001912.42,2021-04-27,9491.01000000164,979.0,9979627.010000002,2021-04-27,9010133.43,97.0,9997981.43,2021-04-27,9010133.43,97.0,9997981.43,1.0,2021-04-27,9989795.19,1.0,9999979.19
2019-01-21,5254.4000000003725,320,10705414.4,2019-01-21,9000525.44,32,10070541.44,2019-01-21,9000525.44,32,10070541.44,1,2019-01-21,9968766.42,1,10002204.42,2021-04-28,9491.01000000164,979.0,9989417.010000002,2021-04-28,9010133.43,97.0,9998951.43,2021-04-28,9010133.43,97.0,9998951.43,1.0,2021-04-28,9989795.19,1.0,9999989.19
2019-01-22,5254.4000000003725,320,10622854.4,2019-01-22,9000525.44,32,10062285.44,2019-01-22,9000525.44,32,10062285.44,1,2019-01-22,9968766.42,1,10001946.42,2021-04-29,9491.01000000164,979.0,9989417.010000002,2021-04-29,9010133.43,97.0,9998951.43,2021-04-29,9010133.43,97.0,9998951.43,1.0,2021-04-29,9989795.19,1.0,9999989.19
2019-01-23,5254.4000000003725,320,10513094.4,2019-01-23,9000525.44,32,10051309.44,2019-01-23,9000525.44,32,10051309.44,1,2019-01-23,9968766.42,1,10001603.42,2021-04-30,9491.01000000164,979.0,10008997.010000002,2021-04-30,9010133.43,97.0,10000891.43,2021-04-30,9010133.43,97.0,10000891.43,1.0,2021-04-30,9989795.19,1.0,10000009.19
2019-01-24,5254.4000000003725,320,10573894.4,2019-01-24,9000525.44,32,10057389.44,2019-01-24,9000525.44,32,10057389.44,1,2019-01-24,9968766.42,1,10001793.42,2021-05-03,9491.01000000164,979.0,10086338.010000002,2021-05-03,8017630.904999999,192.0,9993886.905,2021-05-03,8017630.904999999,192.0,9993886.905,2.0,2021-05-03,9979347.795,2.0,9999933.795
2019-01-25,5254.4000000003725,320,10655814.4,2019-01-25,9000525.44,32,10065581.44,2019-01-25,9000525.44,32,10065581.44,1,2019-01-25,9968766.42,1,10002049.42,2021-05-04,9491.01000000164,979.0,10061863.010000002,2021-05-04,8017630.904999999,192.0,9989086.905,2021-05-04,8017630.904999999,192.0,9989086.905,2.0,2021-05-04,9979347.795,2.0,9999883.795
2019-01-28,5254.4000000003725,320,10600774.4,2019-01-28,9000525.44,32,10060077.44,2019-01-28,9000525.44,32,10060077.44,1,2019-01-28,9968766.42,1,10001877.42,2021-05-06,9491.01000000164,979.0,10061863.010000002,2021-05-06,8017630.904999999,192.0,9989086.905,2021-05-06,8017630.904999999,192.0,9989086.905,2.0,2021-05-06,9979347.795,2.0,9999883.795
2019-01-29,5254.4000000003725,320,10436614.4,2019-01-29,9000525.44,32,10043661.44,2019-01-29,9000525.44,32,10043661.44,1,2019-01-29,9968766.42,1,10001364.42,2021-05-07,9491.01000000164,979.0,10110813.010000002,2021-05-07,8017630.904999999,192.0,9998686.905,2021-05-07,8017630.904999999,192.0,9998686.905,2.0,2021-05-07,9979347.795,2.0,9999983.795
2019-01-30,5254.4000000003725,320,10465094.4,2019-01-30,9000525.44,32,10046509.44,2019-01-30,9000525.44,32,10046509.44,1,2019-01-30,9968766.42,1,10001453.42,2021-05-10,9491.01000000164,979.0,10125498.010000002,2021-05-10,8017630.904999999,192.0,10001566.905,2021-05-10,8017630.904999999,192.0,10001566.905,2.0,2021-05-10,9979347.795,2.0,10000013.795
2019-01-31,5254.4000000003725,320,10651014.4,2019-01-31,9000525.44,32,10065101.44,2019-01-31,9000525.44,32,10065101.44,1,2019-01-31,9968766.42,1,10002034.42,2021-05-11,9491.01000000164,979.0,10017808.010000002,2021-05-11,8017630.904999999,192.0,9980446.905,2021-05-11,8017630.904999999,192.0,9980446.905,2.0,2021-05-11,9979347.795,2.0,9999793.795
2019-02-01,5254.4000000003725,320,10793734.4,2019-02-01,8008153.85,61,10064707.85,2019-02-01,8008153.85,61,10064707.85,2,2019-02-01,9934546.709999999,2,10001974.709999999,2021-05-12,9491.01000000164,979.0,9984522.010000002,2021-05-12,8017630.904999999,192.0,9973918.905,2021-05-12,8017630.904999999,192.0,9973918.905,2.0,2021-05-12,9979347.795,2.0,9999725.795
2019-02-07,5254.4000000003725,320,11004294.4,2019-02-07,8008153.85,61,10104845.85,2019-02-07,8926573.69,29,9923361.69,1,2019-02-07,9934546.709999999,2,10003290.709999999,2021-05-13,9491.01000000164,979.0,9867042.010000002,2021-05-13,8017630.904999999,192.0,9950878.905,2021-05-13,8017630.904999999,192.0,9950878.905,2.0,2021-05-13,9979347.795,2.0,9999485.795
2019-02-08,5254.4000000003725,320,10793734.4,2019-02-08,8008153.85,61,10064707.85,2019-02-08,8926573.69,29,9904279.69,1,2019-02-08,9934546.709999999,2,10001974.709999999,2021-05-14,9491.01000000164,979.0,9999207.010000002,2021-05-14,8017630.904999999,192.0,9976798.905,2021-05-14,8017630.904999999,192.0,9976798.905,2.0,2021-05-14,9979347.795,2.0,9999755.795
2019-02-11,5254.4000000003725,320,10899334.4,2019-02-11,8008153.85,61,10084837.85,2019-02-11,8926573.69,29,9913849.69,1,2019-02-11,9934546.709999999,2,10002634.709999999,2021-05-17,9491.01000000164,979.0,10145078.010000002,2021-05-17,8017630.904999999,192.0,10005406.905,2021-05-17,8017630.904999999,192.0,10005406.905,2.0,2021-05-17,9979347.795,2.0,10000053.795
2019-02-12,5254.4000000003725,320,10975814.4,2019-02-12,8008153.85,61,10099416.85,2019-02-12,8926573.69,29,9920780.69,1,2019-02-12,9934546.709999999,2,10003112.709999999,2021-05-18,9491.01000000164,979.0,10135288.010000002,2021-05-18,8017630.904999999,192.0,10003486.905,2021-05-18,8017630.904999999,192.0,10003486.905,2.0,2021-05-18,9979347.795,2.0,10000033.795
2019-02-13,5254.4000000003725,320,11085574.4,2019-02-13,8008153.85,61,10120339.85,2019-02-13,8926573.69,29,9930727.69,1,2019-02-13,9934546.709999999,2,10003798.709999999,2021-05-20,9491.01000000164,979.0,9994312.010000002,2021-05-20,8017630.904999999,192.0,9975838.905,2021-05-20,8017630.904999999,192.0,9975838.905,2.0,2021-05-20,9979347.795,2.0,9999745.795
2019-02-14,5254.4000000003725,320,11106054.4,2019-02-14,8008153.85,61,10124243.85,2019-02-14,8926573.69,29,9932583.69,1,2019-02-14,9934546.709999999,2,10003926.709999999,2021-05-21,9491.01000000164,979.0,10076548.010000002,2021-05-21,8017630.904999999,192.0,9991966.905,2021-05-21,8017630.904999999,192.0,9991966.905,2.0,2021-05-21,9979347.795,2.0,9999913.795
2019-02-15,5254.4000000003725,320,11038534.4,2019-02-15,8008153.85,61,10111372.85,2019-02-15,8926573.69,29,9926464.69,1,2019-02-15,9934546.709999999,2,10003504.709999999,2021-05-24,9491.01000000164,979.0,10086338.010000002,2021-05-24,8017630.904999999,192.0,9993886.905,2021-05-24,8017630.904999999,192.0,9993886.905,2.0,2021-05-24,9979347.795,2.0,9999933.795
2019-02-18,5254.4000000003725,320,11115654.4,2019-02-18,8008153.85,61,10126073.85,2019-02-18,8926573.69,29,9933453.69,1,2019-02-18,9934546.709999999,2,10003986.709999999,2021-05-25,9491.01000000164,979.0,10154868.010000002,2021-05-25,8017630.904999999,192.0,10007326.905,2021-05-25,8017630.904999999,192.0,10007326.905,2.0,2021-05-25,9979347.795,2.0,10000073.795
2019-02-19,5254.4000000003725,320,11159494.4,2019-02-19,8008153.85,61,10134430.85,2019-02-19,8926573.69,29,9937426.69,1,2019-02-19,9934546.709999999,2,10004260.709999999,2021-05-26,9491.01000000164,979.0,10071653.010000002,2021-05-26,8017630.904999999,192.0,9991006.905,2021-05-26,8017630.904999999,192.0,9991006.905,2.0,2021-05-26,9979347.795,2.0,9999903.795
2019-02-20,5254.4000000003725,320,11164294.4,2019-02-20,8008153.85,61,10135345.85,2019-02-20,8926573.69,29,9937861.69,1,2019-02-20,9934546.709999999,2,10004290.709999999,2021-05-27,9491.01000000164,979.0,10052073.010000002,2021-05-27,8017630.904999999,192.0,9987166.905,2021-05-27,8017630.904999999,192.0,9987166.905,2.0,2021-05-27,9979347.795,2.0,9999863.795
2019-02-21,5254.4000000003725,320,11149254.4,2019-02-21,8008153.85,61,10132478.85,2019-02-21,8926573.69,29,9936498.69,1,2019-02-21,9934546.709999999,2,10004196.709999999,2021-05-28,9491.01000000164,979.0,10081443.010000002,2021-05-28,8017630.904999999,192.0,9992926.905,2021-05-28,8017630.904999999,192.0,9992926.905,2.0,2021-05-28,9979347.795,2.0,9999923.795
2019-02-22,5254.4000000003725,320,11083974.4,2019-02-22,8008153.85,61,10120034.85,2019-02-22,8926573.69,29,9930582.69,1,2019-02-22,9934546.709999999,2,10003788.709999999,2021-05-31,9491.01000000164,979.0,10037388.010000002,2021-05-31,8017630.904999999,192.0,9984286.905,2021-05-31,8017630.904999999,192.0,9984286.905,2.0,2021-05-31,9979347.795,2.0,9999833.795
2019-02-25,5254.4000000003725,320,11208454.4,2019-02-25,8008153.85,61,10143763.85,2019-02-25,8926573.69,29,9941863.69,1,2019-02-25,9934546.709999999,2,10004566.709999999,2021-06-01,9491.01000000164,979.0,9994312.010000002,2021-06-01,7023840.345,288.0,9961152.344999999,2021-06-01,7023840.345,288.0,9961152.344999999,3.0,2021-06-01,9968995.81,3.0,9999592.81
2019-02-26,5254.4000000003725,320,11085574.4,2019-02-26,8008153.85,61,10120339.85,2019-02-26,8926573.69,29,9930727.69,1,2019-02-26,9934546.709999999,2,10003798.709999999,2021-06-02,9491.01000000164,979.0,10037388.010000002,2021-06-02,7023840.345,288.0,9973824.344999999,2021-06-02,7023840.345,288.0,9973824.344999999,3.0,2021-06-02,9968995.81,3.0,9999724.81
2019-02-27,5254.4000000003725,320,11173894.4,2019-02-27,8008153.85,61,10137175.85,2019-02-27,8926573.69,29,9938731.69,1,2019-02-27,9934546.709999999,2,10004350.709999999,2021-06-03,9491.01000000164,979.0,10061863.010000002,2021-06-03,7023840.345,288.0,9981024.344999999,2021-06-03,7023840.345,288.0,9981024.344999999,3.0,2021-06-03,9968995.81,3.0,9999799.81
2019-02-28,5254.4000000003725,320,11152454.4,2019-02-28,8008153.85,61,10133088.85,2019-02-28,8926573.69,29,9936788.69,1,2019-02-28,9934546.709999999,2,10004216.709999999,2021-06-04,9491.01000000164,979.0,10047178.010000002,2021-06-04,7023840.345,288.0,9976704.344999999,2021-06-04,7023840.345,288.0,9976704.344999999,3.0,2021-06-04,9968995.81,3.0,9999754.81
2019-03-04,5254.4000000003725,320,11364934.4,2019-03-04,7035303.755,88,10159215.754999999,2019-03-04,7953723.595,56,9941667.594999999,2,2019-03-04,9898515.225,3,10005012.225,2021-06-07,9491.01000000164,979.0,10081443.010000002,2021-06-07,7023840.345,288.0,9986784.344999999,2021-06-07,7023840.345,288.0,9986784.344999999,3.0,2021-06-07,9968995.81,3.0,9999859.81
2019-03-05,5254.4000000003725,320,11318534.4,2019-03-05,7035303.755,88,10146455.754999999,2019-03-05,7953723.595,56,9933547.594999999,2,2019-03-05,9898515.225,3,10004577.225,2021-06-08,9491.01000000164,979.0,10120603.010000002,2021-06-08,7023840.345,288.0,9998304.344999999,2021-06-08,7023840.345,288.0,9998304.344999999,3.0,2021-06-08,9968995.81,3.0,9999979.81
2019-03-06,5254.4000000003725,320,11316934.4,2019-03-06,7035303.755,88,10146015.754999999,2019-03-06,7953723.595,56,9933267.594999999,2,2019-03-06,9898515.225,3,10004562.225,2021-06-09,9491.01000000164,979.0,10120603.010000002,2021-06-09,7023840.345,288.0,9998304.344999999,2021-06-09,7023840.345,288.0,9998304.344999999,3.0,2021-06-09,9968995.81,3.0,9999979.81
2019-03-07,5254.4000000003725,320,11259014.4,2019-03-07,7035303.755,88,10130087.754999999,2019-03-07,7953723.595,56,9923131.594999999,2,2019-03-07,9898515.225,3,10004019.225,2021-06-10,9491.01000000164,979.0,10120603.010000002,2021-06-10,7023840.345,288.0,9998304.344999999,2021-06-10,7023840.345,288.0,9998304.344999999,3.0,2021-06-10,9968995.81,3.0,9999979.81
2019-03-08,5254.4000000003725,320,11126534.4,2019-03-08,7035303.755,88,10093655.754999999,2019-03-08,7953723.595,56,9899947.594999999,2,2019-03-08,9898515.225,3,10002777.225,2021-06-11,9491.01000000164,979.0,10120603.010000002,2021-06-11,7023840.345,288.0,9998304.344999999,2021-06-11,7023840.345,288.0,9998304.344999999,3.0,2021-06-11,9968995.81,3.0,9999979.81
2019-03-11,5254.4000000003725,320,11167494.4,2019-03-11,7035303.755,88,10104919.754999999,2019-03-11,7953723.595,56,9907115.594999999,2,2019-03-11,9898515.225,3,10003161.225,2021-06-14,9491.01000000164,979.0,10194028.010000002,2021-06-14,7023840.345,288.0,10019904.344999999,2021-06-14,7023840.345,288.0,10019904.344999999,3.0,2021-06-14,9968995.81,3.0,10000204.81
2019-03-12,5254.4000000003725,320,11379014.4,2019-03-12,7035303.755,88,10163087.754999999,2019-03-12,7953723.595,56,9944131.594999999,2,2019-03-12,9898515.225,3,10005144.225,2021-06-15,9491.01000000164,979.0,10238083.010000002,2021-06-15,7023840.345,288.0,10032864.344999999,2021-06-15,7023840.345,288.0,10032864.344999999,3.0,2021-06-15,9968995.81,3.0,10000339.81
2019-03-13,5254.4000000003725,320,11413574.4,2019-03-13,7035303.755,88,10172591.754999999,2019-03-13,7953723.595,56,9950179.594999999,2,2019-03-13,9898515.225,3,10005468.225,2021-06-16,9491.01000000164,979.0,10198923.010000002,2021-06-16,7023840.345,288.0,10021344.344999999,2021-06-16,7023840.345,288.0,10021344.344999999,3.0,2021-06-16,9968995.81,3.0,10000219.81
2019-03-14,5254.4000000003725,320,11512454.4,2019-03-14,7035303.755,88,10199783.754999999,2019-03-14,7953723.595,56,9967483.594999999,2,2019-03-14,9898515.225,3,10006395.225,2021-06-17,9491.01000000164,979.0,10208713.010000002,2021-06-17,7023840.345,288.0,10024224.344999999,2021-06-17,7023840.345,288.0,10024224.344999999,3.0,2021-06-17,9968995.81,3.0,10000249.81
2019-03-15,5254.4000000003725,320,11607494.4,2019-03-15,7035303.755,88,10225919.754999999,2019-03-15,7953723.595,56,9984115.594999999,2,2019-03-15,9898515.225,3,10007286.225,2021-06-18,9491.01000000164,979.0,10282138.010000002,2021-06-18,7023840.345,288.0,10045824.344999999,2021-06-18,7023840.345,288.0,10045824.344999999,3.0,2021-06-18,9968995.81,3.0,10000474.81
2019-03-18,5254.4000000003725,320,11637254.4,2019-03-18,7035303.755,88,10234103.754999999,2019-03-18,7953723.595,56,9989323.594999999,2,2019-03-18,9898515.225,3,10007565.225,2021-06-21,9491.01000000164,979.0,10140183.010000002,2021-06-21,7023840.345,288.0,10004064.344999999,2021-06-21,7023840.345,288.0,10004064.344999999,3.0,2021-06-21,9968995.81,3.0,10000039.81
2019-03-19,5254.4000000003725,320,11607494.4,2019-03-19,7035303.755,88,10225919.754999999,2019-03-19,7953723.595,56,9984115.594999999,2,2019-03-19,9898515.225,3,10007286.225,2021-06-22,9491.01000000164,979.0,10282138.010000002,2021-06-22,7023840.345,288.0,10045824.344999999,2021-06-22,7023840.345,288.0,10045824.344999999,3.0,2021-06-22,9968995.81,3.0,10000474.81
2019-03-20,5254.4000000003725,320,11646534.4,2019-03-20,7035303.755,88,10236655.754999999,2019-03-20,7953723.595,56,9990947.594999999,2,2019-03-20,9898515.225,3,10007652.225,2021-06-23,9491.01000000164,979.0,10388849.010000002,2021-06-23,7023840.345,288.0,10077216.344999999,2021-06-23,7023840.345,288.0,10077216.344999999,3.0,2021-06-23,9968995.81,3.0,10000801.81
2019-03-21,5254.4000000003725,320,11694854.4,2019-03-21,7035303.755,88,10249943.754999999,2019-03-21,7953723.595,56,9999403.594999999,2,2019-03-21,9898515.225,3,10008105.225,2021-06-24,9491.01000000164,979.0,10364374.010000002,2021-06-24,7023840.345,288.0,10070016.344999999,2021-06-24,7023840.345,288.0,10070016.344999999,3.0,2021-06-24,9968995.81,3.0,10000726.81
2019-03-22,5254.4000000003725,320,11857094.4,2019-03-22,7035303.755,88,10294559.754999999,2019-03-22,7953723.595,56,10027795.594999999,2,2019-03-22,9898515.225,3,10009626.225,2021-06-25,9491.01000000164,979.0,10344794.010000002,2021-06-25,7023840.345,288.0,10064256.344999999,2021-06-25,7023840.345,288.0,10064256.344999999,3.0,2021-06-25,9968995.81,3.0,10000666.81
2019-03-25,5254.4000000003725,320,11580934.4,2019-03-25,7035303.755,88,10218615.754999999,2019-03-25,7953723.595,56,9979467.594999999,2,2019-03-25,9898515.225,3,10007037.225,2021-06-28,9491.01000000164,979.0,10398639.010000002,2021-06-28,7023840.345,288.0,10080096.344999999,2021-06-28,7023840.345,288.0,10080096.344999999,3.0,2021-06-28,9968995.81,3.0,10000831.81
2019-03-26,5254.4000000003725,320,11632454.4,2019-03-26,7035303.755,88,10232783.754999999,2019-03-26,7953723.595,56,9988483.594999999,2,2019-03-26,9898515.225,3,10007520.225,2021-06-29,9491.01000000164,979.0,10393744.010000002,2021-06-29,7023840.345,288.0,10078656.344999999,2021-06-29,7023840.345,288.0,10078656.344999999,3.0,2021-06-29,9968995.81,3.0,10000816.81
2019-03-27,5254.4000000003725,320,11737414.4,2019-03-27,7035303.755,88,10261647.754999999,2019-03-27,7953723.595,56,10006851.594999999,2,2019-03-27,9898515.225,3,10008504.225,2021-06-30,9491.01000000164,979.0,10388849.010000002,2021-06-30,7023840.345,288.0,10077216.344999999,2021-06-30,7023840.345,288.0,10077216.344999999,3.0,2021-06-30,9968995.81,3.0,10000801.81
2019-03-28,5254.4000000003725,320,11635654.4,2019-03-28,7035303.755,88,10233663.754999999,2019-03-28,7953723.595,56,9989043.594999999,2,2019-03-28,9898515.225,3,10007550.225,2021-07-01,9491.01000000164,979.0,10476959.010000002,2021-07-01,6025421.385,380.0,10088381.385,2021-07-01,6025421.385,380.0,10088381.385,4.0,2021-07-01,9958143.43,4.0,10000911.43
2019-03-29,5254.4000000003725,320,11763654.4,2019-03-29,7035303.755,88,10268863.754999999,2019-03-29,7953723.595,56,10011443.594999999,2,2019-03-29,9898515.225,3,10008750.225,2021-07-02,9491.01000000164,979.0,10535699.010000002,2021-07-02,6025421.385,380.0,10111181.385,2021-07-02,6025421.385,380.0,10111181.385,4.0,2021-07-02,9958143.43,4.0,10001151.43
2019-04-01,5254.4000000003725,320,11861574.4,2019-04-01,6057527.865,114,10281341.865,2019-04-01,6975947.705,82,10014129.705,3,2019-04-01,9860908.459999999,4,10009112.459999999,2021-07-05,9491.01000000164,979.0,10560174.010000002,2021-07-05,6025421.385,380.0,10120681.385,2021-07-05,6025421.385,380.0,10120681.385,4.0,2021-07-05,9958143.43,4.0,10001251.43
2019-04-02,5254.4000000003725,320,11851014.4,2019-04-02,6057527.865,114,10277579.865,2019-04-02,6975947.705,82,10011423.705,3,2019-04-02,9860908.459999999,4,10008980.459999999,2021-07-06,9491.01000000164,979.0,10560174.010000002,2021-07-06,6025421.385,380.0,10120681.385,2021-07-06,6025421.385,380.0,10120681.385,4.0,2021-07-06,9958143.43,4.0,10001251.43
2019-04-03,5254.4000000003725,320,11979334.4,2019-04-03,6057527.865,114,10323293.865,2019-04-03,7882048.79,53,9865255.79,2,2019-04-03,9860908.459999999,4,10010584.459999999,2021-07-07,9491.01000000164,979.0,10614019.010000002,2021-07-07,6025421.385,380.0,10141581.385,2021-07-07,6025421.385,380.0,10141581.385,4.0,2021-07-07,9958143.43,4.0,10001471.43
2019-04-04,5254.4000000003725,320,11985734.4,2019-04-04,6057527.865,114,10325573.865,2019-04-04,7882048.79,53,9866315.79,2,2019-04-04,9860908.459999999,4,10010664.459999999,2021-07-08,9491.01000000164,979.0,10676675.010000002,2021-07-08,6025421.385,380.0,10165901.385,2021-07-08,6025421.385,380.0,10165901.385,4.0,2021-07-08,9958143.43,4.0,10001727.43
2019-04-05,5254.4000000003725,320,11998534.4,2019-04-05,6057527.865,114,10330133.865,2019-04-05,7882048.79,53,9868435.79,2,2019-04-05,9860908.459999999,4,10010824.459999999,2021-07-09,9491.01000000164,979.0,10671780.010000002,2021-07-09,6025421.385,380.0,10164001.385,2021-07-09,6025421.385,380.0,10164001.385,4.0,2021-07-09,9958143.43,4.0,10001707.43
2019-04-08,5254.4000000003725,320,12082374.4,2019-04-08,6057527.865,114,10360001.865,2019-04-08,7882048.79,53,9882321.79,2,2019-04-08,9860908.459999999,4,10011872.459999999,2021-07-12,9491.01000000164,979.0,10754995.010000002,2021-07-12,6025421.385,380.0,10196301.385,2021-07-12,6025421.385,380.0,10196301.385,4.0,2021-07-12,9958143.43,4.0,10002047.43
2019-04-09,5254.4000000003725,320,12118534.4,2019-04-09,6057527.865,114,10372883.865,2019-04-09,7882048.79,53,9888310.79,2,2019-04-09,9860908.459999999,4,10012324.459999999,2021-07-13,9491.01000000164,979.0,10779470.010000002,2021-07-13,6025421.385,380.0,10205801.385,2021-07-13,6025421.385,380.0,10205801.385,4.0,2021-07-13,9958143.43,4.0,10002147.43
2019-04-10,5254.4000000003725,320,12052934.4,2019-04-10,6057527.865,114,10349513.865,2019-04-10,7882048.79,53,9877445.79,2,2019-04-10,9860908.459999999,4,10011504.459999999,2021-07-14,9491.01000000164,979.0,10769680.010000002,2021-07-14,6025421.385,380.0,10202001.385,2021-07-14,6025421.385,380.0,10202001.385,4.0,2021-07-14,9958143.43,4.0,10002107.43
2019-04-11,5254.4000000003725,320,12104134.4,2019-04-11,6057527.865,114,10367753.865,2019-04-11,7882048.79,53,9885925.79,2,2019-04-11,9860908.459999999,4,10012144.459999999,2021-07-15,9491.01000000164,979.0,10720730.010000002,2021-07-15,6025421.385,380.0,10183001.385,2021-07-15,6025421.385,380.0,10183001.385,4.0,2021-07-15,9958143.43,4.0,10001907.43
2019-04-12,5254.4000000003725,320,12091974.4,2019-04-12,6057527.865,114,10363421.865,2019-04-12,7882048.79,53,9883911.79,2,2019-04-12,9860908.459999999,4,10011992.459999999,2021-07-16,9491.01000000164,979.0,10681570.010000002,2021-07-16,6025421.385,380.0,10167801.385,2021-07-16,6025421.385,380.0,10167801.385,4.0,2021-07-16,9958143.43,4.0,10001747.43
2019-04-15,5254.4000000003725,320,12128134.4,2019-04-15,6057527.865,114,10376303.865,2019-04-15,7882048.79,53,9889900.79,2,2019-04-15,9860908.459999999,4,10012444.459999999,2021-07-19,9491.01000000164,979.0,10638494.010000002,2021-07-19,6025421.385,380.0,10151081.385,2021-07-19,6025421.385,380.0,10151081.385,4.0,2021-07-19,9958143.43,4.0,10001571.43
2019-04-16,5254.4000000003725,320,12129734.4,2019-04-16,6057527.865,114,10376873.865,2019-04-16,7882048.79,53,9890165.79,2,2019-04-16,9860908.459999999,4,10012464.459999999,2021-07-20,9491.01000000164,979.0,10574859.010000002,2021-07-20,6025421.385,380.0,10126381.385,2021-07-20,6025421.385,380.0,10126381.385,4.0,2021-07-20,9958143.43,4.0,10001311.43
2019-04-17,5254.4000000003725,320,12194054.4,2019-04-17,6057527.865,114,10399787.865,2019-04-17,7882048.79,53,9900818.79,2,2019-04-17,9860908.459999999,4,10013268.459999999,2021-07-21,9491.01000000164,979.0,10710940.010000002,2021-07-21,6025421.385,380.0,10179201.385,2021-07-21,6025421.385,380.0,10179201.385,4.0,2021-07-21,9958143.43,4.0,10001867.43
2019-04-18,5254.4000000003725,320,12167494.4,2019-04-18,6057527.865,114,10390325.865,2019-04-18,7882048.79,53,9896419.79,2,2019-04-18,9860908.459999999,4,10012936.459999999,2021-07-22,9491.01000000164,979.0,10779470.010000002,2021-07-22,6025421.385,380.0,10205801.385,2021-07-22,6025421.385,380.0,10205801.385,4.0,2021-07-22,9958143.43,4.0,10002147.43
2019-04-19,5254.4000000003725,320,12250054.4,2019-04-19,6057527.865,114,10419737.865,2019-04-19,7882048.79,53,9910093.79,2,2019-04-19,9860908.459999999,4,10013968.459999999,2021-07-23,9491.01000000164,979.0,10838210.010000002,2021-07-23,6025421.385,380.0,10228601.385,2021-07-23,6921307.08,283.0,10051570.08,3.0,2021-07-23,9958143.43,4.0,10002387.43
2019-04-22,5254.4000000003725,320,12298054.4,2019-04-22,6057527.865,114,10436837.865,2019-04-22,7882048.79,53,9918043.79,2,2019-04-22,9860908.459999999,4,10014568.459999999,2021-07-26,9491.01000000164,979.0,10901845.010000002,2021-07-26,6025421.385,380.0,10253301.385,2021-07-26,6921307.08,283.0,10069965.08,3.0,2021-07-26,9958143.43,4.0,10002647.43
2019-04-23,5254.4000000003725,320,12328134.4,2019-04-23,6057527.865,114,10447553.865,2019-04-23,7882048.79,53,9923025.79,2,2019-04-23,9860908.459999999,4,10014944.459999999,2021-07-27,9491.01000000164,979.0,10901845.010000002,2021-07-27,6025421.385,380.0,10253301.385,2021-07-27,6921307.08,283.0,10069965.08,3.0,2021-07-27,9958143.43,4.0,10002647.43
2019-04-24,5254.4000000003725,320,12502534.4,2019-04-24,6057527.865,114,10509683.865,2019-04-24,8762521.22,26,9777925.22,1,2019-04-24,9860908.459999999,4,10017124.459999999,2021-07-28,9491.01000000164,979.0,10921425.010000002,2021-07-28,6025421.385,380.0,10260901.385,2021-07-28,6921307.08,283.0,10075625.08,3.0,2021-07-28,9958143.43,4.0,10002727.43
2019-04-25,5254.4000000003725,320,12662854.4,2019-04-25,6057527.865,114,10566797.865,2019-04-25,8762521.22,26,9790951.22,1,2019-04-25,9860908.459999999,4,10019128.459999999,2021-07-29,9491.01000000164,979.0,10848000.010000002,2021-07-29,6025421.385,380.0,10232401.385,2021-07-29,6921307.08,283.0,10054400.08,3.0,2021-07-29,9958143.43,4.0,10002427.43
2019-04-26,5254.4000000003725,320,12689414.4,2019-04-26,6057527.865,114,10576259.865,2019-04-26,8762521.22,26,9793109.22,1,2019-04-26,9860908.459999999,4,10019460.459999999,2021-07-30,9491.01000000164,979.0,10828420.010000002,2021-07-30,6025421.385,380.0,10224801.385,2021-07-30,6921307.08,283.0,10048740.08,3.0,2021-07-30,9958143.43,4.0,10002347.43
2019-04-29,5254.4000000003725,320,12667654.4,2019-04-29,6057527.865,114,10568507.865,2019-04-29,8762521.22,26,9791341.22,1,2019-04-29,9860908.459999999,4,10019188.459999999,2021-08-02,9491.01000000164,979.0,10931215.010000002,2021-08-02,5028967.465,468.0,10249975.465,2021-08-02,5924853.16,371.0,10063729.16,4.0,2021-08-02,9946820.09,5.0,10002600.09
2019-04-30,5254.4000000003725,320,12751174.4,2019-04-30,6057527.865,114,10598261.865,2019-04-30,8762521.22,26,9798127.22,1,2019-04-30,9860908.459999999,4,10020232.459999999,2021-08-03,9491.01000000164,979.0,10852895.010000002,2021-08-03,5028967.465,468.0,10212535.465,2021-08-03,5924853.16,371.0,10034049.16,4.0,2021-08-03,9946820.09,5.0,10002200.09
2019-05-02,5254.4000000003725,320,12674054.4,2019-05-02,5093115.465,138,10556535.465,2019-05-02,7798108.82,50,9777608.82,2,2019-05-02,9820724.61,5,10018674.61,2021-08-04,9491.01000000164,979.0,10862685.010000002,2021-08-04,5028967.465,468.0,10217215.465,2021-08-04,5924853.16,371.0,10037759.16,4.0,2021-08-04,9946820.09,5.0,10002250.09
2019-05-03,5254.4000000003725,320,12691014.4,2019-05-03,5093115.465,138,10563849.465,2019-05-03,7798108.82,50,9780258.82,2,2019-05-03,9820724.61,5,10018939.61,2021-08-05,9491.01000000164,979.0,10828420.010000002,2021-08-05,5028967.465,468.0,10200835.465,2021-08-05,5924853.16,371.0,10024774.16,4.0,2021-08-05,9946820.09,5.0,10002075.09
2019-05-07,5254.4000000003725,320,12666054.4,2019-05-07,5093115.465,138,10553085.465,2019-05-07,7798108.82,50,9776358.82,2,2019-05-07,9820724.61,5,10018549.61,2021-08-06,9491.01000000164,979.0,10857790.010000002,2021-08-06,5028967.465,468.0,10214875.465,2021-08-06,5924853.16,371.0,10035904.16,4.0,2021-08-06,9946820.09,5.0,10002225.09
2019-05-08,5254.4000000003725,320,12480454.4,2019-05-08,5093115.465,138,10473045.465,2019-05-08,7798108.82,50,9747358.82,2,2019-05-08,9820724.61,5,10015649.61,2021-08-09,9491.01000000164,979.0,10872475.010000002,2021-08-09,5028967.465,468.0,10221895.465,2021-08-09,5924853.16,371.0,10041469.16,4.0,2021-08-09,9946820.09,5.0,10002300.09
2019-05-09,5254.4000000003725,320,12485254.4,2019-05-09,5093115.465,138,10475115.465,2019-05-09,7798108.82,50,9748108.82,2,2019-05-09,9820724.61,5,10015724.61,2021-08-10,9491.01000000164,979.0,10931215.010000002,2021-08-10,5028967.465,468.0,10249975.465,2021-08-10,5924853.16,371.0,10063729.16,4.0,2021-08-10,9946820.09,5.0,10002600.09
2019-05-10,5254.4000000003725,320,12472774.4,2019-05-10,5093115.465,138,10469733.465,2019-05-10,7798108.82,50,9746158.82,2,2019-05-10,9820724.61,5,10015529.61,2021-08-11,9491.01000000164,979.0,11018346.010000002,2021-08-11,5028967.465,468.0,10291627.465,2021-08-11,6826252.36,275.0,9918627.36,3.0,2021-08-11,9946820.09,5.0,10003045.09
2019-05-13,5254.4000000003725,320,12444934.4,2019-05-13,5093115.465,138,10457727.465,2019-05-13,7798108.82,50,9741808.82,2,2019-05-13,9820724.61,5,10015094.61,2021-08-12,9491.01000000164,979.0,11091771.010000002,2021-08-12,5028967.465,468.0,10326727.465,2021-08-12,6826252.36,275.0,9939252.36,3.0,2021-08-12,9946820.09,5.0,10003420.09
2019-05-14,5254.4000000003725,320,12226054.4,2019-05-14,5093115.465,138,10363335.465,2019-05-14,7798108.82,50,9707608.82,2,2019-05-14,9820724.61,5,10011674.61,2021-08-13,9491.01000000164,979.0,11199461.010000002,2021-08-13,5028967.465,468.0,10378207.465,2021-08-13,7732937.11,180.0,9790337.11,2.0,2021-08-13,9946820.09,5.0,10003970.09
2019-05-15,5254.4000000003725,320,12404934.4,2019-05-15,5093115.465,138,10440477.465,2019-05-15,7798108.82,50,9735558.82,2,2019-05-15,9820724.61,5,10014469.61,2021-08-17,9491.01000000164,979.0,11297361.010000002,2021-08-17,5028967.465,468.0,10425007.465,2021-08-17,7732937.11,180.0,9808337.11,2.0,2021-08-17,9946820.09,5.0,10004470.09
2019-05-16,5254.4000000003725,320,12474374.4,2019-05-16,5093115.465,138,10470423.465,2019-05-16,7798108.82,50,9746408.82,2,2019-05-16,9820724.61,5,10015554.61,2021-08-18,9491.01000000164,979.0,11179881.010000002,2021-08-18,5028967.465,468.0,10368847.465,2021-08-18,7732937.11,180.0,9786737.11,2.0,2021-08-18,9946820.09,5.0,10003870.09
2019-05-17,5254.4000000003725,320,12641414.4,2019-05-17,5093115.465,138,10542459.465,2019-05-17,7798108.82,50,9772508.82,2,2019-05-17,9820724.61,5,10018164.61,2021-08-19,9491.01000000164,979.0,11057506.010000002,2021-08-19,5028967.465,468.0,10310347.465,2021-08-19,7732937.11,180.0,9764237.11,2.0,2021-08-19,9946820.09,5.0,10003245.09
2019-05-20,5254.4000000003725,320,12624134.4,2019-05-20,5093115.465,138,10535007.465,2019-05-20,7798108.82,50,9769808.82,2,2019-05-20,9820724.61,5,10017894.61,2021-08-20,9491.01000000164,979.0,11145616.010000002,2021-08-20,5028967.465,468.0,10352467.465,2021-08-20,7732937.11,180.0,9780437.11,2.0,2021-08-20,9946820.09,5.0,10003695.09
2019-05-21,5254.4000000003725,320,12436614.4,2019-05-21,5093115.465,138,10454139.465,2019-05-21,7798108.82,50,9740508.82,2,2019-05-21,9820724.61,5,10014964.61,2021-08-23,9491.01000000164,979.0,11223936.010000002,2021-08-23,5028967.465,468.0,10389907.465,2021-08-23,7732937.11,180.0,9794837.11,2.0,2021-08-23,9946820.09,5.0,10004095.09
2019-05-22,5254.4000000003725,320,12443334.4,2019-05-22,5093115.465,138,10457037.465,2019-05-22,7798108.82,50,9741558.82,2,2019-05-22,9820724.61,5,10015069.61,2021-08-24,9491.01000000164,979.0,11248411.010000002,2021-08-24,5028967.465,468.0,10401607.465,2021-08-24,7732937.11,180.0,9799337.11,2.0,2021-08-24,9946820.09,5.0,10004220.09
2019-05-23,5254.4000000003725,320,12293254.4,2019-05-23,5093115.465,138,10392315.465,2019-05-23,7798108.82,50,9718108.82,2,2019-05-23,9820724.61,5,10012724.61,2021-08-25,9491.01000000164,979.0,11253306.010000002,2021-08-25,5028967.465,468.0,10403947.465,2021-08-25,7732937.11,180.0,9800237.11,2.0,2021-08-25,9946820.09,5.0,10004245.09
2019-05-24,5254.4000000003725,320,12235654.4,2019-05-24,5093115.465,138,10367475.465,2019-05-24,7798108.82,50,9709108.82,2,2019-05-24,9820724.61,5,10011824.61,2021-08-26,9491.01000000164,979.0,11287571.010000002,2021-08-26,5028967.465,468.0,10420327.465,2021-08-26,7732937.11,180.0,9806537.11,2.0,2021-08-26,9946820.09,5.0,10004420.09
2019-05-27,5254.4000000003725,320,12139334.4,2019-05-27,5093115.465,138,10325937.465,2019-05-27,7798108.82,50,9694058.82,2,2019-05-27,9820724.61,5,10010319.61,2021-08-27,9491.01000000164,979.0,11267991.010000002,2021-08-27,5028967.465,468.0,10410967.465,2021-08-27,7732937.11,180.0,9802937.11,2.0,2021-08-27,9946820.09,5.0,10004320.09
2019-05-28,5254.4000000003725,320,12192454.4,2019-05-28,5093115.465,138,10348845.465,2019-05-28,7798108.82,50,9702358.82,2,2019-05-28,9820724.61,5,10011149.61,2021-08-30,9491.01000000164,979.0,11311067.010000002,2021-08-30,5028967.465,468.0,10431559.465,2021-08-30,7732937.11,180.0,9810857.11,2.0,2021-08-30,9946820.09,5.0,10004540.09
2019-05-29,5254.4000000003725,320,12082374.4,2019-05-29,5093115.465,138,10301373.465,2019-05-29,7798108.82,50,9685158.82,2,2019-05-29,9820724.61,5,10009429.61,2021-08-31,9491.01000000164,979.0,11325752.010000002,2021-08-31,5028967.465,468.0,10438579.465,2021-08-31,7732937.11,180.0,9813557.11,2.0,2021-08-31,9946820.09,5.0,10004615.09
2019-05-30,5254.4000000003725,320,12030854.4,2019-05-30,5093115.465,138,10279155.465,2019-05-30,7798108.82,50,9677108.82,2,2019-05-30,9820724.61,5,10008624.61,2021-09-01,9491.01000000164,979.0,11292466.010000002,2021-09-01,4034648.09,553.0,10407973.09,2021-09-01,6738617.735,265.0,9792742.735,3.0,2021-09-01,9935122.215,6.0,10004272.215
2019-05-31,5254.4000000003725,320,11992134.4,2019-05-31,5093115.465,138,10262457.465,2019-05-31,7798108.82,50,9671058.82,2,2019-05-31,9820724.61,5,10008019.61,2021-09-02,9491.01000000164,979.0,11287571.010000002,2021-09-02,4034648.09,553.0,10405208.09,2021-09-02,6738617.735,265.0,9791417.735,3.0,2021-09-02,9935122.215,6.0,10004242.215
2019-06-03,5254.4000000003725,320,11751174.4,2019-06-03,4124444.125,164,10144228.125,2019-06-03,6829437.48,76,9619093.48,3,2019-06-03,9783468.02,6,10003704.02,2021-09-03,9491.01000000164,979.0,11306172.010000002,2021-09-03,4034648.09,553.0,10415715.09,2021-09-03,6738617.735,265.0,9796452.735,3.0,2021-09-03,9935122.215,6.0,10004356.215
2019-06-04,5254.4000000003725,320,11579334.4,2019-06-04,4124444.125,164,10056160.125,2019-06-04,6829437.48,76,9578281.48,3,2019-06-04,9783468.02,6,10000482.02,2021-09-06,9491.01000000164,979.0,11287571.010000002,2021-09-06,4034648.09,553.0,10405208.09,2021-09-06,6738617.735,265.0,9791417.735,3.0,2021-09-06,9935122.215,6.0,10004242.215
2019-06-05,5254.4000000003725,320,11890374.4,2019-06-05,4124444.125,164,10215568.125,2019-06-05,6829437.48,76,9652153.48,3,2019-06-05,9783468.02,6,10006314.02,2021-09-07,9491.01000000164,979.0,11306172.010000002,2021-09-07,4034648.09,553.0,10415715.09,2021-09-07,6738617.735,265.0,9796452.735,3.0,2021-09-07,9935122.215,6.0,10004356.215
2019-06-07,5254.4000000003725,320,12008774.4,2019-06-07,4124444.125,164,10276248.125,2019-06-07,6829437.48,76,9680273.48,3,2019-06-07,9783468.02,6,10008534.02,2021-09-08,9491.01000000164,979.0,11340437.010000002,2021-09-08,4034648.09,553.0,10435070.09,2021-09-08,6738617.735,265.0,9805727.735,3.0,2021-09-08,9935122.215,6.0,10004566.215
2019-06-10,5254.4000000003725,320,12401734.4,2019-06-10,4124444.125,164,10477640.125,2019-06-10,6829437.48,76,9773601.48,3,2019-06-10,9783468.02,6,10015902.02,2021-09-09,9491.01000000164,979.0,11306172.010000002,2021-09-09,4034648.09,553.0,10415715.09,2021-09-09,6738617.735,265.0,9796452.735,3.0,2021-09-09,9935122.215,6.0,10004356.215
2019-06-11,5254.4000000003725,320,12404934.4,2019-06-11,4124444.125,164,10479280.125,2019-06-11,6829437.48,76,9774361.48,3,2019-06-11,9783468.02,6,10015962.02,2021-09-10,9491.01000000164,979.0,11325752.010000002,2021-09-10,4034648.09,553.0,10426775.09,2021-09-10,6738617.735,265.0,9801752.735,3.0,2021-09-10,9935122.215,6.0,10004476.215
2019-06-12,5254.4000000003725,320,12356294.4,2019-06-12,4124444.125,164,10454352.125,2019-06-12,6829437.48,76,9762809.48,3,2019-06-12,9783468.02,6,10015050.02,2021-09-13,9491.01000000164,979.0,11311067.010000002,2021-09-13,4034648.09,553.0,10418480.09,2021-09-13,6738617.735,265.0,9797777.735,3.0,2021-09-13,9935122.215,6.0,10004386.215
2019-06-13,5254.4000000003725,320,12335814.4,2019-06-13,4124444.125,164,10443856.125,2019-06-13,6829437.48,76,9757945.48,3,2019-06-13,9783468.02,6,10014666.02,2021-09-14,9491.01000000164,979.0,11277781.010000002,2021-09-14,4034648.09,553.0,10399678.09,2021-09-14,6738617.735,265.0,9788767.735,3.0,2021-09-14,9935122.215,6.0,10004182.215
2019-06-14,5254.4000000003725,320,12423814.4,2019-06-14,4124444.125,164,10488956.125,2019-06-14,6829437.48,76,9778845.48,3,2019-06-14,9783468.02,6,10016316.02,2021-09-15,9491.01000000164,979.0,11194566.010000002,2021-09-15,4034648.09,553.0,10352673.09,2021-09-15,6738617.735,265.0,9766242.735,3.0,2021-09-15,9935122.215,6.0,10003672.215
2019-06-17,5254.4000000003725,320,12486854.4,2019-06-17,4124444.125,164,10521264.125,2019-06-17,6829437.48,76,9793817.48,3,2019-06-17,9783468.02,6,10017498.02,2021-09-16,9491.01000000164,979.0,11282676.010000002,2021-09-16,4034648.09,553.0,10402443.09,2021-09-16,6738617.735,265.0,9790092.735,3.0,2021-09-16,9935122.215,6.0,10004212.215
2019-06-18,5254.4000000003725,320,12496134.4,2019-06-18,4124444.125,164,10526020.125,2019-06-18,6829437.48,76,9796021.48,3,2019-06-18,9783468.02,6,10017672.02,2021-09-17,9491.01000000164,979.0,11301277.010000002,2021-09-17,4034648.09,553.0,10412950.09,2021-09-17,6738617.735,265.0,9795127.735,3.0,2021-09-17,9935122.215,6.0,10004326.215
2019-06-19,5254.4000000003725,320,12592454.4,2019-06-19,4124444.125,164,10575384.125,2019-06-19,6829437.48,76,9818897.48,3,2019-06-19,9783468.02,6,10019478.02,2021-09-23,9491.01000000164,979.0,11150511.010000002,2021-09-23,4034648.09,553.0,10327788.09,2021-09-23,6738617.735,265.0,9754317.735,3.0,2021-09-23,9935122.215,6.0,10003402.215
2019-06-20,5254.4000000003725,320,12625734.4,2019-06-20,4124444.125,164,10592440.125,2019-06-20,6829437.48,76,9826801.48,3,2019-06-20,9783468.02,6,10020102.02,2021-09-24,9491.01000000164,979.0,11248411.010000002,2021-09-24,4034648.09,553.0,10383088.09,2021-09-24,6738617.735,265.0,9780817.735,3.0,2021-09-24,9935122.215,6.0,10004002.215
2019-06-21,5254.4000000003725,320,12535814.4,2019-06-21,4124444.125,164,10546356.125,2019-06-21,6829437.48,76,9805445.48,3,2019-06-21,9783468.02,6,10018416.02,2021-09-27,9491.01000000164,979.0,11325752.010000002,2021-09-27,4034648.09,553.0,10426775.09,2021-09-27,6738617.735,265.0,9801752.735,3.0,2021-09-27,9935122.215,6.0,10004476.215
2019-06-24,5254.4000000003725,320,12616134.4,2019-06-24,4124444.125,164,10587520.125,2019-06-24,6829437.48,76,9824521.48,3,2019-06-24,9783468.02,6,10019922.02,2021-09-28,9491.01000000164,979.0,11297361.010000002,2021-09-28,4034648.09,553.0,10410738.09,2021-09-28,6738617.735,265.0,9794067.735,3.0,2021-09-28,9935122.215,6.0,10004302.215
2019-06-25,5254.4000000003725,320,12507334.4,2019-06-25,4124444.125,164,10531760.125,2019-06-25,6829437.48,76,9798681.48,3,2019-06-25,9783468.02,6,10017882.02,2021-09-29,9491.01000000164,979.0,11126036.010000002,2021-09-29,4034648.09,553.0,10313963.09,2021-09-29,6738617.735,265.0,9747692.735,3.0,2021-09-29,9935122.215,6.0,10003252.215
2019-06-26,5254.4000000003725,320,12350214.4,2019-06-26,4124444.125,164,10451236.125,2019-06-26,6829437.48,76,9761365.48,3,2019-06-26,9783468.02,6,10014936.02,2021-09-30,9491.01000000164,979.0,11184776.010000002,2021-09-30,4034648.09,553.0,10347143.09,2021-09-30,6738617.735,265.0,9763592.735,3.0,2021-09-30,9935122.215,6.0,10003612.215
2019-06-27,5254.4000000003725,320,12482054.4,2019-06-27,4124444.125,164,10518804.125,2019-06-27,6829437.48,76,9792677.48,3,2019-06-27,9783468.02,6,10017408.02,2021-10-01,9491.01000000164,979.0,10931215.010000002,2021-10-01,3038194.17,641.0,10189190.17,2021-10-01,5742163.815,353.0,9680231.815000001,4.0,2021-10-01,9923798.875,7.0,10001890.875
2019-06-28,5254.4000000003725,320,12414214.4,2019-06-28,4124444.125,164,10484036.125,2019-06-28,6829437.48,76,9776565.48,3,2019-06-28,9783468.02,6,10016136.02,2021-10-05,9491.01000000164,979.0,10993871.010000002,2021-10-05,3038194.17,641.0,10230214.17,2021-10-05,5742163.815,353.0,9702823.815000001,4.0,2021-10-05,9923798.875,7.0,10002338.875
2019-07-01,5254.4000000003725,320,12679814.4,2019-07-01,3159593.245,188,10605897.245000001,2019-07-01,5864586.600000001,100,9825386.600000001,4,2019-07-01,9743265.9,7,10020521.9,2021-10-06,9491.01000000164,979.0,11067296.010000002,2021-10-06,3038194.17,641.0,10278289.17,2021-10-06,5742163.815,353.0,9729298.815000001,4.0,2021-10-06,9923798.875,7.0,10002863.875
2019-07-02,5254.4000000003725,320,12759174.4,2019-07-02,3159593.245,188,10652521.245000001,2019-07-02,5864586.600000001,100,9850186.600000001,4,2019-07-02,9743265.9,7,10022257.9,2021-10-07,9491.01000000164,979.0,11248411.010000002,2021-10-07,3038194.17,641.0,10396874.17,2021-10-07,5742163.815,353.0,9794603.815000001,4.0,2021-10-07,9923798.875,7.0,10004158.875
2019-07-03,5254.4000000003725,320,12788614.4,2019-07-03,3159593.245,188,10669817.245000001,2019-07-03,5864586.600000001,100,9859386.600000001,4,2019-07-03,9743265.9,7,10022901.9,2021-10-08,9491.01000000164,979.0,11311067.010000002,2021-10-08,3038194.17,641.0,10437898.17,2021-10-08,5742163.815,353.0,9817195.815000001,4.0,2021-10-08,9923798.875,7.0,10004606.875
2019-07-04,5254.4000000003725,320,12893574.4,2019-07-04,3159593.245,188,10731481.245000001,2019-07-04,5864586.600000001,100,9892186.600000001,4,2019-07-04,9743265.9,7,10025197.9,2021-10-12,9491.01000000164,979.0,11189671.010000002,2021-10-12,3038194.17,641.0,10358414.17,2021-10-12,5742163.815,353.0,9773423.815000001,4.0,2021-10-12,9923798.875,7.0,10003738.875
2019-07-05,5254.4000000003725,320,12970374.4,2019-07-05,3159593.245,188,10776601.245000001,2019-07-05,6744188.960000001,74,9742372.96,3,2019-07-05,9743265.9,7,10026877.9,2021-10-13,9491.01000000164,979.0,11155406.010000002,2021-10-13,3038194.17,641.0,10335979.17,2021-10-13,5742163.815,353.0,9761068.815000001,4.0,2021-10-13,9923798.875,7.0,10003493.875
2019-07-08,5254.4000000003725,320,12898374.4,2019-07-08,3159593.245,188,10734301.245000001,2019-07-08,6744188.960000001,74,9725722.96,3,2019-07-08,9743265.9,7,10025302.9,2021-10-14,9491.01000000164,979.0,11199461.010000002,2021-10-14,3038194.17,641.0,10364824.17,2021-10-14,5742163.815,353.0,9776953.815000001,4.0,2021-10-14,9923798.875,7.0,10003808.875
2019-07-09,5254.4000000003725,320,12819974.4,2019-07-09,3159593.245,188,10688241.245000001,2019-07-09,6744188.960000001,74,9707592.96,3,2019-07-09,9743265.9,7,10023587.9,2021-10-15,9491.01000000164,979.0,11320857.010000002,2021-10-15,3038194.17,641.0,10444308.17,2021-10-15,5742163.815,353.0,9820725.815000001,4.0,2021-10-15,9923798.875,7.0,10004676.875
2019-07-10,5254.4000000003725,320,12961094.4,2019-07-10,3159593.245,188,10771149.245000001,2019-07-10,6744188.960000001,74,9740226.96,3,2019-07-10,9743265.9,7,10026674.9,2021-10-18,9491.01000000164,979.0,11369807.010000002,2021-10-18,3038194.17,641.0,10476358.17,2021-10-18,5742163.815,353.0,9838375.815000001,4.0,2021-10-18,9923798.875,7.0,10005026.875
2019-07-11,5254.4000000003725,320,13007814.4,2019-07-11,3159593.245,188,10798597.245000001,2019-07-11,6744188.960000001,74,9751030.96,3,2019-07-11,9743265.9,7,10027696.9,2021-10-19,9491.01000000164,979.0,11394282.010000002,2021-10-19,3038194.17,641.0,10492383.17,2021-10-19,5742163.815,353.0,9847200.815000001,4.0,2021-10-19,9923798.875,7.0,10005201.875
2019-07-12,5254.4000000003725,320,13097414.4,2019-07-12,3159593.245,188,10851237.245000001,2019-07-12,7632410.190000001,48,9596234.190000001,2,2019-07-12,9743265.9,7,10029656.9,2021-10-20,9491.01000000164,979.0,11394282.010000002,2021-10-20,3038194.17,641.0,10492383.17,2021-10-20,5742163.815,353.0,9847200.815000001,4.0,2021-10-20,9923798.875,7.0,10005201.875
2019-07-15,5254.4000000003725,320,13161094.4,2019-07-15,3159593.245,188,10888649.245000001,2019-07-15,7632410.190000001,48,9605786.190000001,2,2019-07-15,9743265.9,7,10031049.9,2021-10-21,9491.01000000164,979.0,11457917.010000002,2021-10-21,3038194.17,641.0,10534048.17,2021-10-21,5742163.815,353.0,9870145.815000001,4.0,2021-10-21,9923798.875,7.0,10005656.875
2019-07-16,5254.4000000003725,320,13178374.4,2019-07-16,3159593.245,188,10898801.245000001,2019-07-16,7632410.190000001,48,9608378.190000001,2,2019-07-16,9743265.9,7,10031427.9,2021-10-22,9491.01000000164,979.0,11506867.010000002,2021-10-22,3038194.17,641.0,10566098.17,2021-10-22,5742163.815,353.0,9887795.815000001,4.0,2021-10-22,9923798.875,7.0,10006006.875
2019-07-17,5254.4000000003725,320,13129094.4,2019-07-17,3159593.245,188,10869849.245000001,2019-07-17,7632410.190000001,48,9600986.190000001,2,2019-07-17,9743265.9,7,10030349.9,2021-10-25,9491.01000000164,979.0,11433442.010000002,2021-10-25,3038194.17,641.0,10518023.17,2021-10-25,5742163.815,353.0,9861320.815000001,4.0,2021-10-25,9923798.875,7.0,10005481.875
2019-07-18,5254.4000000003725,320,12973254.4,2019-07-18,3159593.245,188,10778293.245000001,2019-07-18,7632410.190000001,48,9577610.190000001,2,2019-07-18,9743265.9,7,10026940.9,2021-10-26,9491.01000000164,979.0,11506867.010000002,2021-10-26,3038194.17,641.0,10566098.17,2021-10-26,5742163.815,353.0,9887795.815000001,4.0,2021-10-26,9923798.875,7.0,10006006.875
2019-07-19,5254.4000000003725,320,13047174.4,2019-07-19,3159593.245,188,10821721.245000001,2019-07-19,7632410.190000001,48,9588698.190000001,2,2019-07-19,9743265.9,7,10028557.9,2021-10-27,9491.01000000164,979.0,11536237.010000002,2021-10-27,3038194.17,641.0,10585328.17,2021-10-27,6646642.495,261.0,9719656.495000001,3.0,2021-10-27,9923798.875,7.0,10006216.875
2019-07-22,5254.4000000003725,320,12914054.4,2019-07-22,3159593.245,188,10743513.245000001,2019-07-22,7632410.190000001,48,9568730.190000001,2,2019-07-22,9743265.9,7,10025645.9,2021-10-28,9491.01000000164,979.0,11482392.010000002,2021-10-28,3038194.17,641.0,10550073.17,2021-10-28,6646642.495,261.0,9705301.495000001,3.0,2021-10-28,9923798.875,7.0,10005831.875
2019-07-23,5254.4000000003725,320,13041094.4,2019-07-23,3159593.245,188,10818149.245000001,2019-07-23,7632410.190000001,48,9587786.190000001,2,2019-07-23,9743265.9,7,10028424.9,2021-10-29,9491.01000000164,979.0,11497077.010000002,2021-10-29,3038194.17,641.0,10559688.17,2021-10-29,6646642.495,261.0,9709216.495000001,3.0,2021-10-29,9923798.875,7.0,10005936.875
2019-07-24,5254.4000000003725,320,13102214.4,2019-07-24,3159593.245,188,10854057.245000001,2019-07-24,7632410.190000001,48,9596954.190000001,2,2019-07-24,9743265.9,7,10029761.9,2021-11-01,9491.01000000164,979.0,11667423.010000002,2021-11-01,2047091.33,723.0,10656575.33,2021-11-01,5655539.655,343.0,9739983.655000001,4.0,2021-11-01,9911712.255,8.0,10006976.255
2019-07-25,5254.4000000003725,320,13209094.4,2019-07-25,3159593.245,188,10916849.245000001,2019-07-25,7632410.190000001,48,9612986.190000001,2,2019-07-25,9743265.9,7,10032099.9,2021-11-02,9491.01000000164,979.0,11647843.010000002,2021-11-02,2047091.33,723.0,10642115.33,2021-11-02,5655539.655,343.0,9733123.655000001,4.0,2021-11-02,9911712.255,8.0,10006816.255
2019-07-26,5254.4000000003725,320,13235654.4,2019-07-26,3159593.245,188,10932453.245000001,2019-07-26,7632410.190000001,48,9616970.190000001,2,2019-07-26,9743265.9,7,10032680.9,2021-11-03,9491.01000000164,979.0,11755533.010000002,2021-11-03,2047091.33,723.0,10721645.33,2021-11-03,5655539.655,343.0,9770853.655000001,4.0,2021-11-03,9911712.255,8.0,10007696.255
2019-07-29,5254.4000000003725,320,13246534.4,2019-07-29,3159593.245,188,10938845.245000001,2019-07-29,7632410.190000001,48,9618602.190000001,2,2019-07-29,9743265.9,7,10032918.9,2021-11-04,9491.01000000164,979.0,11863223.010000002,2021-11-04,2047091.33,723.0,10801175.33,2021-11-04,5655539.655,343.0,9808583.655000001,4.0,2021-11-04,9911712.255,8.0,10008576.255
2019-07-30,5254.4000000003725,320,13253894.4,2019-07-30,3159593.245,188,10943169.245000001,2019-07-30,7632410.190000001,48,9619706.190000001,2,2019-07-30,9743265.9,7,10033079.9,2021-11-05,9491.01000000164,979.0,11936648.010000002,2021-11-05,2047091.33,723.0,10855400.33,2021-11-05,5655539.655,343.0,9834308.655000001,4.0,2021-11-05,9911712.255,8.0,10009176.255
2019-07-31,5254.4000000003725,320,13207494.4,2019-07-31,3159593.245,188,10915909.245000001,2019-07-31,7632410.190000001,48,9612746.190000001,2,2019-07-31,9743265.9,7,10032064.9,2021-11-08,9491.01000000164,979.0,11941543.010000002,2021-11-08,2047091.33,723.0,10859015.33,2021-11-08,5655539.655,343.0,9836023.655000001,4.0,2021-11-08,9911712.255,8.0,10009216.255
2019-08-01,5254.4000000003725,320,13069574.4,2019-08-01,2165071.8850000002,212,10820183.885,2019-08-01,6637888.830000002,72,9577360.830000002,3,2019-08-01,9701827.51,8,10028435.51,2021-11-09,9491.01000000164,979.0,11887698.010000002,2021-11-09,2047091.33,723.0,10819250.33,2021-11-09,5655539.655,343.0,9817158.655000001,4.0,2021-11-09,9911712.255,8.0,10008776.255
2019-08-02,5254.4000000003725,320,12995334.4,2019-08-02,2165071.8850000002,212,10770999.885,2019-08-02,6637888.830000002,72,9560656.830000002,3,2019-08-02,9701827.51,8,10026579.51,2021-11-10,9491.01000000164,979.0,11873013.010000002,2021-11-10,2047091.33,723.0,10808405.33,2021-11-10,5655539.655,343.0,9812013.655000001,4.0,2021-11-10,9911712.255,8.0,10008656.255
2019-08-05,5254.4000000003725,320,12932934.4,2019-08-05,2165071.8850000002,212,10729659.885,2019-08-05,6637888.830000002,72,9546616.830000002,3,2019-08-05,9701827.51,8,10025019.51,2021-11-11,9491.01000000164,979.0,11824063.010000002,2021-11-11,2047091.33,723.0,10772255.33,2021-11-11,5655539.655,343.0,9794863.655000001,4.0,2021-11-11,9911712.255,8.0,10008256.255
2019-08-06,5254.4000000003725,320,12655174.4,2019-08-06,2165071.8850000002,212,10545643.885,2019-08-06,6637888.830000002,72,9484120.830000002,3,2019-08-06,9701827.51,8,10018075.51,2021-11-12,9491.01000000164,979.0,11824063.010000002,2021-11-12,2047091.33,723.0,10772255.33,2021-11-12,5655539.655,343.0,9794863.655000001,4.0,2021-11-12,9911712.255,8.0,10008256.255
2019-08-07,5254.4000000003725,320,12738694.4,2019-08-07,2165071.8850000002,212,10600975.885,2019-08-07,6637888.830000002,72,9502912.830000002,3,2019-08-07,9701827.51,8,10020163.51,2021-11-15,9491.01000000164,979.0,11882803.010000002,2021-11-15,2047091.33,723.0,10815635.33,2021-11-15,5655539.655,343.0,9815443.655000001,4.0,2021-11-15,9911712.255,8.0,10008736.255
2019-08-08,5254.4000000003725,320,12893574.4,2019-08-08,2165071.8850000002,212,10703583.885,2019-08-08,6637888.830000002,72,9537760.830000002,3,2019-08-08,9701827.51,8,10024035.51,2021-11-16,9491.01000000164,979.0,11882803.010000002,2021-11-16,2047091.33,723.0,10815635.33,2021-11-16,5655539.655,343.0,9815443.655000001,4.0,2021-11-16,9911712.255,8.0,10008736.255
2019-08-09,5254.4000000003725,320,13027014.4,2019-08-09,2165071.8850000002,212,10791987.885,2019-08-09,6637888.830000002,72,9567784.830000002,3,2019-08-09,9701827.51,8,10027371.51,2021-11-17,9491.01000000164,979.0,11960144.010000002,2021-11-17,2047091.33,723.0,10872752.33,2021-11-17,5655539.655,343.0,9842540.655000001,4.0,2021-11-17,9911712.255,8.0,10009368.255
2019-08-12,5254.4000000003725,320,13100614.4,2019-08-12,2165071.8850000002,212,10840747.885,2019-08-12,6637888.830000002,72,9584344.830000002,3,2019-08-12,9701827.51,8,10029211.51,2021-11-18,9491.01000000164,979.0,11931753.010000002,2021-11-18,2047091.33,723.0,10851785.33,2021-11-18,5655539.655,343.0,9832593.655000001,4.0,2021-11-18,9911712.255,8.0,10009136.255
2019-08-13,5254.4000000003725,320,12945414.4,2019-08-13,2165071.8850000002,212,10737927.885,2019-08-13,6637888.830000002,72,9549424.830000002,3,2019-08-13,9701827.51,8,10025331.51,2021-11-19,9491.01000000164,979.0,12038464.010000002,2021-11-19,2047091.33,723.0,10930592.33,2021-11-19,7461237.175,167.0,9513166.175,2.0,2021-11-19,9911712.255,8.0,10010008.255
2019-08-14,5254.4000000003725,320,13121094.4,2019-08-14,2165071.8850000002,212,10854315.885,2019-08-14,6637888.830000002,72,9588952.830000002,3,2019-08-14,9701827.51,8,10029723.51,2021-11-22,9491.01000000164,979.0,12023779.010000002,2021-11-22,2047091.33,723.0,10919747.33,2021-11-22,7461237.175,167.0,9510661.175,2.0,2021-11-22,9911712.255,8.0,10009888.255
2019-08-16,5254.4000000003725,320,12840774.4,2019-08-16,2165071.8850000002,212,10668603.885,2019-08-16,6637888.830000002,72,9525880.830000002,3,2019-08-16,9701827.51,8,10022715.51,2021-11-23,9491.01000000164,979.0,11969934.010000002,2021-11-23,2047091.33,723.0,10879982.33,2021-11-23,7461237.175,167.0,9501476.175,2.0,2021-11-23,9911712.255,8.0,10009448.255
2019-08-19,5254.4000000003725,320,13028614.4,2019-08-19,2165071.8850000002,212,10793047.885,2019-08-19,6637888.830000002,72,9568144.830000002,3,2019-08-19,9701827.51,8,10027411.51,2021-11-24,9491.01000000164,979.0,11984619.010000002,2021-11-24,2047091.33,723.0,10890827.33,2021-11-24,7461237.175,167.0,9503981.175,2.0,2021-11-24,9911712.255,8.0,10009568.255
2019-08-20,5254.4000000003725,320,13082374.4,2019-08-20,2165071.8850000002,212,10828663.885,2019-08-20,6637888.830000002,72,9580240.830000002,3,2019-08-20,9701827.51,8,10028755.51,2021-11-25,9491.01000000164,979.0,12087414.010000002,2021-11-25,2047091.33,723.0,10966742.33,2021-11-25,7461237.175,167.0,9521516.175,2.0,2021-11-25,9911712.255,8.0,10010408.255
2019-08-21,5254.4000000003725,320,12978054.4,2019-08-21,2165071.8850000002,212,10759551.885,2019-08-21,6637888.830000002,72,9556768.830000002,3,2019-08-21,9701827.51,8,10026147.51,2021-11-26,9491.01000000164,979.0,11941543.010000002,2021-11-26,2047091.33,723.0,10859015.33,2021-11-26,7461237.175,167.0,9496633.175,2.0,2021-11-26,9911712.255,8.0,10009216.255
2019-08-22,5254.4000000003725,320,13035014.4,2019-08-22,2165071.8850000002,212,10797287.885,2019-08-22,6637888.830000002,72,9569584.830000002,3,2019-08-22,9701827.51,8,10027571.51,2021-11-29,9491.01000000164,979.0,11897488.010000002,2021-11-29,2047091.33,723.0,10826480.33,2021-11-29,7461237.175,167.0,9489118.175,2.0,2021-11-29,9911712.255,8.0,10008856.255
2019-08-23,5254.4000000003725,320,13151494.4,2019-08-23,2165071.8850000002,212,10874455.885,2019-08-23,6637888.830000002,72,9595792.830000002,3,2019-08-23,9701827.51,8,10030483.51,2021-11-30,9491.01000000164,979.0,11784903.010000002,2021-11-30,2047091.33,723.0,10743335.33,2021-11-30,7461237.175,167.0,9469913.175,2.0,2021-11-30,9911712.255,8.0,10007936.255
2019-08-26,5254.4000000003725,320,12676934.4,2019-08-26,2165071.8850000002,212,10560059.885,2019-08-26,6637888.830000002,72,9489016.830000002,3,2019-08-26,9701827.51,8,10018619.51,2021-12-01,9491.01000000164,979.0,11721268.010000002,2021-12-01,1051410.8400000003,805.0,10681625.84,2021-12-01,6465556.685,249.0,9444343.684999999,3.0,2021-12-01,9899569.81,9.0,10007236.81
2019-08-27,5254.4000000003725,320,12865734.4,2019-08-27,2165071.8850000002,212,10685139.885,2019-08-27,6637888.830000002,72,9531496.830000002,3,2019-08-27,9701827.51,8,10023339.51,2021-12-02,9491.01000000164,979.0,11497077.010000002,2021-12-02,1051410.8400000003,805.0,10497280.84,2021-12-02,6465556.685,249.0,9387322.684999999,3.0,2021-12-02,9899569.81,9.0,10005175.81
2019-08-28,5254.4000000003725,320,12912454.4,2019-08-28,2165071.8850000002,212,10716091.885,2019-08-28,6637888.830000002,72,9542008.830000002,3,2019-08-28,9701827.51,8,10024507.51,2021-12-03,9491.01000000164,979.0,11657633.010000002,2021-12-03,1051410.8400000003,805.0,10629300.84,2021-12-03,6465556.685,249.0,9428158.684999999,3.0,2021-12-03,9899569.81,9.0,10006651.81
2019-08-29,5254.4000000003725,320,12917254.4,2019-08-29,2165071.8850000002,212,10719271.885,2019-08-29,6637888.830000002,72,9543088.830000002,3,2019-08-29,9701827.51,8,10024627.51,2021-12-06,9491.01000000164,979.0,11633158.010000002,2021-12-06,1051410.8400000003,805.0,10609175.84,2021-12-06,6465556.685,249.0,9421933.684999999,3.0,2021-12-06,9899569.81,9.0,10006426.81
2019-08-30,5254.4000000003725,320,13033414.4,2019-08-30,2165071.8850000002,212,10796227.885,2019-08-30,6637888.830000002,72,9569224.830000002,3,2019-08-30,9701827.51,8,10027531.51,2021-12-07,9491.01000000164,979.0,11735953.010000002,2021-12-07,1051410.8400000003,805.0,10693700.84,2021-12-07,6465556.685,249.0,9448078.684999999,3.0,2021-12-07,9899569.81,9.0,10007371.81
2019-09-02,5254.4000000003725,320,12956294.4,2019-09-02,1179173.9650000003,236,10730565.965,2019-09-02,5651990.910000002,96,9537302.910000002,4,2019-09-02,9660748.43,9,10024996.43,2021-12-08,9491.01000000164,979.0,11917068.010000002,2021-12-08,1051410.8400000003,805.0,10842625.84,2021-12-08,6465556.685,249.0,9494143.684999999,3.0,2021-12-08,9899569.81,9.0,10009036.81
2019-09-03,5254.4000000003725,320,12987334.4,2019-09-03,1179173.9650000003,236,10753457.965,2019-09-03,5651990.910000002,96,9546614.910000002,4,2019-09-03,9660748.43,9,10025869.43,2021-12-09,9491.01000000164,979.0,11882803.010000002,2021-12-09,1051410.8400000003,805.0,10814450.84,2021-12-09,6465556.685,249.0,9485428.684999999,3.0,2021-12-09,9899569.81,9.0,10008721.81
2019-09-04,5254.4000000003725,320,13027014.4,2019-09-04,1179173.9650000003,236,10782721.965,2019-09-04,5651990.910000002,96,9558518.910000002,4,2019-09-04,9660748.43,9,10026985.43,2021-12-10,9491.01000000164,979.0,11882803.010000002,2021-12-10,1051410.8400000003,805.0,10814450.84,2021-12-10,6465556.685,249.0,9485428.684999999,3.0,2021-12-10,9899569.81,9.0,10008721.81
2019-09-05,5254.4000000003725,320,13138374.4,2019-09-05,1179173.9650000003,236,10864849.965,2019-09-05,5651990.910000002,96,9591926.910000002,4,2019-09-05,9660748.43,9,10030117.43,2021-12-13,9491.01000000164,979.0,12004199.010000002,2021-12-13,1051410.8400000003,805.0,10914270.84,2021-12-13,6465556.685,249.0,9516304.684999999,3.0,2021-12-13,9899569.81,9.0,10009837.81
2019-09-06,5254.4000000003725,320,13165894.4,2019-09-06,1179173.9650000003,236,10885145.965,2019-09-06,5651990.910000002,96,9600182.910000002,4,2019-09-06,9660748.43,9,10030891.43,2021-12-14,9491.01000000164,979.0,11912173.010000002,2021-12-14,1051410.8400000003,805.0,10838600.84,2021-12-14,6465556.685,249.0,9492898.684999999,3.0,2021-12-14,9899569.81,9.0,10008991.81
2019-09-09,5254.4000000003725,320,13156294.4,2019-09-09,1179173.9650000003,236,10878065.965,2019-09-09,5651990.910000002,96,9597302.910000002,4,2019-09-09,9660748.43,9,10030621.43,2021-12-15,9491.01000000164,979.0,11863223.010000002,2021-12-15,1051410.8400000003,805.0,10798350.84,2021-12-15,6465556.685,249.0,9480448.684999999,3.0,2021-12-15,9899569.81,9.0,10008541.81
2019-09-10,5254.4000000003725,320,13092934.4,2019-09-10,1179173.9650000003,236,10831337.965,2019-09-10,5651990.910000002,96,9578294.910000002,4,2019-09-10,9660748.43,9,10028839.43,2021-12-16,9491.01000000164,979.0,12048254.010000002,2021-12-16,1051410.8400000003,805.0,10950495.84,2021-12-16,6465556.685,249.0,9527509.684999999,3.0,2021-12-16,9899569.81,9.0,10010242.81
2019-09-11,5254.4000000003725,320,13075974.4,2019-09-11,1179173.9650000003,236,10818829.965,2019-09-11,5651990.910000002,96,9573206.910000002,4,2019-09-11,9660748.43,9,10028362.43,2021-12-17,9491.01000000164,979.0,11868118.010000002,2021-12-17,1051410.8400000003,805.0,10802375.84,2021-12-17,6465556.685,249.0,9481693.684999999,3.0,2021-12-17,9899569.81,9.0,10008586.81
2019-09-16,5254.4000000003725,320,13023814.4,2019-09-16,1179173.9650000003,236,10780361.965,2019-09-16,5651990.910000002,96,9557558.910000002,4,2019-09-16,9660748.43,9,10026895.43,2021-12-20,9491.01000000164,979.0,11687003.010000002,2021-12-20,1051410.8400000003,805.0,10653450.84,2021-12-20,6465556.685,249.0,9435628.684999999,3.0,2021-12-20,9899569.81,9.0,10006921.81
2019-09-17,5254.4000000003725,320,13023814.4,2019-09-17,1179173.9650000003,236,10780361.965,2019-09-17,5651990.910000002,96,9557558.910000002,4,2019-09-17,9660748.43,9,10026895.43,2021-12-21,9491.01000000164,979.0,11833853.010000002,2021-12-21,1051410.8400000003,805.0,10774200.84,2021-12-21,6465556.685,249.0,9472978.684999999,3.0,2021-12-21,9899569.81,9.0,10008271.81
2019-09-18,5254.4000000003725,320,13146054.4,2019-09-18,1179173.9650000003,236,10870513.965,2019-09-18,5651990.910000002,96,9594230.910000002,4,2019-09-18,9660748.43,9,10030333.43,2021-12-22,9491.01000000164,979.0,11941543.010000002,2021-12-22,1051410.8400000003,805.0,10862750.84,2021-12-22,6465556.685,249.0,9500368.684999999,3.0,2021-12-22,9899569.81,9.0,10009261.81
2019-09-19,5254.4000000003725,320,13169094.4,2019-09-19,1179173.9650000003,236,10887505.965,2019-09-19,5651990.910000002,96,9601142.910000002,4,2019-09-19,9660748.43,9,10030981.43,2021-12-23,9491.01000000164,979.0,12018884.010000002,2021-12-23,1051410.8400000003,805.0,10926345.84,2021-12-23,6465556.685,249.0,9520039.684999999,3.0,2021-12-23,9899569.81,9.0,10009972.81
2019-09-20,5254.4000000003725,320,13179974.4,2019-09-20,1179173.9650000003,236,10895529.965,2019-09-20,5651990.910000002,96,9604406.910000002,4,2019-09-20,9660748.43,9,10031287.43,2021-12-24,9491.01000000164,979.0,12082519.010000002,2021-12-24,1051410.8400000003,805.0,10978670.84,2021-12-24,6465556.685,249.0,9536224.684999999,3.0,2021-12-24,9899569.81,9.0,10010557.81
2019-09-23,5254.4000000003725,320,13179974.4,2019-09-23,1179173.9650000003,236,10895529.965,2019-09-23,5651990.910000002,96,9604406.910000002,4,2019-09-23,9660748.43,9,10031287.43,2021-12-27,9491.01000000164,979.0,12087414.010000002,2021-12-27,1051410.8400000003,805.0,10982695.84,2021-12-27,6465556.685,249.0,9537469.684999999,3.0,2021-12-27,9899569.81,9.0,10010602.81
2019-09-24,5254.4000000003725,320,13153094.4,2019-09-24,1179173.9650000003,236,10875705.965,2019-09-24,5651990.910000002,96,9596342.910000002,4,2019-09-24,9660748.43,9,10030531.43,2021-12-28,9491.01000000164,979.0,12268529.010000002,2021-12-28,1051410.8400000003,805.0,11131620.84,2021-12-28,6465556.685,249.0,9583534.684999999,3.0,2021-12-28,9899569.81,9.0,10012267.81
2019-09-25,5254.4000000003725,320,12971974.4,2019-09-25,1179173.9650000003,236,10742129.965,2019-09-25,5651990.910000002,96,9542006.910000002,4,2019-09-25,9660748.43,9,10025437.43,2021-12-29,9491.01000000164,979.0,12258739.010000002,2021-12-29,1051410.8400000003,805.0,11123570.84,2021-12-29,6465556.685,249.0,9581044.684999999,3.0,2021-12-29,9899569.81,9.0,10012177.81
2019-09-26,5254.4000000003725,320,13087174.4,2019-09-26,1179173.9650000003,236,10827089.965,2019-09-26,5651990.910000002,96,9576566.910000002,4,2019-09-26,9660748.43,9,10028677.43,2021-12-30,9491.01000000164,979.0,12268529.010000002,2021-12-30,1051410.8400000003,805.0,11131620.84,2021-12-30,6465556.685,249.0,9583534.684999999,3.0,2021-12-30,9899569.81,9.0,10012267.81
2019-09-27,5254.4000000003725,320,13047174.4,2019-09-27,1179173.9650000003,236,10797589.965,2019-09-27,5651990.910000002,96,9564566.910000002,4,2019-09-27,9660748.43,9,10027552.43,2022-01-03,9491.01000000164,979.0,12292025.010000002,2022-01-03,58144.02000000037,883.0,11136262.02,2022-01-03,5472289.864999999,327.0,9574831.864999998,4.0,2022-01-03,9886835.620000001,10.0,10012295.620000001
2019-09-30,5254.4000000003725,320,12931334.4,2019-09-30,1179173.9650000003,236,10712157.965,2019-09-30,5651990.910000002,96,9529814.910000002,4,2019-09-30,9660748.43,9,10024294.43,2022-01-04,9491.01000000164,979.0,12360555.010000002,2022-01-04,58144.02000000037,883.0,11198072.02,2022-01-04,5472289.864999999,327.0,9597721.864999998,4.0,2022-01-04,9886835.620000001,10.0,10012995.620000001
2019-10-01,5254.4000000003725,320,13069574.4,2019-10-01,184652.60500000045,260,10799412.605,2019-10-01,4657469.550000003,120,9556589.550000003,5,2019-10-01,9619310.04,10,10027570.04,2022-01-05,9491.01000000164,979.0,12326290.010000002,2022-01-05,58144.02000000037,883.0,11167167.02,2022-01-05,5472289.864999999,327.0,9586276.864999998,4.0,2022-01-05,9886835.620000001,10.0,10012645.620000001
2019-10-02,5254.4000000003725,320,13004934.4,2019-10-02,184652.60500000045,260,10746892.605,2019-10-02,4657469.550000003,120,9532349.550000003,5,2019-10-02,9619310.04,10,10025550.04,2022-01-06,9491.01000000164,979.0,12111889.010000002,2022-01-06,58144.02000000037,883.0,10973790.02,2022-01-06,5472289.864999999,327.0,9514663.864999998,4.0,2022-01-06,9886835.620000001,10.0,10010455.620000001
2019-10-04,5254.4000000003725,320,12818374.4,2019-10-04,184652.60500000045,260,10595312.605,2019-10-04,4657469.550000003,120,9462389.550000003,5,2019-10-04,9619310.04,10,10019720.04,2022-01-07,9491.01000000164,979.0,12195104.010000002,2022-01-07,58144.02000000037,883.0,11048845.02,2022-01-07,5472289.864999999,327.0,9542458.864999998,4.0,2022-01-07,9886835.620000001,10.0,10011305.620000001
2019-10-07,5254.4000000003725,320,12945414.4,2019-10-07,184652.60500000045,260,10698532.605,2019-10-07,4657469.550000003,120,9510029.550000003,5,2019-10-07,9619310.04,10,10023690.04,2022-01-10,9491.01000000164,979.0,12102099.010000002,2022-01-10,58144.02000000037,883.0,10964960.02,2022-01-10,5472289.864999999,327.0,9511393.864999998,4.0,2022-01-10,9886835.620000001,10.0,10010355.620000001
2019-10-08,5254.4000000003725,320,12985734.4,2019-10-08,184652.60500000045,260,10731292.605,2019-10-08,4657469.550000003,120,9525149.550000003,5,2019-10-08,9619310.04,10,10024950.04,2022-01-11,9491.01000000164,979.0,12018884.010000002,2022-01-11,58144.02000000037,883.0,10889905.02,2022-01-11,5472289.864999999,327.0,9483598.864999998,4.0,2022-01-11,9886835.620000001,10.0,10009505.620000001
2019-10-10,5254.4000000003725,320,12898374.4,2019-10-10,184652.60500000045,260,10660312.605,2019-10-10,4657469.550000003,120,9492389.550000003,5,2019-10-10,9619310.04,10,10022220.04,2022-01-12,9491.01000000164,979.0,12116784.010000002,2022-01-12,58144.02000000037,883.0,10978205.02,2022-01-12,5472289.864999999,327.0,9516298.864999998,4.0,2022-01-12,9886835.620000001,10.0,10010505.620000001
2019-10-11,5254.4000000003725,320,12957894.4,2019-10-11,184652.60500000045,260,10708672.605,2019-10-11,4657469.550000003,120,9514709.550000003,5,2019-10-11,9619310.04,10,10024080.04,2022-01-13,9491.01000000164,979.0,12087414.010000002,2022-01-13,58144.02000000037,883.0,10951715.02,2022-01-13,5472289.864999999,327.0,9506488.864999998,4.0,2022-01-13,9886835.620000001,10.0,10010205.620000001
2019-10-14,5254.4000000003725,320,13003334.4,2019-10-14,184652.60500000045,260,10745592.605,2019-10-14,4657469.550000003,120,9531749.550000003,5,2019-10-14,9619310.04,10,10025500.04,2022-01-14,9491.01000000164,979.0,11950354.010000002,2022-01-14,58144.02000000037,883.0,10828095.02,2022-01-14,5472289.864999999,327.0,9460708.864999998,4.0,2022-01-14,9886835.620000001,10.0,10008805.620000001
2019-10-15,5254.4000000003725,320,13099014.4,2019-10-15,184652.60500000045,260,10823332.605,2019-10-15,4657469.550000003,120,9567629.550000003,5,2019-10-15,9619310.04,10,10028490.04,2022-01-17,9491.01000000164,979.0,11979724.010000002,2022-01-17,58144.02000000037,883.0,10854585.02,2022-01-17,5472289.864999999,327.0,9470518.864999998,4.0,2022-01-17,9886835.620000001,10.0,10009105.620000001
2019-10-16,5254.4000000003725,320,13192134.4,2019-10-16,184652.60500000045,260,10898992.605,2019-10-16,4657469.550000003,120,9602549.550000003,5,2019-10-16,9619310.04,10,10031400.04,2022-01-18,9491.01000000164,979.0,11917068.010000002,2022-01-18,58144.02000000037,883.0,10798073.02,2022-01-18,5472289.864999999,327.0,9449590.864999998,4.0,2022-01-18,9886835.620000001,10.0,10008465.620000001
2019-10-17,5254.4000000003725,320,13146054.4,2019-10-17,184652.60500000045,260,10861552.605,2019-10-17,4657469.550000003,120,9585269.550000003,5,2019-10-17,9619310.04,10,10029960.04,2022-01-19,9491.01000000164,979.0,11701688.010000002,2022-01-19,58144.02000000037,883.0,10603813.02,2022-01-19,5472289.864999999,327.0,9377650.864999998,4.0,2022-01-19,9886835.620000001,10.0,10006265.620000001
2019-10-18,5254.4000000003725,320,13135174.4,2019-10-18,184652.60500000045,260,10852712.605,2019-10-18,4657469.550000003,120,9581189.550000003,5,2019-10-18,9619310.04,10,10029620.04,2022-01-20,9491.01000000164,979.0,11701688.010000002,2022-01-20,58144.02000000037,883.0,10603813.02,2022-01-20,5472289.864999999,327.0,9377650.864999998,4.0,2022-01-20,9886835.620000001,10.0,10006265.620000001
2019-10-21,5254.4000000003725,320,13001734.4,2019-10-21,184652.60500000045,260,10744292.605,2019-10-21,4657469.550000003,120,9531149.550000003,5,2019-10-21,9619310.04,10,10025450.04,2022-01-21,9491.01000000164,979.0,11492182.010000002,2022-01-21,58144.02000000037,883.0,10414851.02,2022-01-21,5472289.864999999,327.0,9307672.864999998,4.0,2022-01-21,9886835.620000001,10.0,10004125.620000001
2019-10-22,5254.4000000003725,320,13079174.4,2019-10-22,184652.60500000045,260,10807212.605,2019-10-22,4657469.550000003,120,9560189.550000003,5,2019-10-22,9619310.04,10,10027870.04,2022-01-24,9491.01000000164,979.0,11428547.010000002,2022-01-24,58144.02000000037,883.0,10357456.02,2022-01-24,5472289.864999999,327.0,9286417.864999998,4.0,2022-01-24,9886835.620000001,10.0,10003475.620000001
2019-10-23,5254.4000000003725,320,12934534.4,2019-10-23,184652.60500000045,260,10689692.605,2019-10-23,4657469.550000003,120,9505949.550000003,5,2019-10-23,9619310.04,10,10023350.04,2022-01-25,9491.01000000164,979.0,11272886.010000002,2022-01-25,58144.02000000037,883.0,10217059.02,2022-01-25,5472289.864999999,327.0,9234424.864999998,4.0,2022-01-25,9886835.620000001,10.0,10001885.620000001
2019-10-24,5254.4000000003725,320,13015814.4,2019-10-24,184652.60500000045,260,10755732.605,2019-10-24,4657469.550000003,120,9536429.550000003,5,2019-10-24,9619310.04,10,10025890.04,2022-01-26,9491.01000000164,979.0,11282676.010000002,2022-01-26,58144.02000000037,883.0,10225889.02,2022-01-26,5472289.864999999,327.0,9237694.864999998,4.0,2022-01-26,9886835.620000001,10.0,10001985.620000001
2019-10-25,5254.4000000003725,320,13151494.4,2019-10-25,184652.60500000045,260,10865972.605,2019-10-25,4657469.550000003,120,9587309.550000003,5,2019-10-25,9619310.04,10,10030130.04,2022-01-27,9491.01000000164,979.0,11121141.010000002,2022-01-27,58144.02000000037,883.0,10080194.02,2022-01-27,5472289.864999999,327.0,9183739.864999998,4.0,2022-01-27,9886835.620000001,10.0,10000335.620000001
2019-10-28,5254.4000000003725,320,13198214.4,2019-10-28,184652.60500000045,260,10903932.605,2019-10-28,4657469.550000003,120,9604829.550000003,5,2019-10-28,9619310.04,10,10031590.04,2022-01-28,9491.01000000164,979.0,11325752.010000002,2022-01-28,58144.02000000037,883.0,10264741.02,2022-01-28,5472289.864999999,327.0,9252082.864999998,4.0,2022-01-28,9886835.620000001,10.0,10002425.620000001
2019-10-29,5254.4000000003725,320,13271494.4,2019-10-29,184652.60500000045,260,10963472.605,2019-10-29,4657469.550000003,120,9632309.550000003,5,2019-10-29,9619310.04,10,10033880.04,2022-02-03,9491.01000000164,979.0,11804483.010000002,2022-02-03,58144.02000000037,883.0,10696528.02,2022-02-03,4481763.544999999,408.0,9397347.544999998,5.0,2022-02-03,9874606.9,11.0,10007134.9
2019-10-30,5254.4000000003725,320,13193734.4,2019-10-30,184652.60500000045,260,10900292.605,2019-10-30,4657469.550000003,120,9603149.550000003,5,2019-10-30,9619310.04,10,10031450.04,2022-02-04,9491.01000000164,979.0,11696793.010000002,2022-02-04,58144.02000000037,883.0,10599398.02,2022-02-04,4481763.544999999,408.0,9352467.544999998,5.0,2022-02-04,9874606.9,11.0,10005924.9
2019-10-31,5254.4000000003725,320,13218694.4,2019-10-31,184652.60500000045,260,10920572.605,2019-10-31,4657469.550000003,120,9612509.550000003,5,2019-10-31,9619310.04,10,10032230.04,2022-02-07,9491.01000000164,979.0,11647843.010000002,2022-02-07,58144.02000000037,883.0,10555248.02,2022-02-07,4481763.544999999,408.0,9332067.544999998,5.0,2022-02-07,9874606.9,11.0,10005374.9
2019-11-01,5254.4000000003725,320,13295174.4,2019-11-01,184652.60500000045,260,10982712.605,2019-11-01,3687928.355000003,143,9626861.355000002,6,2019-11-01,9577156.075,11,10033997.075,2022-02-08,9491.01000000164,979.0,11590082.010000002,2022-02-08,58144.02000000037,883.0,10503151.02,2022-02-08,4481763.544999999,408.0,9307995.544999998,5.0,2022-02-08,9874606.9,11.0,10004725.9
2019-11-04,5254.4000000003725,320,13339654.4,2019-11-04,184652.60500000045,260,11018852.605,2019-11-04,3687928.355000003,143,9646738.355000002,6,2019-11-04,9577156.075,11,10035526.075,2022-02-09,9491.01000000164,979.0,11711478.010000002,2022-02-09,58144.02000000037,883.0,10612643.02,2022-02-09,4481763.544999999,408.0,9358587.544999998,5.0,2022-02-09,9874606.9,11.0,10006089.9
2019-11-05,5254.4000000003725,320,13378054.4,2019-11-05,184652.60500000045,260,11050052.605,2019-11-05,3687928.355000003,143,9663898.355000002,6,2019-11-05,9577156.075,11,10036846.075,2022-02-10,9491.01000000164,979.0,11824063.010000002,2022-02-10,58144.02000000037,883.0,10714188.02,2022-02-10,4481763.544999999,408.0,9405507.544999998,5.0,2022-02-10,9874606.9,11.0,10007354.9
2019-11-06,5254.4000000003725,320,13346054.4,2019-11-06,184652.60500000045,260,11024052.605,2019-11-06,3687928.355000003,143,9649598.355000002,6,2019-11-06,9577156.075,11,10035746.075,2022-02-11,9491.01000000164,979.0,11550922.010000002,2022-02-11,58144.02000000037,883.0,10467831.02,2022-02-11,4481763.544999999,408.0,9291675.544999998,5.0,2022-02-11,9874606.9,11.0,10004285.9
2019-11-07,5254.4000000003725,320,13339654.4,2019-11-07,184652.60500000045,260,11018852.605,2019-11-07,3687928.355000003,143,9646738.355000002,6,2019-11-07,9577156.075,11,10035526.075,2022-02-14,9491.01000000164,979.0,11399177.010000002,2022-02-14,58144.02000000037,883.0,10330966.02,2022-02-14,4481763.544999999,408.0,9228435.544999998,5.0,2022-02-14,9874606.9,11.0,10002580.9
2019-11-08,5254.4000000003725,320,13303174.4,2019-11-08,184652.60500000045,260,10989212.605,2019-11-08,3687928.355000003,143,9630436.355000002,6,2019-11-08,9577156.075,11,10034272.075,2022-02-15,9491.01000000164,979.0,11394282.010000002,2022-02-15,58144.02000000037,883.0,10326551.02,2022-02-15,4481763.544999999,408.0,9226395.544999998,5.0,2022-02-15,9874606.9,11.0,10002525.9
2019-11-11,5254.4000000003725,320,13411014.4,2019-11-11,184652.60500000045,260,11076832.605,2019-11-11,3687928.355000003,143,9678627.355000002,6,2019-11-11,9577156.075,11,10037979.075,2022-02-16,9491.01000000164,979.0,11521552.010000002,2022-02-16,58144.02000000037,883.0,10441341.02,2022-02-16,4481763.544999999,408.0,9279435.544999998,5.0,2022-02-16,9874606.9,11.0,10003955.9
2019-11-12,5254.4000000003725,320,13490054.4,2019-11-12,184652.60500000045,260,11141052.605,2019-11-12,3687928.355000003,143,9713948.355000002,6,2019-11-12,9577156.075,11,10040696.075,2022-02-17,9491.01000000164,979.0,11516657.010000002,2022-02-17,58144.02000000037,883.0,10436926.02,2022-02-17,4481763.544999999,408.0,9277395.544999998,5.0,2022-02-17,9874606.9,11.0,10003900.9
2019-11-13,5254.4000000003725,320,13477254.4,2019-11-13,184652.60500000045,260,11130652.605,2019-11-13,3687928.355000003,143,9708228.355000002,6,2019-11-13,9577156.075,11,10040256.075,2022-02-18,9491.01000000164,979.0,11364912.010000002,2022-02-18,58144.02000000037,883.0,10300061.02,2022-02-18,4481763.544999999,408.0,9214155.544999998,5.0,2022-02-18,9874606.9,11.0,10002195.9
2019-11-14,5254.4000000003725,320,13553414.4,2019-11-14,184652.60500000045,260,11192532.605,2019-11-14,3687928.355000003,143,9742262.355000002,6,2019-11-14,9577156.075,11,10042874.075,2022-02-21,9491.01000000164,979.0,11253306.010000002,2022-02-21,58144.02000000037,883.0,10199399.02,2022-02-21,4481763.544999999,408.0,9167643.544999998,5.0,2022-02-21,9874606.9,11.0,10000941.9
2019-11-15,5254.4000000003725,320,13563014.4,2019-11-15,184652.60500000045,260,11200332.605,2019-11-15,3687928.355000003,143,9746552.355000002,6,2019-11-15,9577156.075,11,10043204.075,2022-02-22,9491.01000000164,979.0,11033031.010000002,2022-02-22,58144.02000000037,883.0,10000724.02,2022-02-22,4481763.544999999,408.0,9075843.544999998,5.0,2022-02-22,9874606.9,11.0,9998466.9
2019-11-18,5254.4000000003725,320,13565894.4,2019-11-18,184652.60500000045,260,11202672.605,2019-11-18,3687928.355000003,143,9747839.355000002,6,2019-11-18,9577156.075,11,10043303.075,2022-02-23,9491.01000000164,979.0,11135826.010000002,2022-02-23,58144.02000000037,883.0,10093439.02,2022-02-23,4481763.544999999,408.0,9118683.544999998,5.0,2022-02-23,9874606.9,11.0,9999621.9
2019-11-19,5254.4000000003725,320,13662854.4,2019-11-19,184652.60500000045,260,11281452.605,2019-11-19,3687928.355000003,143,9791168.355000002,6,2019-11-19,9577156.075,11,10046636.075,2022-02-24,9491.01000000164,979.0,10745205.010000002,2022-02-24,58144.02000000037,883.0,9741122.02,2022-02-24,4481763.544999999,408.0,8955891.544999998,5.0,2022-02-24,9874606.9,11.0,9995232.9
2019-11-20,5254.4000000003725,320,13667334.4,2019-11-20,184652.60500000045,260,11285092.605,2019-11-20,3687928.355000003,143,9793170.355000002,6,2019-11-20,9577156.075,11,10046790.075,2022-02-25,9491.01000000164,979.0,11067296.010000002,2022-02-25,58144.02000000037,883.0,10031629.02,2022-02-25,4481763.544999999,408.0,9090123.544999998,5.0,2022-02-25,9874606.9,11.0,9998851.9
2019-11-21,5254.4000000003725,320,13691334.4,2019-11-21,184652.60500000045,260,11304592.605,2019-11-21,3687928.355000003,143,9803895.355000002,6,2019-11-21,9577156.075,11,10047615.075,2022-02-28,9491.01000000164,979.0,11140721.010000002,2022-02-28,58144.02000000037,883.0,10097854.02,2022-02-28,4481763.544999999,408.0,9120723.544999998,5.0,2022-02-28,9874606.9,11.0,9999676.9
2019-11-22,5254.4000000003725,320,13711814.4,2019-11-22,184652.60500000045,260,11321232.605,2019-11-22,3687928.355000003,143,9813047.355000002,6,2019-11-22,9577156.075,11,10048319.075,2022-03-02,9491.01000000164,979.0,11228831.010000002,2022-03-02,58144.02000000037,883.0,10177324.02,2022-03-02,3493052.044999999,493.0,9142832.044999998,6.0,2022-03-02,9862975.0,12.0,10000495.0
2019-11-25,5254.4000000003725,320,13718214.4,2019-11-25,184652.60500000045,260,11326432.605,2019-11-25,3687928.355000003,143,9815907.355000002,6,2019-11-25,9577156.075,11,10048539.075,2022-03-03,9491.01000000164,979.0,11408967.010000002,2022-03-03,58144.02000000037,883.0,10339796.02,2022-03-03,3493052.044999999,493.0,9233544.044999998,6.0,2022-03-03,9862975.0,12.0,10002703.0
2019-11-26,5254.4000000003725,320,13825414.4,2019-11-26,184652.60500000045,260,11413532.605,2019-11-26,3687928.355000003,143,9863812.355000002,6,2019-11-26,9577156.075,11,10052224.075,2022-03-04,9491.01000000164,979.0,11389387.010000002,2022-03-04,58144.02000000037,883.0,10322136.02,2022-03-04,3493052.044999999,493.0,9223684.044999998,6.0,2022-03-04,9862975.0,12.0,10002463.0
2019-11-27,5254.4000000003725,320,13873734.4,2019-11-27,184652.60500000045,260,11452792.605,2019-11-27,3687928.355000003,143,9885405.355000002,6,2019-11-27,9577156.075,11,10053885.075,2022-03-07,9491.01000000164,979.0,11325752.010000002,2022-03-07,58144.02000000037,883.0,10264741.02,2022-03-07,3493052.044999999,493.0,9191639.044999998,6.0,2022-03-07,9862975.0,12.0,10001683.0
2019-11-28,5254.4000000003725,320,13949894.4,2019-11-28,184652.60500000045,260,11514672.605,2019-11-28,5434494.515000002,95,9574309.515000002,4,2019-11-28,9577156.075,11,10056503.075,2022-03-08,9491.01000000164,979.0,11101561.010000002,2022-03-08,58144.02000000037,883.0,10062534.02,2022-03-08,3493052.044999999,493.0,9078742.044999998,6.0,2022-03-08,9862975.0,12.0,9998935.0
2019-11-29,5254.4000000003725,320,13959174.4,2019-11-29,184652.60500000045,260,11522212.605,2019-11-29,5434494.515000002,95,9577064.515000002,4,2019-11-29,9577156.075,11,10056822.075,2022-03-10,9491.01000000164,979.0,11325752.010000002,2022-03-10,58144.02000000037,883.0,10264741.02,2022-03-10,3493052.044999999,493.0,9191639.044999998,6.0,2022-03-10,9862975.0,12.0,10001683.0
2019-12-02,5254.4000000003725,320,14016774.4,2019-12-02,184652.60500000045,260,11569012.605,2019-12-02,4456753.135000003,117,9579715.135000002,5,2019-12-02,9532713.285,12,10058145.285,2022-03-11,9491.01000000164,979.0,11350227.010000002,2022-03-11,58144.02000000037,883.0,10286816.02,2022-03-11,3493052.044999999,493.0,9203964.044999998,6.0,2022-03-11,9862975.0,12.0,10001983.0
2019-12-03,5254.4000000003725,320,13845894.4,2019-12-03,184652.60500000045,260,11430172.605,2019-12-03,4456753.135000003,117,9517237.135000002,5,2019-12-03,9532713.285,12,10051737.285,2022-03-14,9491.01000000164,979.0,11389387.010000002,2022-03-14,58144.02000000037,883.0,10322136.02,2022-03-14,3493052.044999999,493.0,9223684.044999998,6.0,2022-03-14,9862975.0,12.0,10002463.0
2019-12-04,5254.4000000003725,320,13870534.4,2019-12-04,184652.60500000045,260,11450192.605,2019-12-04,4456753.135000003,117,9526246.135000002,5,2019-12-04,9532713.285,12,10052661.285,2022-03-15,9491.01000000164,979.0,11228831.010000002,2022-03-15,58144.02000000037,883.0,10177324.02,2022-03-15,3493052.044999999,493.0,9142832.044999998,6.0,2022-03-15,9862975.0,12.0,10000495.0
2019-12-05,5254.4000000003725,320,13861254.4,2019-12-05,184652.60500000045,260,11442652.605,2019-12-05,4456753.135000003,117,9522853.135000002,5,2019-12-05,9532713.285,12,10052313.285,2022-03-16,9491.01000000164,979.0,11423652.010000002,2022-03-16,58144.02000000037,883.0,10353041.02,2022-03-16,3493052.044999999,493.0,9240939.044999998,6.0,2022-03-16,9862975.0,12.0,10002883.0
2019-12-06,5254.4000000003725,320,13943494.4,2019-12-06,184652.60500000045,260,11509472.605,2019-12-06,4456753.135000003,117,9552922.135000002,5,2019-12-06,9532713.285,12,10055397.285,2022-03-17,9491.01000000164,979.0,11438337.010000002,2022-03-17,58144.02000000037,883.0,10366286.02,2022-03-17,3493052.044999999,493.0,9248334.044999998,6.0,2022-03-17,9862975.0,12.0,10003063.0
2019-12-09,5254.4000000003725,320,14001414.4,2019-12-09,184652.60500000045,260,11556532.605,2019-12-09,4456753.135000003,117,9574099.135000002,5,2019-12-09,9532713.285,12,10057569.285,2022-03-18,9491.01000000164,979.0,11472602.010000002,2022-03-18,58144.02000000037,883.0,10397191.02,2022-03-18,3493052.044999999,493.0,9265589.044999998,6.0,2022-03-18,9862975.0,12.0,10003483.0
2019-12-10,5254.4000000003725,320,14019974.4,2019-12-10,184652.60500000045,260,11571612.605,2019-12-10,4456753.135000003,117,9580885.135000002,5,2019-12-10,9532713.285,12,10058265.285,2022-03-21,9491.01000000164,979.0,11672318.010000002,2022-03-21,58144.02000000037,883.0,10577323.02,2022-03-21,3493052.044999999,493.0,9366161.044999998,6.0,2022-03-21,9862975.0,12.0,10005931.0
2019-12-11,5254.4000000003725,320,14013894.4,2019-12-11,184652.60500000045,260,11566672.605,2019-12-11,4456753.135000003,117,9578662.135000002,5,2019-12-11,9532713.285,12,10058037.285,2022-03-22,9491.01000000164,979.0,11726163.010000002,2022-03-22,58144.02000000037,883.0,10625888.02,2022-03-22,3493052.044999999,493.0,9393276.044999998,6.0,2022-03-22,9862975.0,12.0,10006591.0
2019-12-12,5254.4000000003725,320,14004614.4,2019-12-12,184652.60500000045,260,11559132.605,2019-12-12,4456753.135000003,117,9575269.135000002,5,2019-12-12,9532713.285,12,10057689.285,2022-03-23,9491.01000000164,979.0,11853433.010000002,2022-03-23,58144.02000000037,883.0,10740678.02,2022-03-23,3493052.044999999,493.0,9457366.044999998,6.0,2022-03-23,9862975.0,12.0,10008151.0
2019-12-13,5254.4000000003725,320,14011014.4,2019-12-13,184652.60500000045,260,11564332.605,2019-12-13,4456753.135000003,117,9577609.135000002,5,2019-12-13,9532713.285,12,10057929.285,2022-03-24,9491.01000000164,979.0,11780008.010000002,2022-03-24,58144.02000000037,883.0,10674453.02,2022-03-24,3493052.044999999,493.0,9420391.044999998,6.0,2022-03-24,9862975.0,12.0,10007251.0
2019-12-16,5254.4000000003725,320,14029574.4,2019-12-16,184652.60500000045,260,11579412.605,2019-12-16,4456753.135000003,117,9584395.135000002,5,2019-12-16,9532713.285,12,10058625.285,2022-03-25,9491.01000000164,979.0,11921963.010000002,2022-03-25,58144.02000000037,883.0,10802488.02,2022-03-25,3493052.044999999,493.0,9491876.044999998,6.0,2022-03-25,9862975.0,12.0,10008991.0
2019-12-17,5254.4000000003725,320,14057734.4,2019-12-17,184652.60500000045,260,11602292.605,2019-12-17,4456753.135000003,117,9594691.135000002,5,2019-12-17,9532713.285,12,10059681.285,2022-03-28,9491.01000000164,979.0,11989514.010000002,2022-03-28,58144.02000000037,883.0,10863415.02,2022-03-28,3493052.044999999,493.0,9525893.044999998,6.0,2022-03-28,9862975.0,12.0,10009819.0
2019-12-18,5254.4000000003725,320,14060934.4,2019-12-18,184652.60500000045,260,11604892.605,2019-12-18,4456753.135000003,117,9595861.135000002,5,2019-12-18,9532713.285,12,10059801.285,2022-03-29,9491.01000000164,979.0,12087414.010000002,2022-03-29,58144.02000000037,883.0,10951715.02,2022-03-29,3493052.044999999,493.0,9575193.044999998,6.0,2022-03-29,9862975.0,12.0,10011019.0
2019-12-19,5254.4000000003725,320,14044934.4,2019-12-19,184652.60500000045,260,11591892.605,2019-12-19,4456753.135000003,117,9590011.135000002,5,2019-12-19,9532713.285,12,10059201.285,2022-03-30,9491.01000000164,979.0,12116784.010000002,2022-03-30,58144.02000000037,883.0,10978205.02,2022-03-30,3493052.044999999,493.0,9589983.044999998,6.0,2022-03-30,9862975.0,12.0,10011379.0
2019-12-20,5254.4000000003725,320,14083334.4,2019-12-20,184652.60500000045,260,11623092.605,2019-12-20,4456753.135000003,117,9604051.135000002,5,2019-12-20,9532713.285,12,10060641.285,2022-03-31,9491.01000000164,979.0,12082519.010000002,2022-03-31,58144.02000000037,883.0,10947300.02,2022-03-31,3493052.044999999,493.0,9572728.044999998,6.0,2022-03-31,9862975.0,12.0,10010959.0
2019-12-23,5254.4000000003725,320,14192774.4,2019-12-23,184652.60500000045,260,11712012.605,2019-12-23,4456753.135000003,117,9644065.135000002,5,2019-12-23,9532713.285,12,10064745.285,2022-04-01,9491.01000000164,979.0,11965039.010000002,2022-04-01,58144.02000000037,883.0,10841340.02,2022-04-01,2501437.644999999,573.0,9498913.645,7.0,2022-04-01,9850579.82,13.0,10009335.82
2019-12-24,5254.4000000003725,320,14215174.4,2019-12-24,184652.60500000045,260,11730212.605,2019-12-24,4456753.135000003,117,9652255.135000002,5,2019-12-24,9532713.285,12,10065585.285,2022-04-04,9491.01000000164,979.0,11941543.010000002,2022-04-04,58144.02000000037,883.0,10820148.02,2022-04-04,2501437.644999999,573.0,9485161.645,7.0,2022-04-04,9850579.82,13.0,10009023.82
2019-12-26,5254.4000000003725,320,14213574.4,2019-12-26,184652.60500000045,260,11728912.605,2019-12-26,4456753.135000003,117,9651670.135000002,5,2019-12-26,9532713.285,12,10065525.285,2022-04-05,9491.01000000164,979.0,12009094.010000002,2022-04-05,58144.02000000037,883.0,10881075.02,2022-04-05,2501437.644999999,573.0,9524698.645,7.0,2022-04-05,9850579.82,13.0,10009920.82
2019-12-27,5254.4000000003725,320,14358854.4,2019-12-27,184652.60500000045,260,11846952.605,2019-12-27,5355647.335000003,93,9527162.335000003,4,2019-12-27,9532713.285,12,10070973.285,2022-04-06,9491.01000000164,979.0,11921963.010000002,2022-04-06,58144.02000000037,883.0,10802488.02,2022-04-06,2501437.644999999,573.0,9473701.645,7.0,2022-04-06,9850579.82,13.0,10008763.82
2019-12-30,5254.4000000003725,320,14273734.4,2019-12-30,184652.60500000045,260,11777792.605,2019-12-30,5355647.335000003,93,9502424.335000003,4,2019-12-30,9532713.285,12,10067781.285,2022-04-07,9491.01000000164,979.0,11799588.010000002,2022-04-07,58144.02000000037,883.0,10692113.02,2022-04-07,2501437.644999999,573.0,9402076.645,7.0,2022-04-07,9850579.82,13.0,10007138.82
2020-01-02,5254.4000000003725,320,14266054.4,2020-01-02,184652.60500000045,260,11771552.605,2020-01-02,4360510.885000003,115,9485485.885000002,5,2020-01-02,9487479.81,13,10066824.81,2022-04-08,9491.01000000164,979.0,11946438.010000002,2022-04-08,58144.02000000037,883.0,10824563.02,2022-04-08,2501437.644999999,573.0,9488026.645,7.0,2022-04-08,9850579.82,13.0,10009088.82
2020-01-03,5254.4000000003725,320,14400774.4,2020-01-03,184652.60500000045,260,11881012.605,2020-01-03,6163549.765000002,67,9177611.765000002,3,2020-01-03,9487479.81,13,10072297.81,2022-04-11,9491.01000000164,979.0,11921963.010000002,2022-04-11,58144.02000000037,883.0,10802488.02,2022-04-11,2501437.644999999,573.0,9473701.645,7.0,2022-04-11,9850579.82,13.0,10008763.82
2020-01-06,5254.4000000003725,320,14357254.4,2020-01-06,184652.60500000045,260,11845652.605,2020-01-06,6163549.765000002,67,9168499.765000002,3,2020-01-06,9487479.81,13,10070529.81,2022-04-12,9491.01000000164,979.0,11750638.010000002,2022-04-12,58144.02000000037,883.0,10647963.02,2022-04-12,2501437.644999999,573.0,9373426.645,7.0,2022-04-12,9850579.82,13.0,10006488.82
2020-01-07,5254.4000000003725,320,14497414.4,2020-01-07,184652.60500000045,260,11959532.605,2020-01-07,6163549.765000002,67,9197845.765000002,3,2020-01-07,9487479.81,13,10076223.81,2022-04-13,9491.01000000164,979.0,11755533.010000002,2022-04-13,58144.02000000037,883.0,10652378.02,2022-04-13,2501437.644999999,573.0,9376291.645,7.0,2022-04-13,9850579.82,13.0,10006553.82
2020-01-08,5254.4000000003725,320,14467974.4,2020-01-08,184652.60500000045,260,11935612.605,2020-01-08,6163549.765000002,67,9191681.765000002,3,2020-01-08,9487479.81,13,10075027.81,2022-04-14,9491.01000000164,979.0,11784903.010000002,2022-04-14,58144.02000000037,883.0,10678868.02,2022-04-14,2501437.644999999,573.0,9393481.645,7.0,2022-04-14,9850579.82,13.0,10006943.82
2020-01-09,5254.4000000003725,320,14534854.4,2020-01-09,184652.60500000045,260,11989952.605,2020-01-09,6163549.765000002,67,9205684.765000002,3,2020-01-09,9487479.81,13,10077744.81,2022-04-15,9491.01000000164,979.0,11726163.010000002,2022-04-15,58144.02000000037,883.0,10625888.02,2022-04-15,2501437.644999999,573.0,9359101.645,7.0,2022-04-15,9850579.82,13.0,10006163.82
2020-01-10,5254.4000000003725,320,14714374.4,2020-01-10,184652.60500000045,260,12135812.605,2020-01-10,7046326.795000003,44,9068830.795000002,2,2020-01-10,9487479.81,13,10085037.81,2022-04-18,9491.01000000164,979.0,11667423.010000002,2022-04-18,58144.02000000037,883.0,10572908.02,2022-04-18,2501437.644999999,573.0,9324721.645,7.0,2022-04-18,9850579.82,13.0,10005383.82
2020-01-13,5254.4000000003725,320,14621574.4,2020-01-13,184652.60500000045,260,12060412.605,2020-01-13,7046326.795000003,44,9056070.795000002,2,2020-01-13,9487479.81,13,10081267.81,2022-04-19,9491.01000000164,979.0,11799588.010000002,2022-04-19,58144.02000000037,883.0,10692113.02,2022-04-19,2501437.644999999,573.0,9402076.645,7.0,2022-04-19,9850579.82,13.0,10007138.82
2020-01-14,5254.4000000003725,320,14726854.4,2020-01-14,184652.60500000045,260,12145952.605,2020-01-14,7046326.795000003,44,9070546.795000002,2,2020-01-14,9487479.81,13,10085544.81,2022-04-20,9491.01000000164,979.0,11863223.010000002,2022-04-20,58144.02000000037,883.0,10749508.02,2022-04-20,2501437.644999999,573.0,9439321.645,7.0,2022-04-20,9850579.82,13.0,10007983.82
2020-01-15,5254.4000000003725,320,14663494.4,2020-01-15,184652.60500000045,260,12094472.605,2020-01-15,7046326.795000003,44,9061834.795000002,2,2020-01-15,9487479.81,13,10082970.81,2022-04-21,9491.01000000164,979.0,11974829.010000002,2022-04-21,58144.02000000037,883.0,10850170.02,2022-04-21,2501437.644999999,573.0,9504643.645,7.0,2022-04-21,9850579.82,13.0,10009465.82
2020-01-16,5254.4000000003725,320,14759174.4,2020-01-16,184652.60500000045,260,12172212.605,2020-01-16,7046326.795000003,44,9074990.795000002,2,2020-01-16,9487479.81,13,10086857.81,2022-04-22,9491.01000000164,979.0,11760428.010000002,2022-04-22,58144.02000000037,883.0,10656793.02,2022-04-22,2501437.644999999,573.0,9379156.645,7.0,2022-04-22,9850579.82,13.0,10006618.82
2020-01-17,5254.4000000003725,320,14866054.4,2020-01-17,184652.60500000045,260,12259052.605,2020-01-17,7046326.795000003,44,9089686.795000002,2,2020-01-17,9487479.81,13,10091199.81,2022-04-25,9491.01000000164,979.0,11443232.010000002,2022-04-25,58144.02000000037,883.0,10370701.02,2022-04-25,2501437.644999999,573.0,9193504.645,7.0,2022-04-25,9850579.82,13.0,10002406.82
2020-01-20,5254.4000000003725,320,14924614.4,2020-01-20,184652.60500000045,260,12306632.605,2020-01-20,7046326.795000003,44,9097738.795000002,2,2020-01-20,9487479.81,13,10093578.81,2022-04-26,9491.01000000164,979.0,11609662.010000002,2022-04-26,58144.02000000037,883.0,10520811.02,2022-04-26,2501437.644999999,573.0,9290914.645,7.0,2022-04-26,9850579.82,13.0,10004616.82
2020-01-21,5254.4000000003725,320,14952774.4,2020-01-21,184652.60500000045,260,12329512.605,2020-01-21,7046326.795000003,44,9101610.795000002,2,2020-01-21,9487479.81,13,10094722.81,2022-04-27,9491.01000000164,979.0,11487287.010000002,2022-04-27,58144.02000000037,883.0,10410436.02,2022-04-27,2501437.644999999,573.0,9219289.645,7.0,2022-04-27,9850579.82,13.0,10002991.82
2020-01-22,5254.4000000003725,320,15098374.4,2020-01-22,184652.60500000045,260,12447812.605,2020-01-22,7046326.795000003,44,9121630.795000002,2,2020-01-22,9487479.81,13,10100637.81,2022-04-28,9491.01000000164,979.0,11633158.010000002,2022-04-28,58144.02000000037,883.0,10542003.02,2022-04-28,2501437.644999999,573.0,9304666.645,7.0,2022-04-28,9850579.82,13.0,10004928.82
2020-01-23,5254.4000000003725,320,15054214.4,2020-01-23,184652.60500000045,260,12411932.605,2020-01-23,7046326.795000003,44,9115558.795000002,2,2020-01-23,9487479.81,13,10098843.81,2022-04-29,9491.01000000164,979.0,11619452.010000002,2022-04-29,58144.02000000037,883.0,10529641.02,2022-04-29,2501437.644999999,573.0,9296644.645,7.0,2022-04-29,9850579.82,13.0,10004746.82
2020-01-28,5254.4000000003725,320,14819334.4,2020-01-28,184652.60500000045,260,12221092.605,2020-01-28,7046326.795000003,44,9083262.795000002,2,2020-01-28,9487479.81,13,10089301.81,2022-05-02,9491.01000000164,979.0,11374702.010000002,2022-05-02,58144.02000000037,883.0,10308891.02,2022-05-02,1511654.3049999992,657.0,9138767.305,8.0,2022-05-02,9838796.685,14.0,10001322.685
2020-01-29,5254.4000000003725,320,15093574.4,2020-01-29,184652.60500000045,260,12443912.605,2020-01-29,7046326.795000003,44,9120970.795000002,2,2020-01-29,9487479.81,13,10100442.81,2022-05-03,9491.01000000164,979.0,11399177.010000002,2022-05-03,58144.02000000037,883.0,10330966.02,2022-05-03,1511654.3049999992,657.0,9155192.305,8.0,2022-05-03,9838796.685,14.0,10001672.685
2020-01-30,5254.4000000003725,320,15043974.4,2020-01-30,184652.60500000045,260,12403612.605,2020-01-30,7046326.795000003,44,9114150.795000002,2,2020-01-30,9487479.81,13,10098427.81,2022-05-04,9491.01000000164,979.0,11443232.010000002,2022-05-04,58144.02000000037,883.0,10370701.02,2022-05-04,1511654.3049999992,657.0,9184757.305,8.0,2022-05-04,9838796.685,14.0,10002302.685
2020-01-31,5254.4000000003725,320,15258694.4,2020-01-31,184652.60500000045,260,12578072.605,2020-01-31,7046326.795000003,44,9143674.795000002,2,2020-01-31,9487479.81,13,10107150.81,2022-05-06,9491.01000000164,979.0,11404072.010000002,2022-05-06,58144.02000000037,883.0,10335381.02,2022-05-06,1511654.3049999992,657.0,9158477.305,8.0,2022-05-06,9838796.685,14.0,10001742.685
2020-02-03,5254.4000000003725,320,15237574.4,2020-02-03,184652.60500000045,260,12560912.605,2020-02-03,6080026.495000003,64,9126490.495000003,3,2020-02-03,9439164.795,14,10105578.795,2022-05-09,9491.01000000164,979.0,11267991.010000002,2022-05-09,58144.02000000037,883.0,10212644.02,2022-05-09,1511654.3049999992,657.0,9067154.305,8.0,2022-05-09,9838796.685,14.0,9999796.685
2020-02-04,5254.4000000003725,320,15357894.4,2020-02-04,184652.60500000045,260,12658672.605,2020-02-04,6080026.495000003,64,9150554.495000003,3,2020-02-04,9439164.795,14,10110842.795,2022-05-10,9491.01000000164,979.0,11116246.010000002,2022-05-10,58144.02000000037,883.0,10075779.02,2022-05-10,1511654.3049999992,657.0,8965319.305,8.0,2022-05-10,9838796.685,14.0,9997626.685
2020-02-05,5254.4000000003725,320,15606214.4,2020-02-05,184652.60500000045,260,12860432.605,2020-02-05,6975619.105000003,42,9023245.105000004,2,2020-02-05,9439164.795,14,10121706.795,2022-05-11,9491.01000000164,979.0,11091771.010000002,2022-05-11,58144.02000000037,883.0,10053704.02,2022-05-11,1511654.3049999992,657.0,8948894.305,8.0,2022-05-11,9838796.685,14.0,9997276.685
2020-02-06,5254.4000000003725,320,15659974.4,2020-02-06,184652.60500000045,260,12904112.605,2020-02-06,6975619.105000003,42,9030301.105000004,2,2020-02-06,9439164.795,14,10124058.795,2022-05-12,9491.01000000164,979.0,10955690.010000002,2022-05-12,58144.02000000037,883.0,9930967.02,2022-05-12,1511654.3049999992,657.0,8857571.305,8.0,2022-05-12,9838796.685,14.0,9995330.685
2020-02-07,5254.4000000003725,320,15747014.4,2020-02-07,184652.60500000045,260,12974832.605,2020-02-07,7879294.515000003,20,8863154.515000004,1,2020-02-07,9439164.795,14,10127866.795,2022-05-13,9491.01000000164,979.0,11008556.010000002,2022-05-13,58144.02000000037,883.0,9978649.02,2022-05-13,1511654.3049999992,657.0,8893049.305,8.0,2022-05-13,9838796.685,14.0,9996086.685
2020-02-10,5254.4000000003725,320,15720454.4,2020-02-10,184652.60500000045,260,12953252.605,2020-02-10,7879294.515000003,20,8861494.515000004,1,2020-02-10,9439164.795,14,10126704.795,2022-05-16,9491.01000000164,979.0,11086876.010000002,2022-05-16,58144.02000000037,883.0,10049289.02,2022-05-16,1511654.3049999992,657.0,8945609.305,8.0,2022-05-16,9838796.685,14.0,9997206.685
2020-02-11,5254.4000000003725,320,15892294.4,2020-02-11,184652.60500000045,260,13092872.605,2020-02-11,7879294.515000003,20,8872234.515000004,1,2020-02-11,9439164.795,14,10134222.795,2022-05-17,9491.01000000164,979.0,11101561.010000002,2022-05-17,58144.02000000037,883.0,10062534.02,2022-05-17,1511654.3049999992,657.0,8955464.305,8.0,2022-05-17,9838796.685,14.0,9997416.685
2020-02-12,5254.4000000003725,320,15835974.4,2020-02-12,184652.60500000045,260,13047112.605,2020-02-12,7879294.515000003,20,8868714.515000004,1,2020-02-12,9439164.795,14,10131758.795,2022-05-18,9491.01000000164,979.0,11165196.010000002,2022-05-18,58144.02000000037,883.0,10119929.02,2022-05-18,1511654.3049999992,657.0,8998169.305,8.0,2022-05-18,9838796.685,14.0,9998326.685
2020-02-13,5254.4000000003725,320,15914694.4,2020-02-13,184652.60500000045,260,13111072.605,2020-02-13,7879294.515000003,20,8873634.515000004,1,2020-02-13,9439164.795,14,10135202.795,2022-05-19,9491.01000000164,979.0,10838210.010000002,2022-05-19,58144.02000000037,883.0,9825007.02,2022-05-19,1511654.3049999992,657.0,8778731.305,8.0,2022-05-19,9838796.685,14.0,9993650.685
2020-02-14,5254.4000000003725,320,15966214.4,2020-02-14,184652.60500000045,260,13152932.605,2020-02-14,7879294.515000003,20,8876854.515000004,1,2020-02-14,9439164.795,14,10137456.795,2022-05-20,9491.01000000164,979.0,10764785.010000002,2022-05-20,58144.02000000037,883.0,9758782.02,2022-05-20,1511654.3049999992,657.0,8729456.305,8.0,2022-05-20,9838796.685,14.0,9992600.685
2020-02-17,5254.4000000003725,320,16100294.4,2020-02-17,184652.60500000045,260,13261872.605,2020-02-17,7879294.515000003,20,8885234.515000004,1,2020-02-17,9439164.795,14,10143322.795,2022-05-23,9491.01000000164,979.0,10808840.010000002,2022-05-23,58144.02000000037,883.0,9798517.02,2022-05-23,1511654.3049999992,657.0,8759021.305,8.0,2022-05-23,9838796.685,14.0,9993230.685
2020-02-18,5254.4000000003725,320,16000774.4,2020-02-18,184652.60500000045,260,13181012.605,2020-02-18,7879294.515000003,20,8879014.515000004,1,2020-02-18,9439164.795,14,10138968.795,2022-05-24,9491.01000000164,979.0,10745205.010000002,2022-05-24,58144.02000000037,883.0,9741122.02,2022-05-24,1511654.3049999992,657.0,8716316.305,8.0,2022-05-24,9838796.685,14.0,9992320.685
2020-02-19,5254.4000000003725,320,16161734.4,2020-02-19,184652.60500000045,260,13311792.605,2020-02-19,7879294.515000003,20,8889074.515000004,1,2020-02-19,9439164.795,14,10146010.795,2022-05-25,9491.01000000164,979.0,10813735.010000002,2022-05-25,58144.02000000037,883.0,9802932.02,2022-05-25,1511654.3049999992,657.0,8762306.305,8.0,2022-05-25,9838796.685,14.0,9993300.685
2020-02-20,5254.4000000003725,320,16372614.4,2020-02-20,184652.60500000045,260,13483132.605,2020-02-20,7879294.515000003,20,8902254.515000004,1,2020-02-20,9439164.795,14,10155236.795,2022-05-26,9491.01000000164,979.0,10877370.010000002,2022-05-26,58144.02000000037,883.0,9860327.02,2022-05-26,1511654.3049999992,657.0,8805011.305,8.0,2022-05-26,9838796.685,14.0,9994210.685
2020-02-21,5254.4000000003725,320,16246214.4,2020-02-21,184652.60500000045,260,13380432.605,2020-02-21,7879294.515000003,20,8894354.515000004,1,2020-02-21,9439164.795,14,10149706.795,2022-05-27,9491.01000000164,979.0,11008556.010000002,2022-05-27,58144.02000000037,883.0,9978649.02,2022-05-27,1511654.3049999992,657.0,8893049.305,8.0,2022-05-27,9838796.685,14.0,9996086.685
2020-02-24,5254.4000000003725,320,15821894.4,2020-02-24,184652.60500000045,260,13035672.605,2020-02-24,7879294.515000003,20,8867834.515000004,1,2020-02-24,9439164.795,14,10131142.795,2022-05-30,9491.01000000164,979.0,11253306.010000002,2022-05-30,58144.02000000037,883.0,10199399.02,2022-05-30,1511654.3049999992,657.0,9057299.305,8.0,2022-05-30,9838796.685,14.0,9999586.685
2020-02-25,5254.4000000003725,320,15669254.4,2020-02-25,184652.60500000045,260,12911652.605,2020-02-25,7879294.515000003,20,8858294.515000004,1,2020-02-25,9439164.795,14,10124464.795,2022-05-31,9491.01000000164,979.0,11155406.010000002,2022-05-31,58144.02000000037,883.0,10111099.02,2022-05-31,1511654.3049999992,657.0,8991599.305,8.0,2022-05-31,9838796.685,14.0,9998186.685
2020-02-26,5254.4000000003725,320,15189254.4,2020-02-26,184652.60500000045,260,12521652.605,2020-02-26,7879294.515000003,20,8828294.515000004,1,2020-02-26,9439164.795,14,10103464.795,2022-06-02,9491.01000000164,979.0,11126036.010000002,2022-06-02,58144.02000000037,883.0,10084609.02,2022-06-02,520476.3549999993,743.0,8957241.354999999,9.0,2022-06-02,9827271.360000001,15.0,9997596.360000001
2020-02-27,5254.4000000003725,320,14932294.4,2020-02-27,184652.60500000045,260,12312872.605,2020-02-27,7879294.515000003,20,8812234.515000004,1,2020-02-27,9439164.795,14,10092222.795,2022-06-03,9491.01000000164,979.0,11243516.010000002,2022-06-03,58144.02000000037,883.0,10190569.02,2022-06-03,520476.3549999993,743.0,9046401.354999999,9.0,2022-06-03,9827271.360000001,15.0,9999396.360000001
2020-02-28,5254.4000000003725,320,14076934.4,2020-02-28,184652.60500000045,260,11617892.605,2020-02-28,7879294.515000003,20,8758774.515000004,1,2020-02-28,9439164.795,14,10054800.795,2022-06-07,9491.01000000164,979.0,11155406.010000002,2022-06-07,58144.02000000037,883.0,10111099.02,2022-06-07,520476.3549999993,743.0,8979531.354999999,9.0,2022-06-07,9827271.360000001,15.0,9998046.360000001
2020-03-02,5254.4000000003725,320,14259974.4,2020-03-02,184652.60500000045,260,11766612.605,2020-03-02,6884582.335000004,42,8755514.335000005,2,2020-03-02,9393950.605,15,10062140.605,2022-06-08,9491.01000000164,979.0,11263096.010000002,2022-06-08,58144.02000000037,883.0,10208229.02,2022-06-08,520476.3549999993,743.0,9061261.354999999,9.0,2022-06-08,9827271.360000001,15.0,9999696.360000001
2020-03-03,5254.4000000003725,320,14830214.4,2020-03-03,184652.60500000045,260,12229932.605,2020-03-03,6884582.335000004,42,8830358.335000005,2,2020-03-03,9393950.605,15,10088870.605,2022-06-09,9491.01000000164,979.0,11179881.010000002,2022-06-09,58144.02000000037,883.0,10133174.02,2022-06-09,520476.3549999993,743.0,8998106.354999999,9.0,2022-06-09,9827271.360000001,15.0,9998421.360000001
2020-03-04,5254.4000000003725,320,14560134.4,2020-03-04,184652.60500000045,260,12010492.605,2020-03-04,6884582.335000004,42,8794910.335000005,2,2020-03-04,9393950.605,15,10076210.605,2022-06-10,9491.01000000164,979.0,11072191.010000002,2022-06-10,58144.02000000037,883.0,10036044.02,2022-06-10,520476.3549999993,743.0,8916376.354999999,9.0,2022-06-10,9827271.360000001,15.0,9996771.360000001
2020-03-05,5254.4000000003725,320,14739014.4,2020-03-05,184652.60500000045,260,12155832.605,2020-03-05,6884582.335000004,42,8818388.335000005,2,2020-03-05,9393950.605,15,10084595.605,2022-06-13,9491.01000000164,979.0,10666885.010000002,2022-06-13,58144.02000000037,883.0,9670482.02,2022-06-13,520476.3549999993,743.0,8608774.354999999,9.0,2022-06-13,9827271.360000001,15.0,9990561.360000001
2020-03-06,5254.4000000003725,320,14362054.4,2020-03-06,184652.60500000045,260,11849552.605,2020-03-06,6884582.335000004,42,8768912.335000005,2,2020-03-06,9393950.605,15,10066925.605,2022-06-14,9491.01000000164,979.0,10594439.010000002,2022-06-14,58144.02000000037,883.0,9605140.02,2022-06-14,520476.3549999993,743.0,8553792.354999999,9.0,2022-06-14,9827271.360000001,15.0,9989451.360000001
2020-03-09,5254.4000000003725,320,13638854.4,2020-03-09,184652.60500000045,260,11261952.605,2020-03-09,6884582.335000004,42,8673992.335000005,2,2020-03-09,9393950.605,15,10033025.605,2022-06-15,9491.01000000164,979.0,10506329.010000002,2022-06-15,58144.02000000037,883.0,9525670.02,2022-06-15,520476.3549999993,743.0,8486922.354999999,9.0,2022-06-15,9827271.360000001,15.0,9988101.360000001
2020-03-10,5254.4000000003725,320,13828294.4,2020-03-10,184652.60500000045,260,11415872.605,2020-03-10,6884582.335000004,42,8698856.335000005,2,2020-03-10,9393950.605,15,10041905.605,2022-06-16,9491.01000000164,979.0,10501434.010000002,2022-06-16,58144.02000000037,883.0,9521255.02,2022-06-16,520476.3549999993,743.0,8483207.354999999,9.0,2022-06-16,9827271.360000001,15.0,9988026.360000001
2020-03-11,5254.4000000003725,320,13656134.4,2020-03-11,184652.60500000045,260,11275992.605,2020-03-11,6884582.335000004,42,8676260.335000005,2,2020-03-11,9393950.605,15,10033835.605,2022-06-17,9491.01000000164,979.0,10301718.010000002,2022-06-17,58144.02000000037,883.0,9341123.02,2022-06-17,520476.3549999993,743.0,8331635.3549999995,9.0,2022-06-17,9827271.360000001,15.0,9984966.360000001
2020-03-12,5254.4000000003725,320,12979014.4,2020-03-12,184652.60500000045,260,10725832.605,2020-03-12,6884582.335000004,42,8587388.335000005,2,2020-03-12,9393950.605,15,10002095.605,2022-06-20,9491.01000000164,979.0,10331088.010000002,2022-06-20,58144.02000000037,883.0,9367613.02,2022-06-20,520476.3549999993,743.0,8353925.3549999995,9.0,2022-06-20,9827271.360000001,15.0,9985416.360000001
2020-03-13,5254.4000000003725,320,12591814.4,2020-03-13,184652.60500000045,260,10411232.605,2020-03-13,6884582.335000004,42,8536568.335000005,2,2020-03-13,9393950.605,15,9983945.605,2022-06-21,9491.01000000164,979.0,10423114.010000002,2022-06-21,58144.02000000037,883.0,9450615.02,2022-06-21,520476.3549999993,743.0,8423767.354999999,9.0,2022-06-21,9827271.360000001,15.0,9986826.360000001
2020-03-16,5254.4000000003725,320,12825734.4,2020-03-16,184652.60500000045,260,10601292.605,2020-03-16,6884582.335000004,42,8567270.335000005,2,2020-03-16,9393950.605,15,9994910.605,2022-06-22,9491.01000000164,979.0,10437799.010000002,2022-06-22,58144.02000000037,883.0,9463860.02,2022-06-22,520476.3549999993,743.0,8434912.354999999,9.0,2022-06-22,9827271.360000001,15.0,9987051.360000001
2020-03-17,5254.4000000003725,320,12805254.4,2020-03-17,184652.60500000045,260,10584652.605,2020-03-17,6884582.335000004,42,8564582.335000005,2,2020-03-17,9393950.605,15,9993950.605,2022-06-23,9491.01000000164,979.0,10569964.010000002,2022-06-23,58144.02000000037,883.0,9583065.02,2022-06-23,520476.3549999993,743.0,8535217.354999999,9.0,2022-06-23,9827271.360000001,15.0,9989076.360000001
2020-03-18,5254.4000000003725,320,12325574.4,2020-03-18,184652.60500000045,260,10194912.605,2020-03-18,6884582.335000004,42,8501624.335000005,2,2020-03-18,9393950.605,15,9971465.605,2022-06-24,9491.01000000164,979.0,10745205.010000002,2022-06-24,58144.02000000037,883.0,9741122.02,2022-06-24,520476.3549999993,743.0,8668214.354999999,9.0,2022-06-24,9827271.360000001,15.0,9991761.360000001
2020-03-19,5254.4000000003725,320,12647174.4,2020-03-19,184652.60500000045,260,10456212.605,2020-03-19,6884582.335000004,42,8543834.335000005,2,2020-03-19,9393950.605,15,9986540.605,2022-06-27,9491.01000000164,979.0,10887160.010000002,2022-06-27,58144.02000000037,883.0,9869157.02,2022-06-27,520476.3549999993,743.0,8775949.354999999,9.0,2022-06-27,9827271.360000001,15.0,9993936.360000001
2020-03-20,5254.4000000003725,320,12954054.4,2020-03-20,184652.60500000045,260,10705552.605,2020-03-20,6884582.335000004,42,8584112.335000005,2,2020-03-20,9393950.605,15,10000925.605,2022-06-28,9491.01000000164,979.0,10892055.010000002,2022-06-28,58144.02000000037,883.0,9873572.02,2022-06-28,520476.3549999993,743.0,8779664.354999999,9.0,2022-06-28,9827271.360000001,15.0,9994011.360000001
2020-03-23,5254.4000000003725,320,12125574.4,2020-03-23,184652.60500000045,260,10032412.605,2020-03-23,6884582.335000004,42,8475374.335000005,2,2020-03-23,9393950.605,15,9962090.605,2022-06-29,9491.01000000164,979.0,10764785.010000002,2022-06-29,58144.02000000037,883.0,9758782.02,2022-06-29,520476.3549999993,743.0,8683074.354999999,9.0,2022-06-29,9827271.360000001,15.0,9992061.360000001
2020-03-24,5254.4000000003725,320,12946374.4,2020-03-24,184652.60500000045,260,10699312.605,2020-03-24,6884582.335000004,42,8583104.335000005,2,2020-03-24,9393950.605,15,10000565.605,2022-06-30,9491.01000000164,979.0,10648284.010000002,2022-06-30,58144.02000000037,883.0,9653705.02,2022-06-30,520476.3549999993,743.0,8594657.354999999,9.0,2022-06-30,9827271.360000001,15.0,9990276.360000001
2020-03-25,5254.4000000003725,320,13013574.4,2020-03-25,184652.60500000045,260,10753912.605,2020-03-25,6884582.335000004,42,8591924.335000005,2,2020-03-25,9393950.605,15,10003715.605,2022-07-01,9491.01000000164,979.0,10569964.010000002,2022-07-01,58144.02000000037,883.0,9583065.02,2022-07-01,520476.3549999993,743.0,8535217.354999999,9.0,2022-07-01,9816322.555000002,16.0,9988914.555000002
2020-03-26,5254.4000000003725,320,12860294.4,2020-03-26,184652.60500000045,260,10629372.605,2020-03-26,6884582.335000004,42,8571806.335000005,2,2020-03-26,9393950.605,15,9996530.605,2022-07-04,9491.01000000164,979.0,10706045.010000002,2022-07-04,58144.02000000037,883.0,9705802.02,2022-07-04,520476.3549999993,743.0,8638494.354999999,9.0,2022-07-04,9816322.555000002,16.0,9991138.555000002
2020-03-27,5254.4000000003725,320,13256774.4,2020-03-27,184652.60500000045,260,10951512.605,2020-03-27,6884582.335000004,42,8623844.335000005,2,2020-03-27,9393950.605,15,10015115.605,2022-07-05,9491.01000000164,979.0,10833315.010000002,2022-07-05,58144.02000000037,883.0,9820592.02,2022-07-05,520476.3549999993,743.0,8735084.354999999,9.0,2022-07-05,9816322.555000002,16.0,9993218.555000002
2020-03-30,5254.4000000003725,320,13099974.4,2020-03-30,184652.60500000045,260,10824112.605,2020-03-30,6884582.335000004,42,8603264.335000005,2,2020-03-30,9393950.605,15,10007765.605,2022-07-06,9491.01000000164,979.0,10799050.010000002,2022-07-06,58144.02000000037,883.0,9789687.02,2022-07-06,520476.3549999993,743.0,8709079.354999999,9.0,2022-07-06,9816322.555000002,16.0,9992658.555000002
2020-03-31,5254.4000000003725,320,13405894.4,2020-03-31,184652.60500000045,260,11072672.605,2020-03-31,6884582.335000004,42,8643416.335000005,2,2020-03-31,9393950.605,15,10022105.605,2022-07-07,9491.01000000164,979.0,10867580.010000002,2022-07-07,58144.02000000037,883.0,9851497.02,2022-07-07,520476.3549999993,743.0,8761089.354999999,9.0,2022-07-07,9816322.555000002,16.0,9993778.555000002
2020-04-01,5254.4000000003725,320,13080134.4,2020-04-01,184652.60500000045,260,10807992.605,2020-04-01,5889257.095000003,66,8585951.095000003,3,2020-04-01,9352478.72,16,10006222.72,2022-07-08,9491.01000000164,979.0,10941005.010000002,2022-07-08,58144.02000000037,883.0,9917722.02,2022-07-08,520476.3549999993,743.0,8816814.354999999,9.0,2022-07-08,9816322.555000002,16.0,9994978.555000002
2020-04-02,5254.4000000003725,320,12993094.4,2020-04-02,184652.60500000045,260,10737272.605,2020-04-02,5889257.095000003,66,8567999.095000003,3,2020-04-02,9352478.72,16,10001870.72,2022-07-11,9491.01000000164,979.0,10916530.010000002,2022-07-11,58144.02000000037,883.0,9895647.02,2022-07-11,520476.3549999993,743.0,8798239.354999999,9.0,2022-07-11,9816322.555000002,16.0,9994578.555000002
2020-04-03,5254.4000000003725,320,13029574.4,2020-04-03,184652.60500000045,260,10766912.605,2020-04-03,5889257.095000003,66,8575523.095000003,3,2020-04-03,9352478.72,16,10003694.72,2022-07-12,9491.01000000164,979.0,10906740.010000002,2022-07-12,58144.02000000037,883.0,9886817.02,2022-07-12,520476.3549999993,743.0,8790809.354999999,9.0,2022-07-12,9816322.555000002,16.0,9994418.555000002
2020-04-06,5254.4000000003725,320,13522054.4,2020-04-06,184652.60500000045,260,11167052.605,2020-04-06,5889257.095000003,66,8677097.095000003,3,2020-04-06,9352478.72,16,10028318.72,2022-07-13,9491.01000000164,979.0,10848000.010000002,2022-07-13,58144.02000000037,883.0,9833837.02,2022-07-13,520476.3549999993,743.0,8746229.354999999,9.0,2022-07-13,9816322.555000002,16.0,9993458.555000002
2020-04-07,5254.4000000003725,320,13910214.4,2020-04-07,184652.60500000045,260,11482432.605,2020-04-07,5889257.095000003,66,8757155.095000003,3,2020-04-07,9352478.72,16,10047726.72,2022-07-14,9491.01000000164,979.0,10774575.010000002,2022-07-14,58144.02000000037,883.0,9767612.02,2022-07-14,520476.3549999993,743.0,8690504.354999999,9.0,2022-07-14,9816322.555000002,16.0,9992258.555000002
2020-04-08,5254.4000000003725,320,13809734.4,2020-04-08,184652.60500000045,260,11400792.605,2020-04-08,5889257.095000003,66,8736431.095000003,3,2020-04-08,9352478.72,16,10042702.72,2022-07-15,9491.01000000164,979.0,10911635.010000002,2022-07-15,58144.02000000037,883.0,9891232.02,2022-07-15,520476.3549999993,743.0,8794524.354999999,9.0,2022-07-15,9816322.555000002,16.0,9994498.555000002
2020-04-09,5254.4000000003725,320,14076934.4,2020-04-09,184652.60500000045,260,11617892.605,2020-04-09,5889257.095000003,66,8791541.095000003,3,2020-04-09,9352478.72,16,10056062.72,2022-07-18,9491.01000000164,979.0,11077086.010000002,2022-07-18,58144.02000000037,883.0,10040459.02,2022-07-18,520476.3549999993,743.0,8920091.354999999,9.0,2022-07-18,9816322.555000002,16.0,9997202.555000002
2020-04-10,5254.4000000003725,320,14076934.4,2020-04-10,184652.60500000045,260,11617892.605,2020-04-10,5889257.095000003,66,8791541.095000003,3,2020-04-10,9352478.72,16,10056062.72,2022-07-19,9491.01000000164,979.0,10950795.010000002,2022-07-19,58144.02000000037,883.0,9926552.02,2022-07-19,520476.3549999993,743.0,8824244.354999999,9.0,2022-07-19,9816322.555000002,16.0,9995138.555000002
2020-04-13,5254.4000000003725,320,13851654.4,2020-04-13,184652.60500000045,260,11434852.605,2020-04-13,5889257.095000003,66,8745077.095000003,3,2020-04-13,9352478.72,16,10044798.72,2022-07-20,9491.01000000164,979.0,11233726.010000002,2022-07-20,58144.02000000037,883.0,10181739.02,2022-07-20,520476.3549999993,743.0,9038971.354999999,9.0,2022-07-20,9816322.555000002,16.0,9999762.555000002
2020-04-14,5254.4000000003725,320,14407174.4,2020-04-14,184652.60500000045,260,11886212.605,2020-04-14,6791177.335000004,42,8681429.335000005,2,2020-04-14,9352478.72,16,10072574.72,2022-07-21,9491.01000000164,979.0,11243516.010000002,2022-07-21,58144.02000000037,883.0,10190569.02,2022-07-21,520476.3549999993,743.0,9046401.354999999,9.0,2022-07-21,9816322.555000002,16.0,9999922.555000002
2020-04-16,5254.4000000003725,320,14856454.4,2020-04-16,184652.60500000045,260,12251252.605,2020-04-16,6791177.335000004,42,8740397.335000005,2,2020-04-16,9352478.72,16,10095038.72,2022-07-22,9491.01000000164,979.0,11330647.010000002,2022-07-22,58144.02000000037,883.0,10269156.02,2022-07-22,520476.3549999993,743.0,9112528.354999999,9.0,2022-07-22,9816322.555000002,16.0,10001346.555000002
2020-04-17,5254.4000000003725,320,15173254.4,2020-04-17,184652.60500000045,260,12508652.605,2020-04-17,6791177.335000004,42,8781977.335000005,2,2020-04-17,9352478.72,16,10110878.72,2022-07-25,9491.01000000164,979.0,11272886.010000002,2022-07-25,58144.02000000037,883.0,10217059.02,2022-07-25,520476.3549999993,743.0,9068691.354999999,9.0,2022-07-25,9816322.555000002,16.0,10000402.555000002
2020-04-20,5254.4000000003725,320,15017414.4,2020-04-20,184652.60500000045,260,12382032.605,2020-04-20,6791177.335000004,42,8761523.335000005,2,2020-04-20,9352478.72,16,10103086.72,2022-07-26,9491.01000000164,979.0,11238621.010000002,2022-07-26,58144.02000000037,883.0,10186154.02,2022-07-26,520476.3549999993,743.0,9042686.354999999,9.0,2022-07-26,9816322.555000002,16.0,9999842.555000002
2020-04-21,5254.4000000003725,320,15012614.4,2020-04-21,184652.60500000045,260,12378132.605,2020-04-21,6791177.335000004,42,8760893.335000005,2,2020-04-21,9352478.72,16,10102846.72,2022-07-27,9491.01000000164,979.0,11272886.010000002,2022-07-27,58144.02000000037,883.0,10217059.02,2022-07-27,520476.3549999993,743.0,9068691.354999999,9.0,2022-07-27,9816322.555000002,16.0,10000402.555000002
2020-04-22,5254.4000000003725,320,14734534.4,2020-04-22,184652.60500000045,260,12152192.605,2020-04-22,6791177.335000004,42,8724395.335000005,2,2020-04-22,9352478.72,16,10088942.72,2022-07-28,9491.01000000164,979.0,11325752.010000002,2022-07-28,58144.02000000037,883.0,10264741.02,2022-07-28,520476.3549999993,743.0,9108813.354999999,9.0,2022-07-28,9816322.555000002,16.0,10001266.555000002
2020-04-23,5254.4000000003725,320,15004614.4,2020-04-23,184652.60500000045,260,12371632.605,2020-04-23,6791177.335000004,42,8759843.335000005,2,2020-04-23,9352478.72,16,10102446.72,2022-07-29,9491.01000000164,979.0,11560712.010000002,2022-07-29,58144.02000000037,883.0,10476661.02,2022-07-29,520476.3549999993,743.0,9287133.354999999,9.0,2022-07-29,9816322.555000002,16.0,10005106.555000002
2020-04-24,5254.4000000003725,320,14896134.4,2020-04-24,184652.60500000045,260,12283492.605,2020-04-24,6791177.335000004,42,8745605.335000005,2,2020-04-24,9352478.72,16,10097022.72,2022-08-01,9491.01000000164,979.0,11633158.010000002,2022-08-01,58144.02000000037,883.0,10542003.02,2022-08-01,520476.3549999993,743.0,9342115.354999999,9.0,2022-08-01,9804271.46,17.0,10006112.46
2020-04-27,5254.4000000003725,320,15264774.4,2020-04-27,184652.60500000045,260,12583012.605,2020-04-27,6791177.335000004,42,8793989.335000005,2,2020-04-27,9352478.72,16,10115454.72,2022-08-02,9491.01000000164,979.0,11604767.010000002,2022-08-02,58144.02000000037,883.0,10516396.02,2022-08-02,520476.3549999993,743.0,9320568.354999999,9.0,2022-08-02,9804271.46,17.0,10005619.46
2020-04-28,5254.4000000003725,320,15239174.4,2020-04-28,184652.60500000045,260,12562212.605,2020-04-28,6791177.335000004,42,8790629.335000005,2,2020-04-28,9352478.72,16,10114174.72,2022-08-03,9491.01000000164,979.0,11662528.010000002,2022-08-03,58144.02000000037,883.0,10568493.02,2022-08-03,520476.3549999993,743.0,9364405.354999999,9.0,2022-08-03,9804271.46,17.0,10006622.46
2020-04-29,5254.4000000003725,320,15066694.4,2020-04-29,184652.60500000045,260,12422072.605,2020-04-29,6791177.335000004,42,8767991.335000005,2,2020-04-29,9352478.72,16,10105550.72,2022-08-04,9491.01000000164,979.0,11780008.010000002,2022-08-04,58144.02000000037,883.0,10674453.02,2022-08-04,520476.3549999993,743.0,9453565.354999999,9.0,2022-08-04,9804271.46,17.0,10008662.46
2020-05-04,5254.4000000003725,320,14940294.4,2020-05-04,184652.60500000045,260,12319372.605,2020-05-04,5796363.655000004,63,8736699.655000005,3,2020-05-04,9305106.64,17,10098530.64,2022-08-05,9491.01000000164,979.0,11716373.010000002,2022-08-05,58144.02000000037,883.0,10617058.02,2022-08-05,520476.3549999993,743.0,9405270.354999999,9.0,2022-08-05,9804271.46,17.0,10007557.46
2020-05-06,5254.4000000003725,320,15370374.4,2020-05-06,184652.60500000045,260,12668812.605,2020-05-06,5796363.655000004,63,8821371.655000005,3,2020-05-06,9305106.64,17,10121378.64,2022-08-08,9491.01000000164,979.0,11755533.010000002,2022-08-08,58144.02000000037,883.0,10652378.02,2022-08-08,520476.3549999993,743.0,9434990.354999999,9.0,2022-08-08,9804271.46,17.0,10008237.46
2020-05-07,5254.4000000003725,320,15507974.4,2020-05-07,184652.60500000045,260,12780612.605,2020-05-07,5796363.655000004,63,8848461.655000005,3,2020-05-07,9305106.64,17,10128688.64,2022-08-09,9491.01000000164,979.0,11735953.010000002,2022-08-09,58144.02000000037,883.0,10634718.02,2022-08-09,520476.3549999993,743.0,9420130.354999999,9.0,2022-08-09,9804271.46,17.0,10007897.46
2020-05-08,5254.4000000003725,320,15718854.4,2020-05-08,184652.60500000045,260,12951952.605,2020-05-08,6698422.505000004,41,8711727.505000003,2,2020-05-08,9305106.64,17,10139891.64,2022-08-10,9491.01000000164,979.0,11701688.010000002,2022-08-10,58144.02000000037,883.0,10603813.02,2022-08-10,520476.3549999993,743.0,9394125.354999999,9.0,2022-08-10,9804271.46,17.0,10007302.46
2020-05-11,5254.4000000003725,320,15803334.4,2020-05-11,184652.60500000045,260,13020592.605,2020-05-11,6698422.505000004,41,8722551.505000003,2,2020-05-11,9305106.64,17,10144379.64,2022-08-11,9491.01000000164,979.0,11931753.010000002,2022-08-11,58144.02000000037,883.0,10811318.02,2022-08-11,520476.3549999993,743.0,9568730.354999999,9.0,2022-08-11,9804271.46,17.0,10011297.46
2020-05-12,5254.4000000003725,320,15884614.4,2020-05-12,184652.60500000045,260,13086632.605,2020-05-12,6698422.505000004,41,8732965.505000003,2,2020-05-12,9305106.64,17,10148697.64,2022-08-12,9491.01000000164,979.0,11907278.010000002,2022-08-12,58144.02000000037,883.0,10789243.02,2022-08-12,520476.3549999993,743.0,9550155.354999999,9.0,2022-08-12,9804271.46,17.0,10010872.46
2020-05-13,5254.4000000003725,320,15677254.4,2020-05-13,184652.60500000045,260,12918152.605,2020-05-13,6698422.505000004,41,8706397.505000003,2,2020-05-13,9305106.64,17,10137681.64,2022-08-16,9491.01000000164,979.0,12170629.010000002,2022-08-16,58144.02000000037,883.0,11026770.02,2022-08-16,520476.3549999993,743.0,9750022.354999999,9.0,2022-08-16,9804271.46,17.0,10015445.46
2020-05-14,5254.4000000003725,320,15434374.4,2020-05-14,184652.60500000045,260,12720812.605,2020-05-14,6698422.505000004,41,8675278.505000003,2,2020-05-14,9305106.64,17,10124778.64,2022-08-17,9491.01000000164,979.0,12239159.010000002,2022-08-17,58144.02000000037,883.0,11088580.02,2022-08-17,1417526.8749999993,657.0,9624770.875,8.0,2022-08-17,9804271.46,17.0,10016635.46
2020-05-15,5254.4000000003725,320,15675654.4,2020-05-15,184652.60500000045,260,12916852.605,2020-05-15,6698422.505000004,41,8706192.505000003,2,2020-05-15,9305106.64,17,10137596.64,2022-08-18,9491.01000000164,979.0,12209789.010000002,2022-08-18,58144.02000000037,883.0,11062090.02,2022-08-18,418261.40499999945,736.0,9590293.405,9.0,2022-08-18,9804271.46,17.0,10016125.46
2020-05-18,5254.4000000003725,320,15916294.4,2020-05-18,184652.60500000045,260,13112372.605,2020-05-18,6698422.505000004,41,8737024.505000003,2,2020-05-18,9305106.64,17,10150380.64,2022-08-19,9491.01000000164,979.0,12292025.010000002,2022-08-19,58144.02000000037,883.0,11136262.02,2022-08-19,418261.40499999945,736.0,9652117.405,9.0,2022-08-19,9804271.46,17.0,10017553.46
2020-05-19,5254.4000000003725,320,16109894.4,2020-05-19,184652.60500000045,260,13269672.605,2020-05-19,6698422.505000004,41,8761829.505000003,2,2020-05-19,9305106.64,17,10160665.64,2022-08-22,9491.01000000164,979.0,12229369.010000002,2022-08-22,58144.02000000037,883.0,11079750.02,2022-08-22,418261.40499999945,736.0,9605013.405,9.0,2022-08-22,9804271.46,17.0,10016465.46
2020-05-20,5254.4000000003725,320,16146054.4,2020-05-20,184652.60500000045,260,13299052.605,2020-05-20,6698422.505000004,41,8766462.505000003,2,2020-05-20,9305106.64,17,10162586.64,2022-08-23,9491.01000000164,979.0,12043359.010000002,2022-08-23,58144.02000000037,883.0,10911980.02,2022-08-23,418261.40499999945,736.0,9465173.405,9.0,2022-08-23,9804271.46,17.0,10013235.46
2020-05-21,5254.4000000003725,320,16329734.4,2020-05-21,184652.60500000045,260,13448292.605,2020-05-21,6698422.505000004,41,8789996.505000003,2,2020-05-21,9305106.64,17,10172344.64,2022-08-24,9491.01000000164,979.0,12013989.010000002,2022-08-24,58144.02000000037,883.0,10885490.02,2022-08-24,418261.40499999945,736.0,9443093.405,9.0,2022-08-24,9804271.46,17.0,10012725.46
2020-05-22,5254.4000000003725,320,16135494.4,2020-05-22,184652.60500000045,260,13290472.605,2020-05-22,6698422.505000004,41,8765109.505000003,2,2020-05-22,9305106.64,17,10162025.64,2022-08-25,9491.01000000164,979.0,12116784.010000002,2022-08-25,58144.02000000037,883.0,10978205.02,2022-08-25,418261.40499999945,736.0,9520373.405,9.0,2022-08-25,9804271.46,17.0,10014510.46
2020-05-25,5254.4000000003725,320,16523014.4,2020-05-25,184652.60500000045,260,13605332.605,2020-05-25,7603544.1350000035,20,8635904.135000004,1,2020-05-25,9305106.64,17,10182612.64,2022-08-26,9491.01000000164,979.0,12121679.010000002,2022-08-26,58144.02000000037,883.0,10982620.02,2022-08-26,418261.40499999945,736.0,9524053.405,9.0,2022-08-26,9804271.46,17.0,10014595.46
2020-05-26,5254.4000000003725,320,16630854.4,2020-05-26,184652.60500000045,260,13692952.605,2020-05-26,7603544.1350000035,20,8642644.135000004,1,2020-05-26,9305106.64,17,10188341.64,2022-08-29,9491.01000000164,979.0,11784903.010000002,2022-08-29,58144.02000000037,883.0,10678868.02,2022-08-29,418261.40499999945,736.0,9270869.405,9.0,2022-08-29,9804271.46,17.0,10008747.46
2020-05-27,5254.4000000003725,320,16414214.4,2020-05-27,184652.60500000045,260,13516932.605,2020-05-27,7603544.1350000035,20,8629104.135000004,1,2020-05-27,9305106.64,17,10176832.64,2022-08-30,9491.01000000164,979.0,11804483.010000002,2022-08-30,58144.02000000037,883.0,10696528.02,2022-08-30,418261.40499999945,736.0,9285589.405,9.0,2022-08-30,9804271.46,17.0,10009087.46
2020-05-28,5254.4000000003725,320,16451974.4,2020-05-28,184652.60500000045,260,13547612.605,2020-05-28,7603544.1350000035,20,8631464.135000004,1,2020-05-28,9305106.64,17,10178838.64,2022-08-31,9491.01000000164,979.0,11652738.010000002,2022-08-31,58144.02000000037,883.0,10559663.02,2022-08-31,418261.40499999945,736.0,9171509.405,9.0,2022-08-31,9804271.46,17.0,10006452.46
2020-05-29,5254.4000000003725,320,16341574.4,2020-05-29,184652.60500000045,260,13457912.605,2020-05-29,7603544.1350000035,20,8624564.135000004,1,2020-05-29,9305106.64,17,10172973.64,2022-09-01,9491.01000000164,979.0,11550922.010000002,2022-09-01,58144.02000000037,883.0,10467831.02,2022-09-01,418261.40499999945,736.0,9094965.405,9.0,2022-09-01,9792305.625,18.0,10004507.625
2020-06-01,5254.4000000003725,320,16477574.4,2020-06-01,184652.60500000045,260,13568412.605,2020-06-01,6610829.475000003,39,8618393.475000003,2,2020-06-01,9252858.5,18,10179426.5,2022-09-02,9491.01000000164,979.0,11721268.010000002,2022-09-02,58144.02000000037,883.0,10621473.02,2022-09-02,418261.40499999945,736.0,9223029.405,9.0,2022-09-02,9792305.625,18.0,10007639.625
2020-06-02,5254.4000000003725,320,16527494.4,2020-06-02,184652.60500000045,260,13608972.605,2020-06-02,6610829.475000003,39,8624477.475000003,2,2020-06-02,9252858.5,18,10182234.5,2022-09-05,9491.01000000164,979.0,11721268.010000002,2022-09-05,58144.02000000037,883.0,10621473.02,2022-09-05,418261.40499999945,736.0,9223029.405,9.0,2022-09-05,9792305.625,18.0,10007639.625
2020-06-03,5254.4000000003725,320,16554374.4,2020-06-03,184652.60500000045,260,13630812.605,2020-06-03,6610829.475000003,39,8627753.475000003,2,2020-06-03,9252858.5,18,10183746.5,2022-09-06,9491.01000000164,979.0,11726163.010000002,2022-09-06,58144.02000000037,883.0,10625888.02,2022-09-06,418261.40499999945,736.0,9226709.405,9.0,2022-09-06,9792305.625,18.0,10007729.625
2020-06-04,5254.4000000003725,320,16551174.4,2020-06-04,184652.60500000045,260,13628212.605,2020-06-04,6610829.475000003,39,8627363.475000003,2,2020-06-04,9252858.5,18,10183566.5,2022-09-07,9491.01000000164,979.0,11731058.010000002,2022-09-07,58144.02000000037,883.0,10630303.02,2022-09-07,418261.40499999945,736.0,9230389.405,9.0,2022-09-07,9792305.625,18.0,10007819.625
2020-06-05,5254.4000000003725,320,16431814.4,2020-06-05,184652.60500000045,260,13531232.605,2020-06-05,6610829.475000003,39,8612816.475000003,2,2020-06-05,9252858.5,18,10176852.5,2022-09-08,9491.01000000164,979.0,11950354.010000002,2022-09-08,58144.02000000037,883.0,10828095.02,2022-09-08,418261.40499999945,736.0,9395253.405,9.0,2022-09-08,9792305.625,18.0,10011851.625
2020-06-08,5254.4000000003725,320,16618054.4,2020-06-08,184652.60500000045,260,13682552.605,2020-06-08,6610829.475000003,39,8635514.475000003,2,2020-06-08,9252858.5,18,10187328.5,2022-09-13,9491.01000000164,979.0,12306710.010000002,2022-09-13,58144.02000000037,883.0,11149507.02,2022-09-13,418261.40499999945,736.0,9663157.405,9.0,2022-09-13,9792305.625,18.0,10018403.625
2020-06-09,5254.4000000003725,320,16626054.4,2020-06-09,184652.60500000045,260,13689052.605,2020-06-09,6610829.475000003,39,8636489.475000003,2,2020-06-09,9252858.5,18,10187778.5,2022-09-14,9491.01000000164,979.0,11921963.010000002,2022-09-14,58144.02000000037,883.0,10802488.02,2022-09-14,418261.40499999945,736.0,9373909.405,9.0,2022-09-14,9792305.625,18.0,10011329.625
2020-06-10,5254.4000000003725,320,16702214.4,2020-06-10,184652.60500000045,260,13750932.605,2020-06-10,6610829.475000003,39,8645771.475000003,2,2020-06-10,9252858.5,18,10192062.5,2022-09-15,9491.01000000164,979.0,11955249.010000002,2022-09-15,58144.02000000037,883.0,10832510.02,2022-09-15,418261.40499999945,736.0,9398933.405,9.0,2022-09-15,9792305.625,18.0,10011941.625
2020-06-11,5254.4000000003725,320,16736774.4,2020-06-11,184652.60500000045,260,13779012.605,2020-06-11,6610829.475000003,39,8649983.475000003,2,2020-06-11,9252858.5,18,10194006.5,2022-09-16,9491.01000000164,979.0,11696793.010000002,2022-09-16,58144.02000000037,883.0,10599398.02,2022-09-16,418261.40499999945,736.0,9204629.405,9.0,2022-09-16,9792305.625,18.0,10007189.625
2020-06-12,5254.4000000003725,320,16363654.4,2020-06-12,184652.60500000045,260,13475852.605,2020-06-12,6610829.475000003,39,8604509.475000003,2,2020-06-12,9252858.5,18,10173018.5,2022-09-19,9491.01000000164,979.0,11657633.010000002,2022-09-19,58144.02000000037,883.0,10564078.02,2022-09-19,418261.40499999945,736.0,9175189.405,9.0,2022-09-19,9792305.625,18.0,10006469.625
2020-06-15,5254.4000000003725,320,16010054.4,2020-06-15,184652.60500000045,260,13188552.605,2020-06-15,6610829.475000003,39,8561414.475000003,2,2020-06-15,9252858.5,18,10153128.5,2022-09-20,9491.01000000164,979.0,11789798.010000002,2022-09-20,58144.02000000037,883.0,10683283.02,2022-09-20,418261.40499999945,736.0,9274549.405,9.0,2022-09-20,9792305.625,18.0,10008899.625
2020-06-16,5254.4000000003725,320,16738374.4,2020-06-16,184652.60500000045,260,13780312.605,2020-06-16,6610829.475000003,39,8650178.475000003,2,2020-06-16,9252858.5,18,10194096.5,2022-09-21,9491.01000000164,979.0,11672318.010000002,2022-09-21,58144.02000000037,883.0,10577323.02,2022-09-21,418261.40499999945,736.0,9186229.405,9.0,2022-09-21,9792305.625,18.0,10006739.625
2020-06-17,5254.4000000003725,320,16989254.4,2020-06-17,184652.60500000045,260,13984152.605,2020-06-17,7497181.975000003,19,8505606.975000003,1,2020-06-17,9252858.5,18,10208208.5,2022-09-22,9491.01000000164,979.0,11560712.010000002,2022-09-22,58144.02000000037,883.0,10476661.02,2022-09-22,418261.40499999945,736.0,9102325.405,9.0,2022-09-22,9792305.625,18.0,10004687.625
2020-06-18,5254.4000000003725,320,16896774.4,2020-06-18,184652.60500000045,260,13909012.605,2020-06-18,7497181.975000003,19,8500115.975000003,1,2020-06-18,9252858.5,18,10203006.5,2022-09-23,9491.01000000164,979.0,11487287.010000002,2022-09-23,58144.02000000037,883.0,10410436.02,2022-09-23,418261.40499999945,736.0,9047125.405,9.0,2022-09-23,9792305.625,18.0,10003337.625
2020-06-19,5254.4000000003725,320,17063814.4,2020-06-19,184652.60500000045,260,14044732.605,2020-06-19,7497181.975000003,19,8510033.975000003,1,2020-06-19,9252858.5,18,10212402.5,2022-09-26,9491.01000000164,979.0,11394282.010000002,2022-09-26,58144.02000000037,883.0,10326551.02,2022-09-26,418261.40499999945,736.0,8977205.405,9.0,2022-09-26,9792305.625,18.0,10001627.625
2020-06-22,5254.4000000003725,320,17057414.4,2020-06-22,184652.60500000045,260,14039532.605,2020-06-22,7497181.975000003,19,8509653.975000003,1,2020-06-22,9252858.5,18,10212042.5,2022-09-27,9491.01000000164,979.0,11428547.010000002,2022-09-27,58144.02000000037,883.0,10357456.02,2022-09-27,418261.40499999945,736.0,9002965.405,9.0,2022-09-27,9792305.625,18.0,10002257.625
2020-06-23,5254.4000000003725,320,17179334.4,2020-06-23,184652.60500000045,260,14138592.605,2020-06-23,7497181.975000003,19,8516892.975000003,1,2020-06-23,9252858.5,18,10218900.5,2022-09-28,9491.01000000164,979.0,11384492.010000002,2022-09-28,58144.02000000037,883.0,10317721.02,2022-09-28,418261.40499999945,736.0,8969845.405,9.0,2022-09-28,9792305.625,18.0,10001447.625
2020-06-24,5254.4000000003725,320,17251334.4,2020-06-24,184652.60500000045,260,14197092.605,2020-06-24,7497181.975000003,19,8521167.975000003,1,2020-06-24,9252858.5,18,10222950.5,2022-09-29,9491.01000000164,979.0,11526447.010000002,2022-09-29,58144.02000000037,883.0,10445756.02,2022-09-29,418261.40499999945,736.0,9076565.405,9.0,2022-09-29,9792305.625,18.0,10004057.625
2020-06-25,5254.4000000003725,320,16921734.4,2020-06-25,184652.60500000045,260,13929292.605,2020-06-25,7497181.975000003,19,8501597.975000003,1,2020-06-25,9252858.5,18,10204410.5,2022-09-30,9491.01000000164,979.0,11335542.010000002,2022-09-30,58144.02000000037,883.0,10273571.02,2022-09-30,418261.40499999945,736.0,8933045.405,9.0,2022-09-30,9792305.625,18.0,10000547.625
2020-06-26,5254.4000000003725,320,17024454.4,2020-06-26,184652.60500000045,260,14012752.605,2020-06-26,7497181.975000003,19,8507696.975000003,1,2020-06-26,9252858.5,18,10210188.5,2022-10-04,9491.01000000164,979.0,11511762.010000002,2022-10-04,58144.02000000037,883.0,10432511.02,2022-10-04,418261.40499999945,736.0,9065525.405,9.0,2022-10-04,9780380.39,19.0,10003611.39
2020-06-29,5254.4000000003725,320,16573574.4,2020-06-29,184652.60500000045,260,13646412.605,2020-06-29,7497181.975000003,19,8480925.975000003,1,2020-06-29,9252858.5,18,10184826.5,2022-10-05,9491.01000000164,979.0,11531342.010000002,2022-10-05,58144.02000000037,883.0,10450171.02,2022-10-05,418261.40499999945,736.0,9080245.405,9.0,2022-10-05,9780380.39,19.0,10003991.39
2020-06-30,5254.4000000003725,320,16833414.4,2020-06-30,184652.60500000045,260,13857532.605,2020-06-30,7497181.975000003,19,8496353.975000003,1,2020-06-30,9252858.5,18,10199442.5,2022-10-06,9491.01000000164,979.0,11546027.010000002,2022-10-06,58144.02000000037,883.0,10463416.02,2022-10-06,418261.40499999945,736.0,9091285.405,9.0,2022-10-06,9780380.39,19.0,10004276.39
2020-07-01,5254.4000000003725,320,17075014.4,2020-07-01,184652.60500000045,260,14053832.605,2020-07-01,6522605.365000004,37,8496296.365000004,2,2020-07-01,9198715.355,19,10212232.355,2022-10-07,9491.01000000164,979.0,11438337.010000002,2022-10-07,58144.02000000037,883.0,10366286.02,2022-10-07,418261.40499999945,736.0,9010325.405,9.0,2022-10-07,9780380.39,19.0,10002186.39
2020-07-02,5254.4000000003725,320,17350214.4,2020-07-02,184652.60500000045,260,14277432.605,2020-07-02,6522605.365000004,37,8528116.365000004,2,2020-07-02,9198715.355,19,10228572.355,2022-10-11,9491.01000000164,979.0,11228831.010000002,2022-10-11,58144.02000000037,883.0,10177324.02,2022-10-11,418261.40499999945,736.0,8852821.405,9.0,2022-10-11,9780380.39,19.0,9998120.39
2020-07-03,5254.4000000003725,320,17455814.4,2020-07-03,184652.60500000045,260,14363232.605,2020-07-03,6522605.365000004,37,8540326.365000004,2,2020-07-03,9198715.355,19,10234842.355,2022-10-12,9491.01000000164,979.0,11209251.010000002,2022-10-12,58144.02000000037,883.0,10159664.02,2022-10-12,418261.40499999945,736.0,8838101.405,9.0,2022-10-12,9780380.39,19.0,9997740.39
2020-07-06,5254.4000000003725,320,17568134.4,2020-07-06,184652.60500000045,260,14454492.605,2020-07-06,6522605.365000004,37,8553313.365000004,2,2020-07-06,9198715.355,19,10241511.355,2022-10-13,9491.01000000164,979.0,11130931.010000002,2022-10-13,58144.02000000037,883.0,10089024.02,2022-10-13,418261.40499999945,736.0,8779221.405,9.0,2022-10-13,9780380.39,19.0,9996220.39
2020-07-07,5254.4000000003725,320,17736454.4,2020-07-07,184652.60500000045,260,14591252.605,2020-07-07,6522605.365000004,37,8572775.365000004,2,2020-07-07,9198715.355,19,10251505.355,2022-10-14,9491.01000000164,979.0,11472602.010000002,2022-10-14,58144.02000000037,883.0,10397191.02,2022-10-14,418261.40499999945,736.0,9036085.405,9.0,2022-10-14,9780380.39,19.0,10002851.39
2020-07-08,5254.4000000003725,320,17624774.4,2020-07-08,184652.60500000045,260,14500512.605,2020-07-08,6522605.365000004,37,8559862.365000004,2,2020-07-08,9198715.355,19,10244874.355,2022-10-17,9491.01000000164,979.0,11277781.010000002,2022-10-17,58144.02000000037,883.0,10221474.02,2022-10-17,418261.40499999945,736.0,8889621.405,9.0,2022-10-17,9780380.39,19.0,9999070.39
2020-07-09,5254.4000000003725,320,17885574.4,2020-07-09,184652.60500000045,260,14712412.605,2020-07-09,6522605.365000004,37,8590017.365000004,2,2020-07-09,9198715.355,19,10260359.355,2022-10-18,9491.01000000164,979.0,11575397.010000002,2022-10-18,58144.02000000037,883.0,10489906.02,2022-10-18,418261.40499999945,736.0,9113365.405,9.0,2022-10-18,9780380.39,19.0,10004846.39
2020-07-10,5254.4000000003725,320,18025734.4,2020-07-10,184652.60500000045,260,14826292.605,2020-07-10,6522605.365000004,37,8606223.365000004,2,2020-07-10,9198715.355,19,10268681.355,2022-10-19,9491.01000000164,979.0,11575397.010000002,2022-10-19,58144.02000000037,883.0,10489906.02,2022-10-19,418261.40499999945,736.0,9113365.405,9.0,2022-10-19,9780380.39,19.0,10004846.39
2020-07-13,5254.4000000003725,320,18363334.4,2020-07-13,184652.60500000045,260,15100592.605,2020-07-13,7432764.550000004,18,8465406.550000004,1,2020-07-13,9198715.355,19,10288726.355,2022-10-20,9491.01000000164,979.0,11482392.010000002,2022-10-20,58144.02000000037,883.0,10406021.02,2022-10-20,418261.40499999945,736.0,9043445.405,9.0,2022-10-20,9780380.39,19.0,10003041.39
2020-07-14,5254.4000000003725,320,18047494.4,2020-07-14,184652.60500000045,260,14843972.605,2020-07-14,7432764.550000004,18,8447640.550000004,1,2020-07-14,9198715.355,19,10269973.355,2022-10-21,9491.01000000164,979.0,11438337.010000002,2022-10-21,58144.02000000037,883.0,10366286.02,2022-10-21,418261.40499999945,736.0,9010325.405,9.0,2022-10-21,9780380.39,19.0,10002186.39
2020-07-15,5254.4000000003725,320,18076934.4,2020-07-15,184652.60500000045,260,14867892.605,2020-07-15,7432764.550000004,18,8449296.550000004,1,2020-07-15,9198715.355,19,10271721.355,2022-10-24,9491.01000000164,979.0,11760428.010000002,2022-10-24,58144.02000000037,883.0,10656793.02,2022-10-24,418261.40499999945,736.0,9252469.405,9.0,2022-10-24,9780380.39,19.0,10008437.39
2020-07-16,5254.4000000003725,320,17960774.4,2020-07-16,184652.60500000045,260,14773512.605,2020-07-16,7432764.550000004,18,8442762.550000004,1,2020-07-16,9198715.355,19,10264824.355,2022-10-25,9491.01000000164,979.0,11838748.010000002,2022-10-25,58144.02000000037,883.0,10727433.02,2022-10-25,418261.40499999945,736.0,9311349.405,9.0,2022-10-25,9780380.39,19.0,10009957.39
2020-07-17,5254.4000000003725,320,17986374.4,2020-07-17,184652.60500000045,260,14794312.605,2020-07-17,7432764.550000004,18,8444202.550000004,1,2020-07-17,9198715.355,19,10266344.355,2022-10-26,9491.01000000164,979.0,11853433.010000002,2022-10-26,58144.02000000037,883.0,10740678.02,2022-10-26,418261.40499999945,736.0,9322389.405,9.0,2022-10-26,9780380.39,19.0,10010242.39
2020-07-20,5254.4000000003725,320,17890054.4,2020-07-20,184652.60500000045,260,14716052.605,2020-07-20,7432764.550000004,18,8438784.550000004,1,2020-07-20,9198715.355,19,10260625.355,2022-10-27,9491.01000000164,979.0,11877908.010000002,2022-10-27,58144.02000000037,883.0,10762753.02,2022-10-27,418261.40499999945,736.0,9340789.405,9.0,2022-10-27,9780380.39,19.0,10010717.39
2020-07-21,5254.4000000003725,320,18537414.4,2020-07-21,184652.60500000045,260,15242032.605,2020-07-21,7432764.550000004,18,8475198.550000004,1,2020-07-21,9198715.355,19,10299062.355,2022-10-28,9491.01000000164,979.0,11682108.010000002,2022-10-28,58144.02000000037,883.0,10586153.02,2022-10-28,418261.40499999945,736.0,9193589.405,9.0,2022-10-28,9780380.39,19.0,10006917.39
2020-07-22,5254.4000000003725,320,18182214.4,2020-07-22,184652.60500000045,260,14953432.605,2020-07-22,7432764.550000004,18,8455218.550000004,1,2020-07-22,9198715.355,19,10277972.355,2022-10-31,9491.01000000164,979.0,12033569.010000002,2022-10-31,58144.02000000037,883.0,10903150.02,2022-10-31,418261.40499999945,736.0,9457813.405,9.0,2022-10-31,9780380.39,19.0,10013738.39
2020-07-23,5254.4000000003725,320,18310534.4,2020-07-23,184652.60500000045,260,15057692.605,2020-07-23,7432764.550000004,18,8462436.550000004,1,2020-07-23,9198715.355,19,10285591.355,2022-11-01,9491.01000000164,979.0,11999304.010000002,2022-11-01,58144.02000000037,883.0,10872245.02,2022-11-01,418261.40499999945,736.0,9432053.405,9.0,2022-11-01,9767949.685,20.0,10012889.685
2020-07-24,5254.4000000003725,320,17698374.4,2020-07-24,184652.60500000045,260,14560312.605,2020-07-24,7432764.550000004,18,8428002.550000004,1,2020-07-24,9198715.355,19,10249244.355,2022-11-02,9491.01000000164,979.0,11921963.010000002,2022-11-02,58144.02000000037,883.0,10802488.02,2022-11-02,418261.40499999945,736.0,9373909.405,9.0,2022-11-02,9767949.685,20.0,10011309.685
2020-07-27,5254.4000000003725,320,17623174.4,2020-07-27,184652.60500000045,260,14499212.605,2020-07-27,7432764.550000004,18,8423772.550000004,1,2020-07-27,9198715.355,19,10244779.355,2022-11-03,9491.01000000164,979.0,11628263.010000002,2022-11-03,58144.02000000037,883.0,10537588.02,2022-11-03,418261.40499999945,736.0,9153109.405,9.0,2022-11-03,9767949.685,20.0,10005309.685
2020-07-28,5254.4000000003725,320,17952774.4,2020-07-28,184652.60500000045,260,14767012.605,2020-07-28,7432764.550000004,18,8442312.550000004,1,2020-07-28,9198715.355,19,10264349.355,2022-11-04,9491.01000000164,979.0,11511762.010000002,2022-11-04,58144.02000000037,883.0,10432511.02,2022-11-04,418261.40499999945,736.0,9065525.405,9.0,2022-11-04,9767949.685,20.0,10002929.685
2020-07-29,5254.4000000003725,320,17690374.4,2020-07-29,184652.60500000045,260,14553812.605,2020-07-29,7432764.550000004,18,8427552.550000004,1,2020-07-29,9198715.355,19,10248769.355,2022-11-07,9491.01000000164,979.0,11467707.010000002,2022-11-07,58144.02000000037,883.0,10392776.02,2022-11-07,418261.40499999945,736.0,9032405.405,9.0,2022-11-07,9767949.685,20.0,10002029.685
2020-07-30,5254.4000000003725,320,17843974.4,2020-07-30,184652.60500000045,260,14678612.605,2020-07-30,7432764.550000004,18,8436192.550000004,1,2020-07-30,9198715.355,19,10257889.355,2022-11-08,9491.01000000164,979.0,11438337.010000002,2022-11-08,58144.02000000037,883.0,10366286.02,2022-11-08,418261.40499999945,736.0,9010325.405,9.0,2022-11-08,9767949.685,20.0,10001429.685
2020-07-31,5254.4000000003725,320,18152774.4,2020-07-31,184652.60500000045,260,14929512.605,2020-07-31,7432764.550000004,18,8453562.550000004,1,2020-07-31,9198715.355,19,10276224.355,2022-11-09,9491.01000000164,979.0,11330647.010000002,2022-11-09,58144.02000000037,883.0,10269156.02,2022-11-09,418261.40499999945,736.0,8929365.405,9.0,2022-11-09,9767949.685,20.0,9999229.685
2020-08-03,5254.4000000003725,320,18299974.4,2020-08-03,184652.60500000045,260,15049112.605,2020-08-03,6446278.945000004,35,8447263.945000004,2,2020-08-03,9140686.790000001,20,10284106.790000001,2022-11-10,9491.01000000164,979.0,11248411.010000002,2022-11-10,58144.02000000037,883.0,10194984.02,2022-11-10,418261.40499999945,736.0,8867541.405,9.0,2022-11-10,9767949.685,20.0,9997549.685
2020-08-04,5254.4000000003725,320,18523334.4,2020-08-04,184652.60500000045,260,15230592.605,2020-08-04,6446278.945000004,35,8471693.945000004,2,2020-08-04,9140686.790000001,20,10298066.790000001,2022-11-11,9491.01000000164,979.0,11408967.010000002,2022-11-11,58144.02000000037,883.0,10339796.02,2022-11-11,418261.40499999945,736.0,8988245.405,9.0,2022-11-11,9767949.685,20.0,10000829.685
2020-08-05,5254.4000000003725,320,18513734.4,2020-08-05,184652.60500000045,260,15222792.605,2020-08-05,6446278.945000004,35,8470643.945000004,2,2020-08-05,9140686.790000001,20,10297466.790000001,2022-11-14,9491.01000000164,979.0,11472602.010000002,2022-11-14,58144.02000000037,883.0,10397191.02,2022-11-14,418261.40499999945,736.0,9036085.405,9.0,2022-11-14,9767949.685,20.0,10002129.685
2020-08-06,5254.4000000003725,320,18430214.4,2020-08-06,184652.60500000045,260,15154932.605,2020-08-06,6446278.945000004,35,8461508.945000004,2,2020-08-06,9140686.790000001,20,10292246.790000001,2022-11-15,9491.01000000164,979.0,11413862.010000002,2022-11-15,58144.02000000037,883.0,10344211.02,2022-11-15,418261.40499999945,736.0,8991925.405,9.0,2022-11-15,9767949.685,20.0,10000929.685
2020-08-07,5254.4000000003725,320,18638854.4,2020-08-07,184652.60500000045,260,15324452.605,2020-08-07,6446278.945000004,35,8484328.945000004,2,2020-08-07,9140686.790000001,20,10305286.790000001,2022-11-16,9491.01000000164,979.0,11531342.010000002,2022-11-16,58144.02000000037,883.0,10450171.02,2022-11-16,418261.40499999945,736.0,9080245.405,9.0,2022-11-16,9767949.685,20.0,10003329.685
2020-08-10,5254.4000000003725,320,18507334.4,2020-08-10,184652.60500000045,260,15217592.605,2020-08-10,6446278.945000004,35,8469943.945000004,2,2020-08-10,9140686.790000001,20,10297066.790000001,2022-11-17,9491.01000000164,979.0,11609662.010000002,2022-11-17,58144.02000000037,883.0,10520811.02,2022-11-17,418261.40499999945,736.0,9139125.405,9.0,2022-11-17,9767949.685,20.0,10004929.685
2020-08-11,5254.4000000003725,320,18490054.4,2020-08-11,184652.60500000045,260,15203552.605,2020-08-11,6446278.945000004,35,8468053.945000004,2,2020-08-11,9140686.790000001,20,10295986.790000001,2022-11-18,9491.01000000164,979.0,11492182.010000002,2022-11-18,58144.02000000037,883.0,10414851.02,2022-11-18,418261.40499999945,736.0,9050805.405,9.0,2022-11-18,9767949.685,20.0,10002529.685
2020-08-12,5254.4000000003725,320,18205894.4,2020-08-12,184652.60500000045,260,14972672.605,2020-08-12,6446278.945000004,35,8436973.945000004,2,2020-08-12,9140686.790000001,20,10278226.790000001,2022-11-21,9491.01000000164,979.0,11662528.010000002,2022-11-21,58144.02000000037,883.0,10568493.02,2022-11-21,418261.40499999945,736.0,9178869.405,9.0,2022-11-21,9767949.685,20.0,10006009.685
2020-08-13,5254.4000000003725,320,18453254.4,2020-08-13,184652.60500000045,260,15173652.605,2020-08-13,6446278.945000004,35,8464028.945000004,2,2020-08-13,9140686.790000001,20,10293686.790000001,2022-11-22,9491.01000000164,979.0,11652738.010000002,2022-11-22,58144.02000000037,883.0,10559663.02,2022-11-22,418261.40499999945,736.0,9171509.405,9.0,2022-11-22,9767949.685,20.0,10005809.685
2020-08-14,5254.4000000003725,320,18643654.4,2020-08-14,184652.60500000045,260,15328352.605,2020-08-14,6446278.945000004,35,8484853.945000004,2,2020-08-14,9140686.790000001,20,10305586.790000001,2022-11-23,9491.01000000164,979.0,11765323.010000002,2022-11-23,58144.02000000037,883.0,10661208.02,2022-11-23,418261.40499999945,736.0,9256149.405,9.0,2022-11-23,9767949.685,20.0,10008109.685
2020-08-18,5254.4000000003725,320,18748614.4,2020-08-18,184652.60500000045,260,15413632.605,2020-08-18,6446278.945000004,35,8496333.945000004,2,2020-08-18,9140686.790000001,20,10312146.790000001,2022-11-24,9491.01000000164,979.0,11652738.010000002,2022-11-24,58144.02000000037,883.0,10559663.02,2022-11-24,418261.40499999945,736.0,9171509.405,9.0,2022-11-24,9767949.685,20.0,10005809.685
2020-08-19,5254.4000000003725,320,18911814.4,2020-08-19,184652.60500000045,260,15546232.605,2020-08-19,7334296.435000004,17,8338707.435000004,1,2020-08-19,9140686.790000001,20,10322346.790000001,2022-11-25,9491.01000000164,979.0,11628263.010000002,2022-11-25,58144.02000000037,883.0,10537588.02,2022-11-25,418261.40499999945,736.0,9153109.405,9.0,2022-11-25,9767949.685,20.0,10005309.685
2020-08-20,5254.4000000003725,320,18747014.4,2020-08-20,184652.60500000045,260,15412332.605,2020-08-20,7334296.435000004,17,8329952.435000004,1,2020-08-20,9140686.790000001,20,10312046.790000001,2022-11-28,9491.01000000164,979.0,11652738.010000002,2022-11-28,58144.02000000037,883.0,10559663.02,2022-11-28,418261.40499999945,736.0,9171509.405,9.0,2022-11-28,9767949.685,20.0,10005809.685
2020-08-21,5254.4000000003725,320,19167174.4,2020-08-21,184652.60500000045,260,15753712.605,2020-08-21,7334296.435000004,17,8352273.435000004,1,2020-08-21,9140686.790000001,20,10338306.790000001,2022-11-29,9491.01000000164,979.0,11497077.010000002,2022-11-29,58144.02000000037,883.0,10419266.02,2022-11-29,418261.40499999945,736.0,9054485.405,9.0,2022-11-29,9767949.685,20.0,10002629.685
2020-08-24,5254.4000000003725,320,19390534.4,2020-08-24,184652.60500000045,260,15935192.605,2020-08-24,7334296.435000004,17,8364139.435000004,1,2020-08-24,9140686.790000001,20,10352266.790000001,2022-11-30,9491.01000000164,979.0,11369807.010000002,2022-11-30,58144.02000000037,883.0,10304476.02,2022-11-30,418261.40499999945,736.0,8958805.405,9.0,2022-11-30,9767949.685,20.0,10000029.685
2020-08-25,5254.4000000003725,320,19423814.4,2020-08-25,184652.60500000045,260,15962232.605,2020-08-25,7334296.435000004,17,8365907.435000004,1,2020-08-25,9140686.790000001,20,10354346.790000001,2022-12-01,9491.01000000164,979.0,11560712.010000002,2022-12-01,58144.02000000037,883.0,10476661.02,2022-12-01,418261.40499999945,736.0,9102325.405,9.0,2022-12-01,9755973.700000001,21.0,10003752.700000001
2020-08-26,5254.4000000003725,320,19556934.4,2020-08-26,184652.60500000045,260,16070392.605,2020-08-26,7334296.435000004,17,8372979.435000004,1,2020-08-26,9140686.790000001,20,10362666.790000001,2022-12-02,9491.01000000164,979.0,11531342.010000002,2022-12-02,58144.02000000037,883.0,10450171.02,2022-12-02,418261.40499999945,736.0,9080245.405,9.0,2022-12-02,9755973.700000001,21.0,10003122.700000001
2020-08-27,5254.4000000003725,320,19879494.4,2020-08-27,184652.60500000045,260,16332472.605,2020-08-27,7334296.435000004,17,8390115.435000004,1,2020-08-27,9140686.790000001,20,10382826.790000001,2022-12-05,9491.01000000164,979.0,11448127.010000002,2022-12-05,58144.02000000037,883.0,10375116.02,2022-12-05,418261.40499999945,736.0,9017685.405,9.0,2022-12-05,9755973.700000001,21.0,10001337.700000001
2020-08-28,5254.4000000003725,320,19934854.4,2020-08-28,184652.60500000045,260,16377452.605,2020-08-28,7334296.435000004,17,8393056.435000004,1,2020-08-28,9140686.790000001,20,10386286.790000001,2022-12-06,9491.01000000164,979.0,11477497.010000002,2022-12-06,58144.02000000037,883.0,10401606.02,2022-12-06,418261.40499999945,736.0,9039765.405,9.0,2022-12-06,9755973.700000001,21.0,10001967.700000001
2020-08-31,5254.4000000003725,320,20082054.4,2020-08-31,184652.60500000045,260,16497052.605,2020-08-31,7334296.435000004,17,8400876.435000004,1,2020-08-31,9140686.790000001,20,10395486.790000001,2022-12-07,9491.01000000164,979.0,11350227.010000002,2022-12-07,58144.02000000037,883.0,10286816.02,2022-12-07,418261.40499999945,736.0,8944085.405,9.0,2022-12-07,9755973.700000001,21.0,9999237.700000001
2020-09-01,5254.4000000003725,320,20198854.4,2020-09-01,184652.60500000045,260,16591952.605,2020-09-01,7269298.285000004,15,8215873.285000004,1,2020-09-01,9076635.215000002,21,10401840.215000002,2022-12-08,9491.01000000164,979.0,11301277.010000002,2022-12-08,58144.02000000037,883.0,10242666.02,2022-12-08,418261.40499999945,736.0,8907285.405,9.0,2022-12-08,9755973.700000001,21.0,9998187.700000001
2020-09-02,5254.4000000003725,320,20610694.4,2020-09-02,184652.60500000045,260,16926572.605,2020-09-02,7269298.285000004,15,8235178.285000004,1,2020-09-02,9076635.215000002,21,10428867.215000002,2022-12-09,9491.01000000164,979.0,11263096.010000002,2022-12-09,58144.02000000037,883.0,10208229.02,2022-12-09,418261.40499999945,736.0,8878581.405,9.0,2022-12-09,9755973.700000001,21.0,9997368.700000001
2020-09-03,5254.4000000003725,320,20615174.4,2020-09-03,184652.60500000045,260,16930212.605,2020-09-03,7269298.285000004,15,8235388.285000004,1,2020-09-03,9076635.215000002,21,10429161.215000002,2022-12-12,9491.01000000164,979.0,11199461.010000002,2022-12-12,58144.02000000037,883.0,10150834.02,2022-12-12,418261.40499999945,736.0,8830741.405,9.0,2022-12-12,9755973.700000001,21.0,9996003.700000001
2020-09-04,5254.4000000003725,320,19459654.4,2020-09-04,184652.60500000045,260,15991352.605,2020-09-04,7269298.285000004,15,8181223.285000004,1,2020-09-04,9076635.215000002,21,10353330.215000002,2022-12-13,9491.01000000164,979.0,11325752.010000002,2022-12-13,58144.02000000037,883.0,10264741.02,2022-12-13,418261.40499999945,736.0,8925685.405,9.0,2022-12-13,9755973.700000001,21.0,9998712.700000001
2020-09-07,5254.4000000003725,320,18970054.4,2020-09-07,184652.60500000045,260,15593552.605,2020-09-07,7269298.285000004,15,8158273.285000004,1,2020-09-07,9076635.215000002,21,10321200.215000002,2022-12-14,9491.01000000164,979.0,11379597.010000002,2022-12-14,58144.02000000037,883.0,10313306.02,2022-12-14,418261.40499999945,736.0,8966165.405,9.0,2022-12-14,9755973.700000001,21.0,9999867.700000001
2020-09-08,5254.4000000003725,320,19196614.4,2020-09-08,184652.60500000045,260,15777632.605,2020-09-08,7269298.285000004,15,8168893.285000004,1,2020-09-08,9076635.215000002,21,10336068.215000002,2022-12-15,9491.01000000164,979.0,11360017.010000002,2022-12-15,58144.02000000037,883.0,10295646.02,2022-12-15,418261.40499999945,736.0,8951445.405,9.0,2022-12-15,9755973.700000001,21.0,9999447.700000001
2020-09-09,5254.4000000003725,320,18486854.4,2020-09-09,184652.60500000045,260,15200952.605,2020-09-09,7269298.285000004,15,8135623.285000004,1,2020-09-09,9076635.215000002,21,10289490.215000002,2022-12-16,9491.01000000164,979.0,11106456.010000002,2022-12-16,58144.02000000037,883.0,10066949.02,2022-12-16,418261.40499999945,736.0,8760821.405,9.0,2022-12-16,9755973.700000001,21.0,9994008.700000001
2020-09-10,5254.4000000003725,320,18991814.4,2020-09-10,184652.60500000045,260,15611232.605,2020-09-10,7269298.285000004,15,8159293.285000004,1,2020-09-10,9076635.215000002,21,10322628.215000002,2022-12-19,9491.01000000164,979.0,10960585.010000002,2022-12-19,58144.02000000037,883.0,9935382.02,2022-12-19,418261.40499999945,736.0,8651157.405,9.0,2022-12-19,9755973.700000001,21.0,9990879.700000001
2020-09-11,5254.4000000003725,320,18788614.4,2020-09-11,184652.60500000045,260,15446132.605,2020-09-11,7269298.285000004,15,8149768.285000004,1,2020-09-11,9076635.215000002,21,10309293.215000002,2022-12-20,9491.01000000164,979.0,10661990.010000002,2022-12-20,58144.02000000037,883.0,9666067.02,2022-12-20,418261.40499999945,736.0,8426677.405,9.0,2022-12-20,9755973.700000001,21.0,9984474.700000001
2020-09-14,5254.4000000003725,320,18668294.4,2020-09-14,184652.60500000045,260,15348372.605,2020-09-14,7269298.285000004,15,8144128.285000004,1,2020-09-14,9076635.215000002,21,10301397.215000002,2022-12-21,9491.01000000164,979.0,10754995.010000002,2022-12-21,58144.02000000037,883.0,9749952.02,2022-12-21,418261.40499999945,736.0,8496597.405,9.0,2022-12-21,9755973.700000001,21.0,9986469.700000001
2020-09-15,5254.4000000003725,320,18726214.4,2020-09-15,184652.60500000045,260,15395432.605,2020-09-15,7269298.285000004,15,8146843.285000004,1,2020-09-15,9076635.215000002,21,10305198.215000002,2022-12-22,9491.01000000164,979.0,10818630.010000002,2022-12-22,58144.02000000037,883.0,9807347.02,2022-12-22,418261.40499999945,736.0,8544437.405,9.0,2022-12-22,9755973.700000001,21.0,9987834.700000001
2020-09-16,5254.4000000003725,320,18926214.4,2020-09-16,184652.60500000045,260,15557932.605,2020-09-16,7269298.285000004,15,8156218.285000004,1,2020-09-16,9076635.215000002,21,10318323.215000002,2022-12-23,9491.01000000164,979.0,10681570.010000002,2022-12-23,58144.02000000037,883.0,9683727.02,2022-12-23,418261.40499999945,736.0,8441397.405,9.0,2022-12-23,9755973.700000001,21.0,9984894.700000001
2020-09-17,5254.4000000003725,320,18169414.4,2020-09-17,184652.60500000045,260,14943032.605,2020-09-17,7269298.285000004,15,8120743.285000004,1,2020-09-17,9076635.215000002,21,10268658.215000002,2022-12-26,9491.01000000164,979.0,10725625.010000002,2022-12-26,58144.02000000037,883.0,9723462.02,2022-12-26,418261.40499999945,736.0,8474517.405,9.0,2022-12-26,9755973.700000001,21.0,9985839.700000001
2020-09-18,5254.4000000003725,320,18138374.4,2020-09-18,184652.60500000045,260,14917812.605,2020-09-18,7269298.285000004,15,8119288.285000004,1,2020-09-18,9076635.215000002,21,10266621.215000002,2022-12-27,9491.01000000164,979.0,10715835.010000002,2022-12-27,58144.02000000037,883.0,9714632.02,2022-12-27,418261.40499999945,736.0,8467157.405,9.0,2022-12-27,9755973.700000001,21.0,9985629.700000001
2020-09-21,5254.4000000003725,320,17674694.4,2020-09-21,184652.60500000045,260,14541072.605,2020-09-21,7269298.285000004,15,8097553.285000004,1,2020-09-21,9076635.215000002,21,10236192.215000002,2022-12-28,9491.01000000164,979.0,10599334.010000002,2022-12-28,58144.02000000037,883.0,9609555.02,2022-12-28,418261.40499999945,736.0,8379573.404999999,9.0,2022-12-28,9755973.700000001,21.0,9983130.700000001
2020-09-22,5254.4000000003725,320,17864774.4,2020-09-22,184652.60500000045,260,14695512.605,2020-09-22,7269298.285000004,15,8106463.285000004,1,2020-09-22,9076635.215000002,21,10248666.215000002,2022-12-29,9491.01000000164,979.0,10467169.010000002,2022-12-29,58144.02000000037,883.0,9490350.02,2022-12-29,418261.40499999945,736.0,8280213.404999999,9.0,2022-12-29,9755973.700000001,21.0,9980295.700000001
2020-09-23,5254.4000000003725,320,18172614.4,2020-09-23,184652.60500000045,260,14945632.605,2020-09-23,7269298.285000004,15,8120893.285000004,1,2020-09-23,9076635.215000002,21,10268868.215000002,2023-01-02,9491.01000000164,979.0,10661990.010000002,2023-01-02,58144.02000000037,883.0,9666067.02,2023-01-02,418261.40499999945,736.0,8426677.405,9.0,2023-01-02,9744929.485000001,22.0,9984311.485000001
2020-09-24,5254.4000000003725,320,17706374.4,2020-09-24,184652.60500000045,260,14566812.605,2020-09-24,7269298.285000004,15,8099038.285000004,1,2020-09-24,9076635.215000002,21,10238271.215000002,2023-01-03,9491.01000000164,979.0,10671780.010000002,2023-01-03,58144.02000000037,883.0,9674897.02,2023-01-03,418261.40499999945,736.0,8434037.405,9.0,2023-01-03,9744929.485000001,22.0,9984531.485000001
2020-09-25,5254.4000000003725,320,17926534.4,2020-09-25,184652.60500000045,260,14745692.605,2020-09-25,7269298.285000004,15,8109358.285000004,1,2020-09-25,9076635.215000002,21,10252719.215000002,2023-01-04,9491.01000000164,979.0,10623809.010000002,2023-01-04,58144.02000000037,883.0,9631630.02,2023-01-04,418261.40499999945,736.0,8397973.405,9.0,2023-01-04,9744929.485000001,22.0,9983453.485000001
2020-09-28,5254.4000000003725,320,18454854.4,2020-09-28,184652.60500000045,260,15174952.605,2020-09-28,7269298.285000004,15,8134123.285000004,1,2020-09-28,9076635.215000002,21,10287390.215000002,2023-01-05,9491.01000000164,979.0,10657095.010000002,2023-01-05,58144.02000000037,883.0,9661652.02,2023-01-05,418261.40499999945,736.0,8422997.405,9.0,2023-01-05,9744929.485000001,22.0,9984201.485000001
2020-09-29,5254.4000000003725,320,18712134.4,2020-09-29,184652.60500000045,260,15383992.605,2020-09-29,7269298.285000004,15,8146183.285000004,1,2020-09-29,9076635.215000002,21,10304274.215000002,2023-01-06,9491.01000000164,979.0,10569964.010000002,2023-01-06,58144.02000000037,883.0,9583065.02,2023-01-06,418261.40499999945,736.0,8357493.404999999,9.0,2023-01-06,9744929.485000001,22.0,9982243.485000001
2020-10-05,5254.4000000003725,320,18467654.4,2020-10-05,184652.60500000045,260,15185352.605,2020-10-05,6273771.060000004,32,8120011.060000004,2,2020-10-05,9018074.790000001,22,10287364.790000001,2023-01-09,9491.01000000164,979.0,10594439.010000002,2023-01-09,58144.02000000037,883.0,9605140.02,2023-01-09,418261.40499999945,736.0,8375893.404999999,9.0,2023-01-09,9744929.485000001,22.0,9982793.485000001
2020-10-06,5254.4000000003725,320,18648454.4,2020-10-06,184652.60500000045,260,15332252.605,2020-10-06,6273771.060000004,32,8138091.060000004,2,2020-10-06,9018074.790000001,22,10299794.790000001,2023-01-10,9491.01000000164,979.0,10560174.010000002,2023-01-10,58144.02000000037,883.0,9574235.02,2023-01-10,418261.40499999945,736.0,8350133.404999999,9.0,2023-01-10,9744929.485000001,22.0,9982023.485000001
2020-10-07,5254.4000000003725,320,18386694.4,2020-10-07,184652.60500000045,260,15119572.605,2020-10-07,6273771.060000004,32,8111915.060000004,2,2020-10-07,9018074.790000001,22,10281798.790000001,2023-01-11,9491.01000000164,979.0,10657095.010000002,2023-01-11,58144.02000000037,883.0,9661652.02,2023-01-11,418261.40499999945,736.0,8422997.405,9.0,2023-01-11,9744929.485000001,22.0,9984201.485000001
2020-10-08,5254.4000000003725,320,18673094.4,2020-10-08,184652.60500000045,260,15352272.605,2020-10-08,6273771.060000004,32,8140555.060000004,2,2020-10-08,9018074.790000001,22,10301488.790000001,2023-01-12,9491.01000000164,979.0,10794155.010000002,2023-01-12,58144.02000000037,883.0,9785272.02,2023-01-12,418261.40499999945,736.0,8526037.405,9.0,2023-01-12,9744929.485000001,22.0,9987281.485000001
2020-10-12,5254.4000000003725,320,18949574.4,2020-10-12,184652.60500000045,260,15576912.605,2020-10-12,6273771.060000004,32,8168203.060000004,2,2020-10-12,9018074.790000001,22,10320496.790000001,2023-01-13,9491.01000000164,979.0,10774575.010000002,2023-01-13,58144.02000000037,883.0,9767612.02,2023-01-13,418261.40499999945,736.0,8511317.405,9.0,2023-01-13,9744929.485000001,22.0,9986841.485000001
2020-10-13,5254.4000000003725,320,19469254.4,2020-10-13,184652.60500000045,260,15999152.605,2020-10-13,6273771.060000004,32,8220171.060000004,2,2020-10-13,9018074.790000001,22,10356224.790000001,2023-01-16,9491.01000000164,979.0,10769680.010000002,2023-01-16,58144.02000000037,883.0,9763197.02,2023-01-16,418261.40499999945,736.0,8507637.405,9.0,2023-01-16,9744929.485000001,22.0,9986731.485000001
2020-10-14,5254.4000000003725,320,19507654.4,2020-10-14,184652.60500000045,260,16030352.605,2020-10-14,6273771.060000004,32,8224011.060000004,2,2020-10-14,9018074.790000001,22,10358864.790000001,2023-01-17,9491.01000000164,979.0,10784365.010000002,2023-01-17,58144.02000000037,883.0,9776442.02,2023-01-17,418261.40499999945,736.0,8518677.405,9.0,2023-01-17,9744929.485000001,22.0,9987061.485000001
2020-10-15,5254.4000000003725,320,19067334.4,2020-10-15,184652.60500000045,260,15672592.605,2020-10-15,6273771.060000004,32,8179979.060000004,2,2020-10-15,9018074.790000001,22,10328592.790000001,2023-01-18,9491.01000000164,979.0,10784365.010000002,2023-01-18,58144.02000000037,883.0,9776442.02,2023-01-18,418261.40499999945,736.0,8518677.405,9.0,2023-01-18,9744929.485000001,22.0,9987061.485000001
2020-10-16,5254.4000000003725,320,19079814.4,2020-10-16,184652.60500000045,260,15682732.605,2020-10-16,6273771.060000004,32,8181227.060000004,2,2020-10-16,9018074.790000001,22,10329450.790000001,2023-01-19,9491.01000000164,979.0,10555279.010000002,2023-01-19,58144.02000000037,883.0,9569820.02,2023-01-19,418261.40499999945,736.0,8346453.404999999,9.0,2023-01-19,9744929.485000001,22.0,9981913.485000001
2020-10-19,5254.4000000003725,320,19045254.4,2020-10-19,184652.60500000045,260,15654652.605,2020-10-19,6273771.060000004,32,8177771.060000004,2,2020-10-19,9018074.790000001,22,10327074.790000001,2023-01-20,9491.01000000164,979.0,10545489.010000002,2023-01-20,58144.02000000037,883.0,9560990.02,2023-01-20,418261.40499999945,736.0,8339093.404999999,9.0,2023-01-20,9744929.485000001,22.0,9981693.485000001
2020-10-20,5254.4000000003725,320,18713734.4,2020-10-20,184652.60500000045,260,15385292.605,2020-10-20,6273771.060000004,32,8144619.060000004,2,2020-10-20,9018074.790000001,22,10304282.790000001,2023-01-25,9491.01000000164,979.0,10759890.010000002,2023-01-25,58144.02000000037,883.0,9754367.02,2023-01-25,418261.40499999945,736.0,8500277.405,9.0,2023-01-25,9744929.485000001,22.0,9986511.485000001
2020-10-21,5254.4000000003725,320,18624774.4,2020-10-21,184652.60500000045,260,15313012.605,2020-10-21,6273771.060000004,32,8135723.060000004,2,2020-10-21,9018074.790000001,22,10298166.790000001,2023-01-26,9491.01000000164,979.0,10823525.010000002,2023-01-26,58144.02000000037,883.0,9811762.02,2023-01-26,418261.40499999945,736.0,8548117.405,9.0,2023-01-26,9744929.485000001,22.0,9987941.485000001
2020-10-22,5254.4000000003725,320,18483654.4,2020-10-22,184652.60500000045,260,15198352.605,2020-10-22,6273771.060000004,32,8121611.060000004,2,2020-10-22,9018074.790000001,22,10288464.790000001,2023-01-27,9491.01000000164,979.0,10882265.010000002,2023-01-27,58144.02000000037,883.0,9864742.02,2023-01-27,418261.40499999945,736.0,8592277.405,9.0,2023-01-27,9744929.485000001,22.0,9989261.485000001
2020-10-23,5254.4000000003725,320,18491654.4,2020-10-23,184652.60500000045,260,15204852.605,2020-10-23,6273771.060000004,32,8122411.060000004,2,2020-10-23,9018074.790000001,22,10289014.790000001,2023-01-30,9491.01000000164,979.0,10857790.010000002,2023-01-30,58144.02000000037,883.0,9842667.02,2023-01-30,418261.40499999945,736.0,8573877.405,9.0,2023-01-30,9744929.485000001,22.0,9988711.485000001
2020-10-26,5254.4000000003725,320,18361734.4,2020-10-26,184652.60500000045,260,15099292.605,2020-10-26,6273771.060000004,32,8109419.060000004,2,2020-10-26,9018074.790000001,22,10280082.790000001,2023-01-31,9491.01000000164,979.0,10789260.010000002,2023-01-31,58144.02000000037,883.0,9780857.02,2023-01-31,418261.40499999945,736.0,8522357.405,9.0,2023-01-31,9744929.485000001,22.0,9987171.485000001
2020-10-27,5254.4000000003725,320,18202694.4,2020-10-27,184652.60500000045,260,14970072.605,2020-10-27,6273771.060000004,32,8093515.060000004,2,2020-10-27,9018074.790000001,22,10269148.790000001,2023-02-01,9491.01000000164,979.0,10931215.010000002,2023-02-01,58144.02000000037,883.0,9908892.02,2023-02-01,418261.40499999945,736.0,8629077.405,9.0,2023-02-01,9733606.145000001,23.0,9990194.145000001
2020-10-28,5254.4000000003725,320,18323014.4,2020-10-28,184652.60500000045,260,15067832.605,2020-10-28,6273771.060000004,32,8105547.060000004,2,2020-10-28,9018074.790000001,22,10277420.790000001,2023-02-02,9491.01000000164,979.0,11003661.010000002,2023-02-02,58144.02000000037,883.0,9974234.02,2023-02-02,418261.40499999945,736.0,8683541.405,9.0,2023-02-02,9733606.145000001,23.0,9991896.145000001
2020-10-29,5254.4000000003725,320,17909254.4,2020-10-29,184652.60500000045,260,14731652.605,2020-10-29,6273771.060000004,32,8064171.060000004,2,2020-10-29,9018074.790000001,22,10248974.790000001,2023-02-03,9491.01000000164,979.0,11150511.010000002,2023-02-03,58144.02000000037,883.0,10106684.02,2023-02-03,418261.40499999945,736.0,8793941.405,9.0,2023-02-03,9733606.145000001,23.0,9995346.145000001
2020-10-30,5254.4000000003725,320,17591814.4,2020-10-30,184652.60500000045,260,14473732.605,2020-10-30,6273771.060000004,32,8032427.060000004,2,2020-10-30,9018074.790000001,22,10227150.790000001,2023-02-06,9491.01000000164,979.0,11253306.010000002,2023-02-06,58144.02000000037,883.0,10199399.02,2023-02-06,418261.40499999945,736.0,8871221.405,9.0,2023-02-06,9733606.145000001,23.0,9997761.145000001
2020-11-02,5254.4000000003725,320,17605254.4,2020-11-02,184652.60500000045,260,14484652.605,2020-11-02,5324746.060000004,49,8019746.060000004,3,2020-11-02,8962249.790000001,23,10227249.790000001,2023-02-07,9491.01000000164,979.0,11272886.010000002,2023-02-07,58144.02000000037,883.0,10217059.02,2023-02-07,418261.40499999945,736.0,8885941.405,9.0,2023-02-07,9733606.145000001,23.0,9998221.145000001
2020-11-03,5254.4000000003725,320,17642054.4,2020-11-03,184652.60500000045,260,14514552.605,2020-11-03,5324746.060000004,49,8025381.060000004,3,2020-11-03,8962249.790000001,23,10229894.790000001,2023-02-08,9491.01000000164,979.0,11457917.010000002,2023-02-08,58144.02000000037,883.0,10383946.02,2023-02-08,418261.40499999945,736.0,9025045.405,9.0,2023-02-08,9733606.145000001,23.0,10002568.145000001
2020-11-04,5254.4000000003725,320,18394694.4,2020-11-04,184652.60500000045,260,15126072.605,2020-11-04,5324746.060000004,49,8140629.060000004,3,2020-11-04,8962249.790000001,23,10283990.790000001,2023-02-09,9491.01000000164,979.0,11374702.010000002,2023-02-09,58144.02000000037,883.0,10308891.02,2023-02-09,418261.40499999945,736.0,8962485.405,9.0,2023-02-09,9733606.145000001,23.0,10000613.145000001
2020-11-05,5254.4000000003725,320,18852614.4,2020-11-05,184652.60500000045,260,15498132.605,2020-11-05,5324746.060000004,49,8210748.060000004,3,2020-11-05,8962249.790000001,23,10316903.790000001,2023-02-10,9491.01000000164,979.0,11253306.010000002,2023-02-10,58144.02000000037,883.0,10199399.02,2023-02-10,418261.40499999945,736.0,8871221.405,9.0,2023-02-10,9733606.145000001,23.0,9997761.145000001
2020-11-06,5254.4000000003725,320,18779014.4,2020-11-06,184652.60500000045,260,15438332.605,2020-11-06,5324746.060000004,49,8199478.060000004,3,2020-11-06,8962249.790000001,23,10311613.790000001,2023-02-13,9491.01000000164,979.0,11360017.010000002,2023-02-13,58144.02000000037,883.0,10295646.02,2023-02-13,418261.40499999945,736.0,8951445.405,9.0,2023-02-13,9733606.145000001,23.0,10000268.145000001
2020-11-09,5254.4000000003725,320,19268294.4,2020-11-09,184652.60500000045,260,15835872.605,2020-11-09,5324746.060000004,49,8274399.060000004,3,2020-11-09,8962249.790000001,23,10346780.790000001,2023-02-14,9491.01000000164,979.0,11448127.010000002,2023-02-14,58144.02000000037,883.0,10375116.02,2023-02-14,418261.40499999945,736.0,9017685.405,9.0,2023-02-14,9733606.145000001,23.0,10002338.145000001
2020-11-10,5254.4000000003725,320,18348934.4,2020-11-10,184652.60500000045,260,15088892.605,2020-11-10,5324746.060000004,49,8133622.060000004,3,2020-11-10,8962249.790000001,23,10280701.790000001,2023-02-15,9491.01000000164,979.0,11526447.010000002,2023-02-15,58144.02000000037,883.0,10445756.02,2023-02-15,418261.40499999945,736.0,9076565.405,9.0,2023-02-15,9733606.145000001,23.0,10004178.145000001
2020-11-11,5254.4000000003725,320,18185094.4,2020-11-11,184652.60500000045,260,14955772.605,2020-11-11,5324746.060000004,49,8108534.060000004,3,2020-11-11,8962249.790000001,23,10268925.790000001,2023-02-16,9491.01000000164,979.0,11647843.010000002,2023-02-16,58144.02000000037,883.0,10555248.02,2023-02-16,418261.40499999945,736.0,9167829.405,9.0,2023-02-16,9733606.145000001,23.0,10007030.145000001
2020-11-12,5254.4000000003725,320,18521734.4,2020-11-12,184652.60500000045,260,15229292.605,2020-11-12,5324746.060000004,49,8160082.060000004,3,2020-11-12,8962249.790000001,23,10293121.790000001,2023-02-17,9491.01000000164,979.0,11550922.010000002,2023-02-17,58144.02000000037,883.0,10467831.02,2023-02-17,418261.40499999945,736.0,9094965.405,9.0,2023-02-17,9733606.145000001,23.0,10004753.145000001
2020-11-13,5254.4000000003725,320,18564934.4,2020-11-13,184652.60500000045,260,15264392.605,2020-11-13,5324746.060000004,49,8166697.060000004,3,2020-11-13,8962249.790000001,23,10296226.790000001,2023-02-20,9491.01000000164,979.0,11536237.010000002,2023-02-20,58144.02000000037,883.0,10454586.02,2023-02-20,418261.40499999945,736.0,9083925.405,9.0,2023-02-20,9733606.145000001,23.0,10004408.145000001
2020-11-16,5254.4000000003725,320,18715334.4,2020-11-16,184652.60500000045,260,15386592.605,2020-11-16,5324746.060000004,49,8189727.060000004,3,2020-11-16,8962249.790000001,23,10307036.790000001,2023-02-21,9491.01000000164,979.0,11492182.010000002,2023-02-21,58144.02000000037,883.0,10414851.02,2023-02-21,418261.40499999945,736.0,9050805.405,9.0,2023-02-21,9733606.145000001,23.0,10003373.145000001
2020-11-17,5254.4000000003725,320,18655814.4,2020-11-17,184652.60500000045,260,15338232.605,2020-11-17,5324746.060000004,49,8180613.060000004,3,2020-11-17,8962249.790000001,23,10302758.790000001,2023-02-22,9491.01000000164,979.0,11408967.010000002,2023-02-22,58144.02000000037,883.0,10339796.02,2023-02-22,418261.40499999945,736.0,8988245.405,9.0,2023-02-22,9733606.145000001,23.0,10001418.145000001
2020-11-18,5254.4000000003725,320,18474054.4,2020-11-18,184652.60500000045,260,15190552.605,2020-11-18,5324746.060000004,49,8152781.060000004,3,2020-11-18,8962249.790000001,23,10289694.790000001,2023-02-23,9491.01000000164,979.0,11360017.010000002,2023-02-23,58144.02000000037,883.0,10295646.02,2023-02-23,418261.40499999945,736.0,8951445.405,9.0,2023-02-23,9733606.145000001,23.0,10000268.145000001
2020-11-19,5254.4000000003725,320,18599174.4,2020-11-19,184652.60500000045,260,15292212.605,2020-11-19,5324746.060000004,49,8171940.060000004,3,2020-11-19,8962249.790000001,23,10298687.790000001,2023-02-24,9491.01000000164,979.0,11423652.010000002,2023-02-24,58144.02000000037,883.0,10353041.02,2023-02-24,418261.40499999945,736.0,8999285.405,9.0,2023-02-24,9733606.145000001,23.0,10001763.145000001
2020-11-20,5254.4000000003725,320,18734214.4,2020-11-20,184652.60500000045,260,15401932.605,2020-11-20,5324746.060000004,49,8192618.060000004,3,2020-11-20,8962249.790000001,23,10308393.790000001,2023-02-27,9491.01000000164,979.0,11487287.010000002,2023-02-27,58144.02000000037,883.0,10410436.02,2023-02-27,418261.40499999945,736.0,9047125.405,9.0,2023-02-27,9733606.145000001,23.0,10003258.145000001
2020-11-23,5254.4000000003725,320,18618374.4,2020-11-23,184652.60500000045,260,15307812.605,2020-11-23,5324746.060000004,49,8174880.060000004,3,2020-11-23,8962249.790000001,23,10300067.790000001,2023-02-28,9491.01000000164,979.0,11521552.010000002,2023-02-28,58144.02000000037,883.0,10441341.02,2023-02-28,418261.40499999945,736.0,9072885.405,9.0,2023-02-28,9733606.145000001,23.0,10004063.145000001
2020-11-24,5254.4000000003725,320,18657094.4,2020-11-24,184652.60500000045,260,15339272.605,2020-11-24,5324746.060000004,49,8180809.060000004,3,2020-11-24,8962249.790000001,23,10302850.790000001,2023-03-02,9491.01000000164,979.0,11306172.010000002,2023-03-02,58144.02000000037,883.0,10247081.02,2023-03-02,418261.40499999945,736.0,8910965.405,9.0,2023-03-02,9721894.06,24.0,9998830.06
2020-11-25,5254.4000000003725,320,18846854.4,2020-11-25,184652.60500000045,260,15493452.605,2020-11-25,5324746.060000004,49,8209866.060000004,3,2020-11-25,8962249.790000001,23,10316489.790000001,2023-03-03,9491.01000000164,979.0,11311067.010000002,2023-03-03,58144.02000000037,883.0,10251496.02,2023-03-03,418261.40499999945,736.0,8914645.405,9.0,2023-03-03,9721894.06,24.0,9998950.06
2020-11-26,5254.4000000003725,320,18897734.4,2020-11-26,184652.60500000045,260,15534792.605,2020-11-26,5324746.060000004,49,8217657.060000004,3,2020-11-26,8962249.790000001,23,10320146.790000001,2023-03-06,9491.01000000164,979.0,11467707.010000002,2023-03-06,58144.02000000037,883.0,10392776.02,2023-03-06,418261.40499999945,736.0,9032405.405,9.0,2023-03-06,9721894.06,24.0,10002790.06
2020-11-27,5254.4000000003725,320,18875974.4,2020-11-27,184652.60500000045,260,15517112.605,2020-11-27,5324746.060000004,49,8214325.060000004,3,2020-11-27,8962249.790000001,23,10318582.790000001,2023-03-07,9491.01000000164,979.0,11516657.010000002,2023-03-07,58144.02000000037,883.0,10436926.02,2023-03-07,418261.40499999945,736.0,9069205.405,9.0,2023-03-07,9721894.06,24.0,10003990.06
2020-11-30,5254.4000000003725,320,18943174.4,2020-11-30,184652.60500000045,260,15571712.605,2020-11-30,5324746.060000004,49,8224615.060000004,3,2020-11-30,8962249.790000001,23,10323412.790000001,2023-03-08,9491.01000000164,979.0,11501972.010000002,2023-03-08,58144.02000000037,883.0,10423681.02,2023-03-08,418261.40499999945,736.0,9058165.405,9.0,2023-03-08,9721894.06,24.0,10003630.06
2020-12-01,5254.4000000003725,320,19212934.4,2020-12-01,184652.60500000045,260,15790892.605,2020-12-01,4349956.3000000045,65,8251516.3000000045,4,2020-12-01,8901325.430000002,24,10341901.430000002,2023-03-09,9491.01000000164,979.0,11521552.010000002,2023-03-09,58144.02000000037,883.0,10441341.02,2023-03-09,418261.40499999945,736.0,9072885.405,9.0,2023-03-09,9721894.06,24.0,10004110.06
2020-12-02,5254.4000000003725,320,19211334.4,2020-12-02,184652.60500000045,260,15789592.605,2020-12-02,4349956.3000000045,65,8251191.3000000045,4,2020-12-02,8901325.430000002,24,10341781.430000002,2023-03-10,9491.01000000164,979.0,11282676.010000002,2023-03-10,58144.02000000037,883.0,10225889.02,2023-03-10,418261.40499999945,736.0,8893301.405,9.0,2023-03-10,9721894.06,24.0,9998254.06
2020-12-03,5254.4000000003725,320,19204294.4,2020-12-03,184652.60500000045,260,15783872.605,2020-12-03,4349956.3000000045,65,8249761.3000000045,4,2020-12-03,8901325.430000002,24,10341253.430000002,2023-03-13,9491.01000000164,979.0,11189671.010000002,2023-03-13,58144.02000000037,883.0,10142004.02,2023-03-13,418261.40499999945,736.0,8823381.405,9.0,2023-03-13,9721894.06,24.0,9995974.06
2020-12-04,5254.4000000003725,320,18991814.4,2020-12-04,184652.60500000045,260,15611232.605,2020-12-04,4349956.3000000045,65,8206601.3000000045,4,2020-12-04,8901325.430000002,24,10325317.430000002,2023-03-14,9491.01000000164,979.0,11047716.010000002,2023-03-14,58144.02000000037,883.0,10013969.02,2023-03-14,418261.40499999945,736.0,8716661.405,9.0,2023-03-14,9721894.06,24.0,9992494.06
2020-12-07,5254.4000000003725,320,19012294.4,2020-12-07,184652.60500000045,260,15627872.605,2020-12-07,4349956.3000000045,65,8210761.3000000045,4,2020-12-07,8901325.430000002,24,10326853.430000002,2023-03-15,9491.01000000164,979.0,11194566.010000002,2023-03-15,58144.02000000037,883.0,10146419.02,2023-03-15,418261.40499999945,736.0,8827061.405,9.0,2023-03-15,9721894.06,24.0,9996094.06
2020-12-08,5254.4000000003725,320,19123974.4,2020-12-08,184652.60500000045,260,15718612.605,2020-12-08,4349956.3000000045,65,8233446.3000000045,4,2020-12-08,8901325.430000002,24,10335229.430000002,2023-03-16,9491.01000000164,979.0,11223936.010000002,2023-03-16,58144.02000000037,883.0,10172909.02,2023-03-16,418261.40499999945,736.0,8849141.405,9.0,2023-03-16,9721894.06,24.0,9996814.06
2020-12-09,5254.4000000003725,320,19230534.4,2020-12-09,184652.60500000045,260,15805192.605,2020-12-09,4349956.3000000045,65,8255091.3000000045,4,2020-12-09,8901325.430000002,24,10343221.430000002,2023-03-17,9491.01000000164,979.0,11301277.010000002,2023-03-17,58144.02000000037,883.0,10242666.02,2023-03-17,418261.40499999945,736.0,8907285.405,9.0,2023-03-17,9721894.06,24.0,9998710.06
2020-12-10,5254.4000000003725,320,18826374.4,2020-12-10,184652.60500000045,260,15476812.605,2020-12-10,4349956.3000000045,65,8172996.3000000045,4,2020-12-10,8901325.430000002,24,10312909.430000002,2023-03-20,9491.01000000164,979.0,11170091.010000002,2023-03-20,58144.02000000037,883.0,10124344.02,2023-03-20,418261.40499999945,736.0,8808661.405,9.0,2023-03-20,9721894.06,24.0,9995494.06
2020-12-11,5254.4000000003725,320,18937414.4,2020-12-11,184652.60500000045,260,15567032.605,2020-12-11,4349956.3000000045,65,8195551.3000000045,4,2020-12-11,8901325.430000002,24,10321237.430000002,2023-03-21,9491.01000000164,979.0,11330647.010000002,2023-03-21,58144.02000000037,883.0,10269156.02,2023-03-21,418261.40499999945,736.0,8929365.405,9.0,2023-03-21,9721894.06,24.0,9999430.06
2020-12-14,5254.4000000003725,320,18993414.4,2020-12-14,184652.60500000045,260,15612532.605,2020-12-14,4349956.3000000045,65,8206926.3000000045,4,2020-12-14,8901325.430000002,24,10325437.430000002,2023-03-22,9491.01000000164,979.0,11443232.010000002,2023-03-22,58144.02000000037,883.0,10370701.02,2023-03-22,418261.40499999945,736.0,9014005.405,9.0,2023-03-22,9721894.06,24.0,10002190.06
2020-12-15,5254.4000000003725,320,19109574.4,2020-12-15,184652.60500000045,260,15706912.605,2020-12-15,4349956.3000000045,65,8230521.3000000045,4,2020-12-15,8901325.430000002,24,10334149.430000002,2023-03-23,9491.01000000164,979.0,11101561.010000002,2023-03-23,58144.02000000037,883.0,10062534.02,2023-03-23,418261.40499999945,736.0,8757141.405,9.0,2023-03-23,9721894.06,24.0,9993814.06
2020-12-16,5254.4000000003725,320,19347334.4,2020-12-16,184652.60500000045,260,15900092.605,2020-12-16,4349956.3000000045,65,8278816.3000000045,4,2020-12-16,8901325.430000002,24,10351981.430000002,2023-03-24,9491.01000000164,979.0,11199461.010000002,2023-03-24,58144.02000000037,883.0,10150834.02,2023-03-24,418261.40499999945,736.0,8830741.405,9.0,2023-03-24,9721894.06,24.0,9996214.06
2020-12-17,5254.4000000003725,320,19482694.4,2020-12-17,184652.60500000045,260,16010072.605,2020-12-17,5213963.365000004,48,8135579.365000004,3,2020-12-17,8901325.430000002,24,10362133.430000002,2023-03-27,9491.01000000164,979.0,11360017.010000002,2023-03-27,58144.02000000037,883.0,10295646.02,2023-03-27,418261.40499999945,736.0,8951445.405,9.0,2023-03-27,9721894.06,24.0,10000150.06
2020-12-18,5254.4000000003725,320,19625734.4,2020-12-18,184652.60500000045,260,16126292.605,2020-12-18,5213963.365000004,48,8157035.365000004,3,2020-12-18,8901325.430000002,24,10372861.430000002,2023-03-28,9491.01000000164,979.0,11330647.010000002,2023-03-28,58144.02000000037,883.0,10269156.02,2023-03-28,418261.40499999945,736.0,8929365.405,9.0,2023-03-28,9721894.06,24.0,9999430.06
2020-12-21,5254.4000000003725,320,19753734.4,2020-12-21,184652.60500000045,260,16230292.605,2020-12-21,5213963.365000004,48,8176235.365000004,3,2020-12-21,8901325.430000002,24,10382461.430000002,2023-03-29,9491.01000000164,979.0,11389387.010000002,2023-03-29,58144.02000000037,883.0,10322136.02,2023-03-29,418261.40499999945,736.0,8973525.405,9.0,2023-03-29,9721894.06,24.0,10000870.06
2020-12-22,5254.4000000003725,320,19650054.4,2020-12-22,184652.60500000045,260,16146052.605,2020-12-22,5213963.365000004,48,8160683.365000004,3,2020-12-22,8901325.430000002,24,10374685.430000002,2023-03-30,9491.01000000164,979.0,11472602.010000002,2023-03-30,58144.02000000037,883.0,10397191.02,2023-03-30,418261.40499999945,736.0,9036085.405,9.0,2023-03-30,9721894.06,24.0,10002910.06
2020-12-23,5254.4000000003725,320,19742534.4,2020-12-23,184652.60500000045,260,16221192.605,2020-12-23,5213963.365000004,48,8174555.365000004,3,2020-12-23,8901325.430000002,24,10381621.430000002,2023-03-31,9491.01000000164,979.0,11536237.010000002,2023-03-31,58144.02000000037,883.0,10454586.02,2023-03-31,418261.40499999945,736.0,9083925.405,9.0,2023-03-31,9721894.06,24.0,10004470.06
2020-12-24,5254.4000000003725,320,19610374.4,2020-12-24,184652.60500000045,260,16113812.605,2020-12-24,5213963.365000004,48,8154731.365000004,3,2020-12-24,8901325.430000002,24,10371709.430000002,2023-04-03,9491.01000000164,979.0,11789798.010000002,2023-04-03,58144.02000000037,883.0,10683283.02,2023-04-03,418261.40499999945,736.0,9274549.405,9.0,2023-04-03,9709680.565000001,25.0,10010505.565000001
2020-12-28,5254.4000000003725,320,19678214.4,2020-12-28,184652.60500000045,260,16168932.605,2020-12-28,5213963.365000004,48,8164907.365000004,3,2020-12-28,8901325.430000002,24,10376797.430000002,2023-04-04,9491.01000000164,979.0,11868118.010000002,2023-04-04,58144.02000000037,883.0,10753923.02,2023-04-04,418261.40499999945,736.0,9333429.405,9.0,2023-04-04,9709680.565000001,25.0,10012505.565000001
2020-12-29,5254.4000000003725,320,19764934.4,2020-12-29,184652.60500000045,260,16239392.605,2020-12-29,5213963.365000004,48,8177915.365000004,3,2020-12-29,8901325.430000002,24,10383301.430000002,2023-04-05,9491.01000000164,979.0,11760428.010000002,2023-04-05,58144.02000000037,883.0,10656793.02,2023-04-05,418261.40499999945,736.0,9252469.405,9.0,2023-04-05,9709680.565000001,25.0,10009755.565000001
2020-12-30,5254.4000000003725,320,19664134.4,2020-12-30,184652.60500000045,260,16157492.605,2020-12-30,5213963.365000004,48,8162795.365000004,3,2020-12-30,8901325.430000002,24,10375741.430000002,2023-04-06,9491.01000000164,979.0,11789798.010000002,2023-04-06,58144.02000000037,883.0,10683283.02,2023-04-06,418261.40499999945,736.0,9274549.405,9.0,2023-04-06,9709680.565000001,25.0,10010505.565000001
2021-01-04,5254.4000000003725,320,19577414.4,2021-01-04,184652.60500000045,260,16087032.605,2021-01-04,4220676.245000004,64,8135108.245000004,4,2021-01-04,8839244.985000001,25,10368319.985000001,2023-04-07,9491.01000000164,979.0,11819168.010000002,2023-04-07,58144.02000000037,883.0,10709773.02,2023-04-07,418261.40499999945,736.0,9296629.405,9.0,2023-04-07,9709680.565000001,25.0,10011255.565000001
2021-01-05,5254.4000000003725,320,19399814.4,2021-01-05,184652.60500000045,260,15942732.605,2021-01-05,4220676.245000004,64,8099588.245000004,4,2021-01-05,8839244.985000001,25,10354444.985000001,2023-04-10,9491.01000000164,979.0,11838748.010000002,2023-04-10,58144.02000000037,883.0,10727433.02,2023-04-10,418261.40499999945,736.0,9311349.405,9.0,2023-04-10,9709680.565000001,25.0,10011755.565000001
2021-01-06,5254.4000000003725,320,19296454.4,2021-01-06,184652.60500000045,260,15858752.605,2021-01-06,4220676.245000004,64,8078916.245000004,4,2021-01-06,8839244.985000001,25,10346369.985000001,2023-04-11,9491.01000000164,979.0,11902383.010000002,2023-04-11,58144.02000000037,883.0,10784828.02,2023-04-11,418261.40499999945,736.0,9359189.405,9.0,2023-04-11,9709680.565000001,25.0,10013380.565000001
2021-01-07,5254.4000000003725,320,19411014.4,2021-01-07,184652.60500000045,260,15951832.605,2021-01-07,4220676.245000004,64,8101828.245000004,4,2021-01-07,8839244.985000001,25,10355319.985000001,2023-04-12,9491.01000000164,979.0,11921963.010000002,2023-04-12,58144.02000000037,883.0,10802488.02,2023-04-12,418261.40499999945,736.0,9373909.405,9.0,2023-04-12,9709680.565000001,25.0,10013880.565000001
2021-01-08,5254.4000000003725,320,19853574.4,2021-01-08,184652.60500000045,260,16311412.605,2021-01-08,4220676.245000004,64,8190340.245000004,4,2021-01-08,8839244.985000001,25,10389894.985000001,2023-04-13,9491.01000000164,979.0,11755533.010000002,2023-04-13,58144.02000000037,883.0,10652378.02,2023-04-13,418261.40499999945,736.0,9248789.405,9.0,2023-04-13,9709680.565000001,25.0,10009630.565000001
2021-01-11,5254.4000000003725,320,20069894.4,2021-01-11,184652.60500000045,260,16487172.605,2021-01-11,4220676.245000004,64,8233604.245000004,4,2021-01-11,8839244.985000001,25,10406794.985000001,2023-04-14,9491.01000000164,979.0,11775113.010000002,2023-04-14,58144.02000000037,883.0,10670038.02,2023-04-14,418261.40499999945,736.0,9263509.405,9.0,2023-04-14,9709680.565000001,25.0,10010130.565000001
2021-01-12,5254.4000000003725,320,19943174.4,2021-01-12,184652.60500000045,260,16384212.605,2021-01-12,4220676.245000004,64,8208260.245000004,4,2021-01-12,8839244.985000001,25,10396894.985000001,2023-04-17,9491.01000000164,979.0,11897488.010000002,2023-04-17,58144.02000000037,883.0,10780413.02,2023-04-17,418261.40499999945,736.0,9355509.405,9.0,2023-04-17,9709680.565000001,25.0,10013255.565000001
2021-01-13,5254.4000000003725,320,19872454.4,2021-01-13,184652.60500000045,260,16326752.605,2021-01-13,4220676.245000004,64,8194116.245000004,4,2021-01-13,8839244.985000001,25,10391369.985000001,2023-04-18,9491.01000000164,979.0,11984619.010000002,2023-04-18,58144.02000000037,883.0,10859000.02,2023-04-18,418261.40499999945,736.0,9421013.405,9.0,2023-04-18,9709680.565000001,25.0,10015480.565000001
2021-01-14,5254.4000000003725,320,19971014.4,2021-01-14,184652.60500000045,260,16406832.605,2021-01-14,4220676.245000004,64,8213828.245000004,4,2021-01-14,8839244.985000001,25,10399069.985000001,2023-04-19,9491.01000000164,979.0,12013989.010000002,2023-04-19,58144.02000000037,883.0,10885490.02,2023-04-19,418261.40499999945,736.0,9443093.405,9.0,2023-04-19,9709680.565000001,25.0,10016230.565000001
2021-01-15,5254.4000000003725,320,19838214.4,2021-01-15,184652.60500000045,260,16298932.605,2021-01-15,4220676.245000004,64,8187268.245000004,4,2021-01-15,8839244.985000001,25,10388694.985000001,2023-04-20,9491.01000000164,979.0,12013989.010000002,2023-04-20,58144.02000000037,883.0,10885490.02,2023-04-20,418261.40499999945,736.0,9443093.405,9.0,2023-04-20,9709680.565000001,25.0,10016230.565000001
2021-01-18,5254.4000000003725,320,19797574.4,2021-01-18,184652.60500000045,260,16265912.605,2021-01-18,4220676.245000004,64,8179140.245000004,4,2021-01-18,8839244.985000001,25,10385519.985000001,2023-04-21,9491.01000000164,979.0,12004199.010000002,2023-04-21,58144.02000000037,883.0,10876660.02,2023-04-21,418261.40499999945,736.0,9435733.405,9.0,2023-04-21,9709680.565000001,25.0,10015980.565000001
2021-01-19,5254.4000000003725,320,19999174.4,2021-01-19,184652.60500000045,260,16429712.605,2021-01-19,4220676.245000004,64,8219460.245000004,4,2021-01-19,8839244.985000001,25,10401269.985000001,2023-04-24,9491.01000000164,979.0,12018884.010000002,2023-04-24,58144.02000000037,883.0,10889905.02,2023-04-24,418261.40499999945,736.0,9446773.405,9.0,2023-04-24,9709680.565000001,25.0,10016355.565000001
2021-01-20,5254.4000000003725,320,20159174.4,2021-01-20,184652.60500000045,260,16559712.605,2021-01-20,4220676.245000004,64,8251460.245000004,4,2021-01-20,8839244.985000001,25,10413769.985000001,2023-04-25,9491.01000000164,979.0,12028674.010000002,2023-04-25,58144.02000000037,883.0,10898735.02,2023-04-25,418261.40499999945,736.0,9454133.405,9.0,2023-04-25,9709680.565000001,25.0,10016605.565000001
2021-01-21,5254.4000000003725,320,20597254.4,2021-01-21,184652.60500000045,260,16915652.605,2021-01-21,5134124.495000004,47,8158574.495000004,3,2021-01-21,8839244.985000001,25,10447994.985000001,2023-04-26,9491.01000000164,979.0,11960144.010000002,2023-04-26,58144.02000000037,883.0,10836925.02,2023-04-26,418261.40499999945,736.0,9402613.405,9.0,2023-04-26,9709680.565000001,25.0,10014855.565000001
2021-01-22,5254.4000000003725,320,20653894.4,2021-01-22,184652.60500000045,260,16961672.605,2021-01-22,5134124.495000004,47,8166893.495000004,3,2021-01-22,8839244.985000001,25,10452419.985000001,2023-04-27,9491.01000000164,979.0,11921963.010000002,2023-04-27,58144.02000000037,883.0,10802488.02,2023-04-27,418261.40499999945,736.0,9373909.405,9.0,2023-04-27,9709680.565000001,25.0,10013880.565000001
2021-01-25,5254.4000000003725,320,20788294.4,2021-01-25,184652.60500000045,260,17070872.605,2021-01-25,5134124.495000004,47,8186633.495000004,3,2021-01-25,8839244.985000001,25,10462919.985000001,2023-04-28,9491.01000000164,979.0,12106994.010000002,2023-04-28,58144.02000000037,883.0,10969375.02,2023-04-28,418261.40499999945,736.0,9513013.405,9.0,2023-04-28,9709680.565000001,25.0,10018605.565000001
2021-01-26,5254.4000000003725,320,20821254.4,2021-01-26,184652.60500000045,260,17097652.605,2021-01-26,5134124.495000004,47,8191474.495000004,3,2021-01-26,8839244.985000001,25,10465494.985000001,2023-05-02,9491.01000000164,979.0,12224474.010000002,2023-05-02,58144.02000000037,883.0,11075335.02,2023-05-02,418261.40499999945,736.0,9601333.405,9.0,2023-05-02,9697016.410000002,26.0,10021418.410000002
2021-01-27,5254.4000000003725,320,21014854.4,2021-01-27,184652.60500000045,260,17254952.605,2021-01-27,5134124.495000004,47,8219909.495000004,3,2021-01-27,8839244.985000001,25,10480619.985000001,2023-05-03,9491.01000000164,979.0,12087414.010000002,2023-05-03,58144.02000000037,883.0,10951715.02,2023-05-03,418261.40499999945,736.0,9498293.405,9.0,2023-05-03,9697016.410000002,26.0,10017778.410000002
2021-01-28,5254.4000000003725,320,20475014.4,2021-01-28,184652.60500000045,260,16816332.605,2021-01-28,5134124.495000004,47,8140620.495000004,3,2021-01-28,8839244.985000001,25,10438444.985000001,2023-05-04,9491.01000000164,979.0,11868118.010000002,2023-05-04,58144.02000000037,883.0,10753923.02,2023-05-04,418261.40499999945,736.0,9333429.405,9.0,2023-05-04,9697016.410000002,26.0,10011954.410000002
2021-01-29,5254.4000000003725,320,20398854.4,2021-01-29,184652.60500000045,260,16754452.605,2021-01-29,5134124.495000004,47,8129434.495000004,3,2021-01-29,8839244.985000001,25,10432494.985000001,2023-05-08,9491.01000000164,979.0,11950354.010000002,2023-05-08,58144.02000000037,883.0,10828095.02,2023-05-08,418261.40499999945,736.0,9395253.405,9.0,2023-05-08,9697016.410000002,26.0,10014138.410000002
2021-02-01,5254.4000000003725,320,20314054.4,2021-02-01,184652.60500000045,260,16685552.605,2021-02-01,4167869.870000004,62,8102699.870000004,4,2021-02-01,8774828.010000002,26,10424918.010000002,2023-05-09,9491.01000000164,979.0,11999304.010000002,2023-05-09,58144.02000000037,883.0,10872245.02,2023-05-09,418261.40499999945,736.0,9432053.405,9.0,2023-05-09,9697016.410000002,26.0,10015438.410000002
2021-02-02,5254.4000000003725,320,20852614.4,2021-02-02,184652.60500000045,260,17123132.605,2021-02-02,4167869.870000004,62,8207045.870000004,4,2021-02-02,8774828.010000002,26,10468676.010000002,2023-05-10,9491.01000000164,979.0,11969934.010000002,2023-05-10,58144.02000000037,883.0,10845755.02,2023-05-10,418261.40499999945,736.0,9409973.405,9.0,2023-05-10,9697016.410000002,26.0,10014658.410000002
2021-02-03,5254.4000000003725,320,21177414.4,2021-02-03,184652.60500000045,260,17387032.605,2021-02-03,5051807.550000004,46,8095305.550000004,3,2021-02-03,8774828.010000002,26,10495066.010000002,2023-05-11,9491.01000000164,979.0,12043359.010000002,2023-05-11,58144.02000000037,883.0,10911980.02,2023-05-11,418261.40499999945,736.0,9465173.405,9.0,2023-05-11,9697016.410000002,26.0,10016608.410000002
2021-02-04,5254.4000000003725,320,20995974.4,2021-02-04,184652.60500000045,260,17239612.605,2021-02-04,5051807.550000004,46,8069223.550000004,3,2021-02-04,8774828.010000002,26,10480324.010000002,2023-05-12,9491.01000000164,979.0,12102099.010000002,2023-05-12,58144.02000000037,883.0,10964960.02,2023-05-12,418261.40499999945,736.0,9509333.405,9.0,2023-05-12,9697016.410000002,26.0,10018168.410000002
2021-02-05,5254.4000000003725,320,21470214.4,2021-02-05,184652.60500000045,260,17624932.605,2021-02-05,5051807.550000004,46,8137395.550000004,3,2021-02-05,8774828.010000002,26,10518856.010000002,2023-05-15,9491.01000000164,979.0,12097204.010000002,2023-05-15,58144.02000000037,883.0,10960545.02,2023-05-15,418261.40499999945,736.0,9505653.405,9.0,2023-05-15,9697016.410000002,26.0,10018038.410000002
2021-02-08,5254.4000000003725,320,21489094.4,2021-02-08,184652.60500000045,260,17640272.605,2021-02-08,5051807.550000004,46,8140109.550000004,3,2021-02-08,8774828.010000002,26,10520390.010000002,2023-05-16,9491.01000000164,979.0,12102099.010000002,2023-05-16,58144.02000000037,883.0,10964960.02,2023-05-16,418261.40499999945,736.0,9509333.405,9.0,2023-05-16,9697016.410000002,26.0,10018168.410000002
2021-02-09,5254.4000000003725,320,21423174.4,2021-02-09,184652.60500000045,260,17586712.605,2021-02-09,5051807.550000004,46,8130633.550000004,3,2021-02-09,8774828.010000002,26,10515034.010000002,2023-05-17,9491.01000000164,979.0,12067834.010000002,2023-05-17,58144.02000000037,883.0,10934055.02,2023-05-17,418261.40499999945,736.0,9483573.405,9.0,2023-05-17,9697016.410000002,26.0,10017258.410000002
2021-02-10,5254.4000000003725,320,21352134.4,2021-02-10,184652.60500000045,260,17528992.605,2021-02-10,5051807.550000004,46,8120421.550000004,3,2021-02-10,8774828.010000002,26,10509262.010000002,2023-05-18,9491.01000000164,979.0,12160839.010000002,2023-05-18,58144.02000000037,883.0,11017940.02,2023-05-18,418261.40499999945,736.0,9553493.405,9.0,2023-05-18,9697016.410000002,26.0,10019728.410000002
2021-02-15,5254.4000000003725,320,21396294.4,2021-02-15,184652.60500000045,260,17564872.605,2021-02-15,5051807.550000004,46,8126769.550000004,3,2021-02-15,8774828.010000002,26,10512850.010000002,2023-05-19,9491.01000000164,979.0,12224474.010000002,2023-05-19,58144.02000000037,883.0,11075335.02,2023-05-19,418261.40499999945,736.0,9601333.405,9.0,2023-05-19,9697016.410000002,26.0,10021418.410000002
2021-02-16,5254.4000000003725,320,21440134.4,2021-02-16,184652.60500000045,260,17600492.605,2021-02-16,5051807.550000004,46,8133071.550000004,3,2021-02-16,8774828.010000002,26,10516412.010000002,2023-05-22,9491.01000000164,979.0,12116784.010000002,2023-05-22,58144.02000000037,883.0,10978205.02,2023-05-22,418261.40499999945,736.0,9520373.405,9.0,2023-05-22,9697016.410000002,26.0,10018558.410000002
2021-02-17,5254.4000000003725,320,21411974.4,2021-02-17,184652.60500000045,260,17577612.605,2021-02-17,5051807.550000004,46,8129023.550000004,3,2021-02-17,8774828.010000002,26,10514124.010000002,2023-05-23,9491.01000000164,979.0,12072729.010000002,2023-05-23,58144.02000000037,883.0,10938470.02,2023-05-23,418261.40499999945,736.0,9487253.405,9.0,2023-05-23,9697016.410000002,26.0,10017388.410000002
2021-02-18,5254.4000000003725,320,21224774.4,2021-02-18,184652.60500000045,260,17425512.605,2021-02-18,5051807.550000004,46,8102113.550000004,3,2021-02-18,8774828.010000002,26,10498914.010000002,2023-05-24,9491.01000000164,979.0,11969934.010000002,2023-05-24,58144.02000000037,883.0,10845755.02,2023-05-24,418261.40499999945,736.0,9409973.405,9.0,2023-05-24,9697016.410000002,26.0,10014658.410000002
2021-02-19,5254.4000000003725,320,21143494.4,2021-02-19,184652.60500000045,260,17359472.605,2021-02-19,5051807.550000004,46,8090429.550000004,3,2021-02-19,8774828.010000002,26,10492310.010000002,2023-05-25,9491.01000000164,979.0,12038464.010000002,2023-05-25,58144.02000000037,883.0,10907565.02,2023-05-25,418261.40499999945,736.0,9461493.405,9.0,2023-05-25,9697016.410000002,26.0,10016478.410000002
2021-02-22,5254.4000000003725,320,21072774.4,2021-02-22,184652.60500000045,260,17302012.605,2021-02-22,5051807.550000004,46,8080263.550000004,3,2021-02-22,8774828.010000002,26,10486564.010000002,2023-05-26,9491.01000000164,979.0,12062939.010000002,2023-05-26,58144.02000000037,883.0,10929640.02,2023-05-26,418261.40499999945,736.0,9479893.405,9.0,2023-05-26,9697016.410000002,26.0,10017128.410000002
2021-02-23,5254.4000000003725,320,20740934.4,2021-02-23,184652.60500000045,260,17032392.605,2021-02-23,5051807.550000004,46,8032561.550000004,3,2021-02-23,8774828.010000002,26,10459602.010000002,2023-05-30,9491.01000000164,979.0,12258739.010000002,2023-05-30,58144.02000000037,883.0,11106240.02,2023-05-30,418261.40499999945,736.0,9627093.405,9.0,2023-05-30,9697016.410000002,26.0,10022328.410000002
2021-02-24,5254.4000000003725,320,20378374.4,2021-02-24,184652.60500000045,260,16737812.605,2021-02-24,5051807.550000004,46,7980443.550000004,3,2021-02-24,8774828.010000002,26,10430144.010000002,2023-05-31,9491.01000000164,979.0,12190209.010000002,2023-05-31,58144.02000000037,883.0,11044430.02,2023-05-31,418261.40499999945,736.0,9575573.405,9.0,2023-05-31,9697016.410000002,26.0,10020508.410000002
2021-02-25,5254.4000000003725,320,20736134.4,2021-02-25,184652.60500000045,260,17028492.605,2021-02-25,5051807.550000004,46,8031871.550000004,3,2021-02-25,8774828.010000002,26,10459212.010000002,2023-06-01,9491.01000000164,979.0,12141259.010000002,2023-06-01,58144.02000000037,883.0,11000280.02,2023-06-01,418261.40499999945,736.0,9538773.405,9.0,2023-06-01,9684438.530000001,27.0,10019022.530000001
2021-02-26,5254.4000000003725,320,20110534.4,2021-02-26,184652.60500000045,260,16520192.605,2021-02-26,5051807.550000004,46,7941941.550000004,3,2021-02-26,8774828.010000002,26,10408382.010000002,2023-06-02,9491.01000000164,979.0,12121679.010000002,2023-06-02,58144.02000000037,883.0,10982620.02,2023-06-02,418261.40499999945,736.0,9524053.405,9.0,2023-06-02,9684438.530000001,27.0,10018482.530000001
2021-03-02,5254.4000000003725,320,20885574.4,2021-03-02,184652.60500000045,260,17149912.605,2021-03-02,4058361.075000004,61,8038672.075000004,4,2021-03-02,8708598.245000001,27,10470375.245000001,2023-06-05,9491.01000000164,979.0,12282235.010000002,2023-06-05,58144.02000000037,883.0,11127432.02,2023-06-05,418261.40499999945,736.0,9644757.405,9.0,2023-06-05,9684438.530000001,27.0,10022910.530000001
2021-03-03,5254.4000000003725,320,20680134.4,2021-03-03,184652.60500000045,260,16982992.605,2021-03-03,4058361.075000004,61,7999510.075000004,4,2021-03-03,8708598.245000001,27,10453041.245000001,2023-06-07,9491.01000000164,979.0,12263634.010000002,2023-06-07,58144.02000000037,883.0,11110655.02,2023-06-07,418261.40499999945,736.0,9630773.405,9.0,2023-06-07,9684438.530000001,27.0,10022397.530000001
2021-03-04,5254.4000000003725,320,19930374.4,2021-03-04,184652.60500000045,260,16373812.605,2021-03-04,4058361.075000004,61,7856587.075000004,4,2021-03-04,8708598.245000001,27,10389780.245000001,2023-06-08,9491.01000000164,979.0,12195104.010000002,2023-06-08,58144.02000000037,883.0,11048845.02,2023-06-08,418261.40499999945,736.0,9579253.405,9.0,2023-06-08,9684438.530000001,27.0,10020507.530000001
2021-03-05,5254.4000000003725,320,19673414.4,2021-03-05,184652.60500000045,260,16165032.605,2021-03-05,4058361.075000004,61,7807604.075000004,4,2021-03-05,8708598.245000001,27,10368099.245000001,2023-06-09,9491.01000000164,979.0,12160839.010000002,2023-06-09,58144.02000000037,883.0,11017940.02,2023-06-09,418261.40499999945,736.0,9553493.405,9.0,2023-06-09,9684438.530000001,27.0,10019562.530000001
2021-03-08,5254.4000000003725,320,19944774.4,2021-03-08,184652.60500000045,260,16385512.605,2021-03-08,4058361.075000004,61,7859332.075000004,4,2021-03-08,8708598.245000001,27,10390995.245000001,2023-06-12,9491.01000000164,979.0,12190209.010000002,2023-06-12,58144.02000000037,883.0,11044430.02,2023-06-12,418261.40499999945,736.0,9575573.405,9.0,2023-06-12,9684438.530000001,27.0,10020372.530000001
2021-03-09,5254.4000000003725,320,19836614.4,2021-03-09,184652.60500000045,260,16297632.605,2021-03-09,4058361.075000004,61,7838714.075000004,4,2021-03-09,8708598.245000001,27,10381869.245000001,2023-06-13,9491.01000000164,979.0,12146154.010000002,2023-06-13,58144.02000000037,883.0,11004695.02,2023-06-13,418261.40499999945,736.0,9542453.405,9.0,2023-06-13,9684438.530000001,27.0,10019157.530000001
2021-03-10,5254.4000000003725,320,20430534.4,2021-03-10,184652.60500000045,260,16780192.605,2021-03-10,4058361.075000004,61,7951930.075000004,4,2021-03-10,8708598.245000001,27,10431981.245000001,2023-06-14,9491.01000000164,979.0,12258739.010000002,2023-06-14,58144.02000000037,883.0,11106240.02,2023-06-14,418261.40499999945,736.0,9627093.405,9.0,2023-06-14,9684438.530000001,27.0,10022262.530000001
2021-03-11,5254.4000000003725,320,20478214.4,2021-03-11,184652.60500000045,260,16818932.605,2021-03-11,4058361.075000004,61,7961019.075000004,4,2021-03-11,8708598.245000001,27,10436004.245000001,2023-06-15,9491.01000000164,979.0,12272445.010000002,2023-06-15,58144.02000000037,883.0,11118602.02,2023-06-15,418261.40499999945,736.0,9637397.405,9.0,2023-06-15,9684438.530000001,27.0,10022640.530000001
2021-03-12,5254.4000000003725,320,20670854.4,2021-03-12,184652.60500000045,260,16975452.605,2021-03-12,4058361.075000004,61,7997741.075000004,4,2021-03-12,8708598.245000001,27,10452258.245000001,2023-06-16,9491.01000000164,979.0,12365450.010000002,2023-06-16,58144.02000000037,883.0,11202487.02,2023-06-16,1314036.8799999994,651.0,9530307.879999999,8.0,2023-06-16,9684438.530000001,27.0,10025205.530000001
2021-03-15,5254.4000000003725,320,20582854.4,2021-03-15,184652.60500000045,260,16903952.605,2021-03-15,4058361.075000004,61,7980966.075000004,4,2021-03-15,8708598.245000001,27,10444833.245000001,2023-06-19,9491.01000000164,979.0,12399715.010000002,2023-06-19,58144.02000000037,883.0,11233392.02,2023-06-19,324907.1999999995,728.0,9538475.2,9.0,2023-06-19,9684438.530000001,27.0,10026150.530000001
2021-03-16,5254.4000000003725,320,20826054.4,2021-03-16,184652.60500000045,260,17101552.605,2021-03-16,4058361.075000004,61,8027326.075000004,4,2021-03-16,8708598.245000001,27,10465353.245000001,2023-06-20,9491.01000000164,979.0,12375240.010000002,2023-06-20,58144.02000000037,883.0,11211317.02,2023-06-20,324907.1999999995,728.0,9520275.2,9.0,2023-06-20,9684438.530000001,27.0,10025475.530000001
2021-03-17,5254.4000000003725,320,20875974.4,2021-03-17,184652.60500000045,260,17142112.605,2021-03-17,4058361.075000004,61,8036842.075000004,4,2021-03-17,8708598.245000001,27,10469565.245000001,2023-06-21,9491.01000000164,979.0,12438875.010000002,2023-06-21,58144.02000000037,883.0,11268712.02,2023-06-21,1226005.7999999993,643.0,9389533.799999999,8.0,2023-06-21,9684438.530000001,27.0,10027230.530000001
2021-03-18,5254.4000000003725,320,20849414.4,2021-03-18,184652.60500000045,260,17120532.605,2021-03-18,4058361.075000004,61,8031779.075000004,4,2021-03-18,8708598.245000001,27,10467324.245000001,2023-06-22,9491.01000000164,979.0,12380135.010000002,2023-06-22,58144.02000000037,883.0,11215732.02,2023-06-22,1226005.7999999993,643.0,9350953.799999999,8.0,2023-06-22,9684438.530000001,27.0,10025610.530000001
2021-03-19,5254.4000000003725,320,20279494.4,2021-03-19,184652.60500000045,260,16657472.605,2021-03-19,4058361.075000004,61,7923138.075000004,4,2021-03-19,8708598.245000001,27,10419237.245000001,2023-06-23,9491.01000000164,979.0,12487825.010000002,2023-06-23,58144.02000000037,883.0,11312862.02,2023-06-23,1226005.7999999993,643.0,9421683.799999999,8.0,2023-06-23,9684438.530000001,27.0,10028580.530000001
2021-03-22,5254.4000000003725,320,20486214.4,2021-03-22,184652.60500000045,260,16825432.605,2021-03-22,4058361.075000004,61,7962544.075000004,4,2021-03-22,8708598.245000001,27,10436679.245000001,2023-06-26,9491.01000000164,979.0,12473140.010000002,2023-06-26,58144.02000000037,883.0,11299617.02,2023-06-26,1226005.7999999993,643.0,9412038.799999999,8.0,2023-06-26,9684438.530000001,27.0,10028175.530000001
2021-03-23,5254.4000000003725,320,20644294.4,2021-03-23,184652.60500000045,260,16953872.605,2021-03-23,4058361.075000004,61,7992678.075000004,4,2021-03-23,8708598.245000001,27,10450017.245000001,2023-06-27,9491.01000000164,979.0,12399715.010000002,2023-06-27,58144.02000000037,883.0,11233392.02,2023-06-27,1226005.7999999993,643.0,9363813.799999999,8.0,2023-06-27,9684438.530000001,27.0,10026150.530000001
2021-03-24,5254.4000000003725,320,20748934.4,2021-03-24,184652.60500000045,260,17038892.605,2021-03-24,4058361.075000004,61,8012625.075000004,4,2021-03-24,8708598.245000001,27,10458846.245000001,2023-06-28,9491.01000000164,979.0,12541670.010000002,2023-06-28,58144.02000000037,883.0,11361427.02,2023-06-28,2123867.9399999995,559.0,9279626.94,7.0,2023-06-28,9684438.530000001,27.0,10030065.530000001
2021-03-25,5254.4000000003725,320,20411334.4,2021-03-25,184652.60500000045,260,16764592.605,2021-03-25,4058361.075000004,61,7948270.075000004,4,2021-03-25,8708598.245000001,27,10430361.245000001,2023-06-29,9491.01000000164,979.0,12663066.010000002,2023-06-29,58144.02000000037,883.0,11470919.02,2023-06-29,2123867.9399999995,559.0,9348942.94,7.0,2023-06-29,9684438.530000001,27.0,10033413.530000001
2021-03-26,5254.4000000003725,320,20441734.4,2021-03-26,184652.60500000045,260,16789292.605,2021-03-26,4058361.075000004,61,7954065.075000004,4,2021-03-26,8708598.245000001,27,10432926.245000001,2023-06-30,9491.01000000164,979.0,12736491.010000002,2023-06-30,58144.02000000037,883.0,11537144.02,2023-06-30,2123867.9399999995,559.0,9390867.94,7.0,2023-06-30,9684438.530000001,27.0,10035438.530000001
2021-03-29,5254.4000000003725,320,20440134.4,2021-03-29,184652.60500000045,260,16787992.605,2021-03-29,4058361.075000004,61,7953760.075000004,4,2021-03-29,8708598.245000001,27,10432791.245000001,2023-07-03,9491.01000000164,979.0,12785441.010000002,2023-07-03,58144.02000000037,883.0,11581294.02,2023-07-03,1130436.6899999995,634.0,9404136.69,8.0,2023-07-03,9671192.780000001,28.0,10036592.780000001
2021-03-30,5254.4000000003725,320,20563974.4,2021-03-30,184652.60500000045,260,16888612.605,2021-03-30,4058361.075000004,61,7977367.075000004,4,2021-03-30,8708598.245000001,27,10443240.245000001,2023-07-04,9491.01000000164,979.0,12731596.010000002,2023-07-04,58144.02000000037,883.0,11532729.02,2023-07-04,1130436.6899999995,634.0,9369266.69,8.0,2023-07-04,9671192.780000001,28.0,10035052.780000001
2021-03-31,5254.4000000003725,320,20501254.4,2021-03-31,184652.60500000045,260,16837652.605,2021-03-31,4058361.075000004,61,7965411.075000004,4,2021-03-31,8708598.245000001,27,10437948.245000001,2023-07-05,9491.01000000164,979.0,12687541.010000002,2023-07-05,58144.02000000037,883.0,11492994.02,2023-07-05,1130436.6899999995,634.0,9340736.69,8.0,2023-07-05,9671192.780000001,28.0,10033792.780000001
2021-04-01,5254.4000000003725,320,20917894.4,2021-04-01,184652.60500000045,260,17176172.605,2021-04-01,3063376.8750000037,76,8030128.875000004,5,2021-04-01,8642265.965000002,28,10472121.965000002,2023-07-06,9491.01000000164,979.0,12667961.010000002,2023-07-06,58144.02000000037,883.0,11475334.02,2023-07-06,1130436.6899999995,634.0,9328056.69,8.0,2023-07-06,9671192.780000001,28.0,10033232.780000001
2021-04-02,5254.4000000003725,320,21135494.4,2021-04-02,184652.60500000045,260,17352972.605,2021-04-02,3063376.8750000037,76,8081808.875000004,5,2021-04-02,8642265.965000002,28,10491161.965000002,2023-07-07,9491.01000000164,979.0,12633696.010000002,2023-07-07,58144.02000000037,883.0,11444429.02,2023-07-07,1130436.6899999995,634.0,9305866.69,8.0,2023-07-07,9671192.780000001,28.0,10032252.780000001
2021-04-05,5254.4000000003725,320,21109254.4,2021-04-05,184652.60500000045,260,17331652.605,2021-04-05,3063376.8750000037,76,8075576.875000004,5,2021-04-05,8642265.965000002,28,10488865.965000002,2023-07-10,9491.01000000164,979.0,12566145.010000002,2023-07-10,58144.02000000037,883.0,11383502.02,2023-07-10,1130436.6899999995,634.0,9262120.69,8.0,2023-07-10,9671192.780000001,28.0,10030320.780000001
2021-04-06,5254.4000000003725,320,21333574.4,2021-04-06,184652.60500000045,260,17513912.605,2021-04-06,3063376.8750000037,76,8128852.875000004,5,2021-04-06,8642265.965000002,28,10508493.965000002,2023-07-11,9491.01000000164,979.0,12556355.010000002,2023-07-11,58144.02000000037,883.0,11374672.02,2023-07-11,1130436.6899999995,634.0,9255780.69,8.0,2023-07-11,9671192.780000001,28.0,10030040.780000001
2021-04-07,5254.4000000003725,320,21301894.4,2021-04-07,184652.60500000045,260,17488172.605,2021-04-07,3063376.8750000037,76,8121328.875000004,5,2021-04-07,8642265.965000002,28,10505721.965000002,2023-07-12,9491.01000000164,979.0,12580830.010000002,2023-07-12,58144.02000000037,883.0,11396747.02,2023-07-12,1130436.6899999995,634.0,9271630.69,8.0,2023-07-12,9671192.780000001,28.0,10030740.780000001
2021-04-08,5254.4000000003725,320,21536134.4,2021-04-08,184652.60500000045,260,17678492.605,2021-04-08,3962291.115000004,60,7999331.115000004,4,2021-04-08,8642265.965000002,28,10526217.965000002,2023-07-13,9491.01000000164,979.0,12561250.010000002,2023-07-13,58144.02000000037,883.0,11379087.02,2023-07-13,1130436.6899999995,634.0,9258950.69,8.0,2023-07-13,9671192.780000001,28.0,10030180.780000001
2021-04-09,5254.4000000003725,320,21640774.4,2021-04-09,184652.60500000045,260,17763512.605,2021-04-09,3962291.115000004,60,8018951.115000004,4,2021-04-09,8642265.965000002,28,10535373.965000002,2023-07-14,9491.01000000164,979.0,12536775.010000002,2023-07-14,58144.02000000037,883.0,11357012.02,2023-07-14,1130436.6899999995,634.0,9243100.69,8.0,2023-07-14,9671192.780000001,28.0,10029480.780000001
2021-04-12,5254.4000000003725,320,21812294.4,2021-04-12,184652.60500000045,260,17902872.605,2021-04-12,3962291.115000004,60,8051111.115000004,4,2021-04-12,8642265.965000002,28,10550381.965000002,2023-07-17,9491.01000000164,979.0,12531880.010000002,2023-07-17,58144.02000000037,883.0,11352597.02,2023-07-17,1130436.6899999995,634.0,9239930.69,8.0,2023-07-17,9671192.780000001,28.0,10029340.780000001
2021-04-13,5254.4000000003725,320,21812294.4,2021-04-13,184652.60500000045,260,17902872.605,2021-04-13,3962291.115000004,60,8051111.115000004,4,2021-04-13,8642265.965000002,28,10550381.965000002,2023-07-18,9491.01000000164,979.0,12522090.010000002,2023-07-18,58144.02000000037,883.0,11343767.02,2023-07-18,1130436.6899999995,634.0,9233590.69,8.0,2023-07-18,9671192.780000001,28.0,10029060.780000001
2021-04-14,5254.4000000003725,320,21921414.4,2021-04-14,184652.60500000045,260,17991532.605,2021-04-14,3962291.115000004,60,8071571.115000004,4,2021-04-14,8642265.965000002,28,10559929.965000002,2023-07-19,9491.01000000164,979.0,12672856.010000002,2023-07-19,58144.02000000037,883.0,11479749.02,2023-07-19,1130436.6899999995,634.0,9331226.69,8.0,2023-07-19,9671192.780000001,28.0,10033372.780000001
2021-04-15,5254.4000000003725,320,21752134.4,2021-04-15,184652.60500000045,260,17853992.605,2021-04-15,3962291.115000004,60,8039831.115000004,4,2021-04-15,8642265.965000002,28,10545117.965000002,2023-07-20,9491.01000000164,979.0,12707121.010000002,2023-07-20,58144.02000000037,883.0,11510654.02,2023-07-20,1130436.6899999995,634.0,9353416.69,8.0,2023-07-20,9671192.780000001,28.0,10034352.780000001
2021-04-16,5254.4000000003725,320,21910214.4,2021-04-16,184652.60500000045,260,17982432.605,2021-04-16,3962291.115000004,60,8069471.115000004,4,2021-04-16,8642265.965000002,28,10558949.965000002,2023-07-21,9491.01000000164,979.0,12800126.010000002,2023-07-21,58144.02000000037,883.0,11594539.02,2023-07-21,1130436.6899999995,634.0,9413646.69,8.0,2023-07-21,9671192.780000001,28.0,10037012.780000001
2021-04-19,5254.4000000003725,320,22045254.4,2021-04-19,184652.60500000045,260,18092152.605,2021-04-19,3962291.115000004,60,8094791.115000004,4,2021-04-19,8642265.965000002,28,10570765.965000002,2023-07-24,9491.01000000164,979.0,12756071.010000002,2023-07-24,58144.02000000037,883.0,11554804.02,2023-07-24,1130436.6899999995,634.0,9385116.69,8.0,2023-07-24,9671192.780000001,28.0,10035752.780000001
2021-04-20,5254.4000000003725,320,21756934.4,2021-04-20,184652.60500000045,260,17857892.605,2021-04-20,3962291.115000004,60,8040731.115000004,4,2021-04-20,8642265.965000002,28,10545537.965000002,2023-07-25,9491.01000000164,979.0,12780546.010000002,2023-07-25,58144.02000000037,883.0,11576879.02,2023-07-25,1130436.6899999995,634.0,9400966.69,8.0,2023-07-25,9671192.780000001,28.0,10036452.780000001
2021-04-21,5254.4000000003725,320,21617414.4,2021-04-21,184652.60500000045,260,17744532.605,2021-04-21,3962291.115000004,60,8014571.115000004,4,2021-04-21,8642265.965000002,28,10533329.965000002,2023-07-26,9491.01000000164,979.0,12800126.010000002,2023-07-26,58144.02000000037,883.0,11594539.02,2023-07-26,1130436.6899999995,634.0,9413646.69,8.0,2023-07-26,9671192.780000001,28.0,10037012.780000001
2021-04-22,5254.4000000003725,320,21875334.4,2021-04-22,184652.60500000045,260,17954092.605,2021-04-22,3962291.115000004,60,8062931.115000004,4,2021-04-22,8642265.965000002,28,10555897.965000002,2023-07-27,9491.01000000164,979.0,12853971.010000002,2023-07-27,58144.02000000037,883.0,11643104.02,2023-07-27,2028763.0899999994,552.0,9271003.09,7.0,2023-07-27,9671192.780000001,28.0,10038552.780000001
2021-04-23,5254.4000000003725,320,21591814.4,2021-04-23,184652.60500000045,260,17723732.605,2021-04-23,3962291.115000004,60,8009771.115000004,4,2021-04-23,8642265.965000002,28,10531089.965000002,2023-07-28,9491.01000000164,979.0,12775651.010000002,2023-07-28,58144.02000000037,883.0,11572464.02,2023-07-28,2028763.0899999994,552.0,9226843.09,7.0,2023-07-28,9671192.780000001,28.0,10036312.780000001
2021-04-26,5254.4000000003725,320,21771334.4,2021-04-26,184652.60500000045,260,17869592.605,2021-04-26,3962291.115000004,60,8043431.115000004,4,2021-04-26,8642265.965000002,28,10546797.965000002,2023-07-31,9491.01000000164,979.0,12814811.010000002,2023-07-31,58144.02000000037,883.0,11607784.02,2023-07-31,2028763.0899999994,552.0,9248923.09,7.0,2023-07-31,9671192.780000001,28.0,10037432.780000001
2021-04-27,5254.4000000003725,320,21881414.4,2021-04-27,184652.60500000045,260,17959032.605,2021-04-27,3962291.115000004,60,8064071.115000004,4,2021-04-27,8642265.965000002,28,10556429.965000002,2023-08-01,9491.01000000164,979.0,12941102.010000002,2023-08-01,58144.02000000037,883.0,11721691.02,2023-08-01,1941055.3299999996,544.0,9126751.33,7.0,2023-08-01,9657785.645000001,29.0,10040846.645000001
2021-04-28,5254.4000000003725,320,21826374.4,2021-04-28,184652.60500000045,260,17914312.605,2021-04-28,3962291.115000004,60,8053751.115000004,4,2021-04-28,8642265.965000002,28,10551613.965000002,2023-08-02,9491.01000000164,979.0,12980262.010000002,2023-08-02,58144.02000000037,883.0,11757011.02,2023-08-02,1941055.3299999996,544.0,9148511.33,7.0,2023-08-02,9657785.645000001,29.0,10042006.645000001
2021-04-29,5254.4000000003725,320,21823174.4,2021-04-29,184652.60500000045,260,17911712.605,2021-04-29,3962291.115000004,60,8053151.115000004,4,2021-04-29,8642265.965000002,28,10551333.965000002,2023-08-03,9491.01000000164,979.0,12888236.010000002,2023-08-03,58144.02000000037,883.0,11674009.02,2023-08-03,1941055.3299999996,544.0,9097375.33,7.0,2023-08-03,9657785.645000001,29.0,10039280.645000001
2021-04-30,5254.4000000003725,320,21741254.4,2021-04-30,184652.60500000045,260,17845152.605,2021-04-30,3962291.115000004,60,8037791.115000004,4,2021-04-30,8642265.965000002,28,10544165.965000002,2023-08-04,9491.01000000164,979.0,13004737.010000002,2023-08-04,58144.02000000037,883.0,11779086.02,2023-08-04,2838842.3199999994,463.0,8984704.32,6.0,2023-08-04,9657785.645000001,29.0,10042731.645000001
2021-05-03,5254.4000000003725,320,21881414.4,2021-05-03,184652.60500000045,260,17959032.605,2021-05-03,2990852.885000004,74,8049714.8850000035,5,2021-05-03,8572877.520000001,29,10555404.520000001,2023-08-07,9491.01000000164,979.0,12888236.010000002,2023-08-07,58144.02000000037,883.0,11674009.02,2023-08-07,2838842.3199999994,463.0,8929607.32,6.0,2023-08-07,9657785.645000001,29.0,10039280.645000001
2021-05-04,5254.4000000003725,320,21709574.4,2021-05-04,184652.60500000045,260,17819412.605,2021-05-04,2990852.885000004,74,8009976.8850000035,5,2021-05-04,8572877.520000001,29,10539831.520000001,2023-08-08,9491.01000000164,979.0,13014527.010000002,2023-08-08,58144.02000000037,883.0,11787916.02,2023-08-08,2838842.3199999994,463.0,8989334.32,6.0,2023-08-08,9657785.645000001,29.0,10043021.645000001
2021-05-06,5254.4000000003725,320,21371334.4,2021-05-06,184652.60500000045,260,17544592.605,2021-05-06,2990852.885000004,74,7931758.8850000035,5,2021-05-06,8572877.520000001,29,10509178.520000001,2023-08-09,9491.01000000164,979.0,13029212.010000002,2023-08-09,58144.02000000037,883.0,11801161.02,2023-08-09,2838842.3199999994,463.0,8996279.32,6.0,2023-08-09,9657785.645000001,29.0,10043456.645000001
2021-05-07,5254.4000000003725,320,21461894.4,2021-05-07,184652.60500000045,260,17618172.605,2021-05-07,2990852.885000004,74,7952700.8850000035,5,2021-05-07,8572877.520000001,29,10517385.520000001,2023-08-10,9491.01000000164,979.0,12980262.010000002,2023-08-10,58144.02000000037,883.0,11757011.02,2023-08-10,2838842.3199999994,463.0,8973129.32,6.0,2023-08-10,9657785.645000001,29.0,10042006.645000001
2021-05-10,5254.4000000003725,320,21447814.4,2021-05-10,184652.60500000045,260,17606732.605,2021-05-10,2990852.885000004,74,7949444.8850000035,5,2021-05-10,8572877.520000001,29,10516109.520000001,2023-08-11,9491.01000000164,979.0,13009632.010000002,2023-08-11,58144.02000000037,883.0,11783501.02,2023-08-11,2838842.3199999994,463.0,8987019.32,6.0,2023-08-11,9657785.645000001,29.0,10042876.645000001
2021-05-11,5254.4000000003725,320,20857734.4,2021-05-11,184652.60500000045,260,17127292.605,2021-05-11,2990852.885000004,74,7812988.8850000035,5,2021-05-11,8572877.520000001,29,10462633.520000001,2023-08-14,9491.01000000164,979.0,13029212.010000002,2023-08-14,58144.02000000037,883.0,11801161.02,2023-08-14,2838842.3199999994,463.0,8996279.32,6.0,2023-08-14,9657785.645000001,29.0,10043456.645000001
2021-05-12,5254.4000000003725,320,20985414.4,2021-05-12,184652.60500000045,260,17231032.605,2021-05-12,2990852.885000004,74,7842514.8850000035,5,2021-05-12,8572877.520000001,29,10474204.520000001,2023-08-16,9491.01000000164,979.0,13039002.010000002,2023-08-16,58144.02000000037,883.0,11809991.02,2023-08-16,2838842.3199999994,463.0,9000909.32,6.0,2023-08-16,9657785.645000001,29.0,10043746.645000001
2021-05-13,5254.4000000003725,320,20716934.4,2021-05-13,184652.60500000045,260,17012892.605,2021-05-13,2990852.885000004,74,7780428.8850000035,5,2021-05-13,8572877.520000001,29,10449873.520000001,2023-08-17,9491.01000000164,979.0,12999842.010000002,2023-08-17,58144.02000000037,883.0,11774671.02,2023-08-17,2838842.3199999994,463.0,8982389.32,6.0,2023-08-17,9657785.645000001,29.0,10042586.645000001
2021-05-14,5254.4000000003725,320,20899654.4,2021-05-14,184652.60500000045,260,17161352.605,2021-05-14,2990852.885000004,74,7822682.8850000035,5,2021-05-14,8572877.520000001,29,10466432.520000001,2023-08-18,9491.01000000164,979.0,12858866.010000002,2023-08-18,58144.02000000037,883.0,11647519.02,2023-08-18,2838842.3199999994,463.0,8915717.32,6.0,2023-08-18,9657785.645000001,29.0,10038410.645000001
2021-05-17,5254.4000000003725,320,21330054.4,2021-05-17,184652.60500000045,260,17511052.605,2021-05-17,2990852.885000004,74,7922212.8850000035,5,2021-05-17,8572877.520000001,29,10505437.520000001,2023-08-21,9491.01000000164,979.0,12888236.010000002,2023-08-21,58144.02000000037,883.0,11674009.02,2023-08-21,2838842.3199999994,463.0,8929607.32,6.0,2023-08-21,9657785.645000001,29.0,10039280.645000001
2021-05-18,5254.4000000003725,320,21277254.4,2021-05-18,184652.60500000045,260,17468152.605,2021-05-18,2990852.885000004,74,7910002.8850000035,5,2021-05-18,8572877.520000001,29,10500652.520000001,2023-08-22,9491.01000000164,979.0,12926417.010000002,2023-08-22,58144.02000000037,883.0,11708446.02,2023-08-22,2838842.3199999994,463.0,8947664.32,6.0,2023-08-22,9657785.645000001,29.0,10040411.645000001
2021-05-20,5254.4000000003725,320,21043974.4,2021-05-20,184652.60500000045,260,17278612.605,2021-05-20,2990852.885000004,74,7856056.8850000035,5,2021-05-20,8572877.520000001,29,10479511.520000001,2023-08-23,9491.01000000164,979.0,12960682.010000002,2023-08-23,58144.02000000037,883.0,11739351.02,2023-08-23,2838842.3199999994,463.0,8963869.32,6.0,2023-08-23,9657785.645000001,29.0,10041426.645000001
2021-05-21,5254.4000000003725,320,21387014.4,2021-05-21,184652.60500000045,260,17557332.605,2021-05-21,2990852.885000004,74,7935384.8850000035,5,2021-05-21,8572877.520000001,29,10510599.520000001,2023-08-24,9491.01000000164,979.0,12980262.010000002,2023-08-24,58144.02000000037,883.0,11757011.02,2023-08-24,2838842.3199999994,463.0,8973129.32,6.0,2023-08-24,9657785.645000001,29.0,10042006.645000001
2021-05-24,5254.4000000003725,320,21275654.4,2021-05-24,184652.60500000045,260,17466852.605,2021-05-24,2990852.885000004,74,7909632.8850000035,5,2021-05-24,8572877.520000001,29,10500507.520000001,2023-08-25,9491.01000000164,979.0,12751176.010000002,2023-08-25,58144.02000000037,883.0,11550389.02,2023-08-25,2838842.3199999994,463.0,8864787.32,6.0,2023-08-25,9657785.645000001,29.0,10035220.645000001
2021-05-25,5254.4000000003725,320,21621894.4,2021-05-25,184652.60500000045,260,17748172.605,2021-05-25,2990852.885000004,74,7989700.8850000035,5,2021-05-25,8572877.520000001,29,10531885.520000001,2023-08-28,9491.01000000164,979.0,12834391.010000002,2023-08-28,58144.02000000037,883.0,11625444.02,2023-08-28,2838842.3199999994,463.0,8904142.32,6.0,2023-08-28,9657785.645000001,29.0,10037685.645000001
2021-05-26,5254.4000000003725,320,21485574.4,2021-05-26,184652.60500000045,260,17637412.605,2021-05-26,2990852.885000004,74,7958176.8850000035,5,2021-05-26,8572877.520000001,29,10519531.520000001,2023-08-29,9491.01000000164,979.0,12902921.010000002,2023-08-29,58144.02000000037,883.0,11687254.02,2023-08-29,2838842.3199999994,463.0,8936552.32,6.0,2023-08-29,9657785.645000001,29.0,10039715.645000001
2021-05-27,5254.4000000003725,320,21477574.4,2021-05-27,184652.60500000045,260,17630912.605,2021-05-27,2990852.885000004,74,7956326.8850000035,5,2021-05-27,8572877.520000001,29,10518806.520000001,2023-08-30,9491.01000000164,979.0,13097742.010000002,2023-08-30,58144.02000000037,883.0,11862971.02,2023-08-30,2838842.3199999994,463.0,9028689.32,6.0,2023-08-30,9657785.645000001,29.0,10045486.645000001
2021-05-28,5254.4000000003725,320,21418054.4,2021-05-28,184652.60500000045,260,17582552.605,2021-05-28,2990852.885000004,74,7942562.8850000035,5,2021-05-28,8572877.520000001,29,10513412.520000001,2023-08-31,9491.01000000164,979.0,13151587.010000002,2023-08-31,58144.02000000037,883.0,11911536.02,2023-08-31,2838842.3199999994,463.0,9054154.32,6.0,2023-08-31,9657785.645000001,29.0,10047081.645000001
2021-05-31,5254.4000000003725,320,21385414.4,2021-05-31,184652.60500000045,260,17556032.605,2021-05-31,2990852.885000004,74,7935014.8850000035,5,2021-05-31,8572877.520000001,29,10510454.520000001,2023-09-01,9491.01000000164,979.0,13083057.010000002,2023-09-01,58144.02000000037,883.0,11849726.02,2023-09-01,1849377.6899999995,536.0,9007121.69,7.0,2023-09-01,9644231.335,30.0,10044851.335
2021-06-01,5254.4000000003725,320,21280454.4,2021-06-01,184652.60500000045,260,17470752.605,2021-06-01,2046101.035000004,88,7896781.035000004,6,2021-06-01,8505395.245000001,30,10499945.245000001,2023-09-04,9491.01000000164,979.0,13122217.010000002,2023-09-04,58144.02000000037,883.0,11885046.02,2023-09-04,1849377.6899999995,536.0,9028561.69,7.0,2023-09-04,9644231.335,30.0,10046051.335
2021-06-02,5254.4000000003725,320,21336134.4,2021-06-02,184652.60500000045,260,17515992.605,2021-06-02,2046101.035000004,88,7912093.035000004,6,2021-06-02,8505395.245000001,30,10505165.245000001,2023-09-05,9491.01000000164,979.0,13185852.010000002,2023-09-05,58144.02000000037,883.0,11942441.02,2023-09-05,2748438.8899999997,456.0,8885742.89,6.0,2023-09-05,9644231.335,30.0,10048001.335
2021-06-03,5254.4000000003725,320,21394374.4,2021-06-03,184652.60500000045,260,17563312.605,2021-06-03,2046101.035000004,88,7928109.035000004,6,2021-06-03,8505395.245000001,30,10510625.245000001,2023-09-06,9491.01000000164,979.0,13151587.010000002,2023-09-06,58144.02000000037,883.0,11911536.02,2023-09-06,2748438.8899999997,456.0,8869782.89,6.0,2023-09-06,9644231.335,30.0,10046951.335
2021-06-04,5254.4000000003725,320,21179654.4,2021-06-04,184652.60500000045,260,17388852.605,2021-06-04,2046101.035000004,88,7869061.035000004,6,2021-06-04,8505395.245000001,30,10490495.245000001,2023-09-07,9491.01000000164,979.0,13087952.010000002,2023-09-07,58144.02000000037,883.0,11854141.02,2023-09-07,2748438.8899999997,456.0,8840142.89,6.0,2023-09-07,9644231.335,30.0,10045001.335
2021-06-07,5254.4000000003725,320,21461894.4,2021-06-07,184652.60500000045,260,17618172.605,2021-06-07,2046101.035000004,88,7946677.035000004,6,2021-06-07,8505395.245000001,30,10516955.245000001,2023-09-08,9491.01000000164,979.0,13087952.010000002,2023-09-08,58144.02000000037,883.0,11854141.02,2023-09-08,2748438.8899999997,456.0,8840142.89,6.0,2023-09-08,9644231.335,30.0,10045001.335
2021-06-08,5254.4000000003725,320,21642054.4,2021-06-08,184652.60500000045,260,17764552.605,2021-06-08,2046101.035000004,88,7996221.035000004,6,2021-06-08,8505395.245000001,30,10533845.245000001,2023-09-11,9491.01000000164,979.0,13102637.010000002,2023-09-11,58144.02000000037,883.0,11867386.02,2023-09-11,2748438.8899999997,456.0,8846982.89,6.0,2023-09-11,9644231.335,30.0,10045451.335
2021-06-09,5254.4000000003725,320,21637574.4,2021-06-09,184652.60500000045,260,17760912.605,2021-06-09,2046101.035000004,88,7994989.035000004,6,2021-06-09,8505395.245000001,30,10533425.245000001,2023-09-12,9491.01000000164,979.0,13097742.010000002,2023-09-12,58144.02000000037,883.0,11862971.02,2023-09-12,2748438.8899999997,456.0,8844702.89,6.0,2023-09-12,9644231.335,30.0,10045301.335
2021-06-10,5254.4000000003725,320,21653254.4,2021-06-10,184652.60500000045,260,17773652.605,2021-06-10,2046101.035000004,88,7999301.035000004,6,2021-06-10,8505395.245000001,30,10534895.245000001,2023-09-13,9491.01000000164,979.0,13039002.010000002,2023-09-13,58144.02000000037,883.0,11809991.02,2023-09-13,2748438.8899999997,456.0,8817342.89,6.0,2023-09-13,9644231.335,30.0,10043501.335
2021-06-11,5254.4000000003725,320,21791814.4,2021-06-11,184652.60500000045,260,17886232.605,2021-06-11,2046101.035000004,88,8037405.035000004,6,2021-06-11,8505395.245000001,30,10547885.245000001,2023-09-14,9491.01000000164,979.0,13078162.010000002,2023-09-14,58144.02000000037,883.0,11845311.02,2023-09-14,2748438.8899999997,456.0,8835582.89,6.0,2023-09-14,9644231.335,30.0,10044701.335
2021-06-14,5254.4000000003725,320,21971334.4,2021-06-14,184652.60500000045,260,18032092.605,2021-06-14,2046101.035000004,88,8086773.035000004,6,2021-06-14,8505395.245000001,30,10564715.245000001,2023-09-15,9491.01000000164,979.0,13166272.010000002,2023-09-15,58144.02000000037,883.0,11924781.02,2023-09-15,2748438.8899999997,456.0,8876622.89,6.0,2023-09-15,9644231.335,30.0,10047401.335
2021-06-15,5254.4000000003725,320,22190534.4,2021-06-15,184652.60500000045,260,18210192.605,2021-06-15,2046101.035000004,88,8147053.035000004,6,2021-06-15,8505395.245000001,30,10585265.245000001,2023-09-18,9491.01000000164,979.0,12990052.010000002,2023-09-18,58144.02000000037,883.0,11765841.02,2023-09-18,2748438.8899999997,456.0,8794542.89,6.0,2023-09-18,9644231.335,30.0,10042001.335
2021-06-16,5254.4000000003725,320,22050374.4,2021-06-16,184652.60500000045,260,18096312.605,2021-06-16,2046101.035000004,88,8108509.035000004,6,2021-06-16,8505395.245000001,30,10572125.245000001,2023-09-19,9491.01000000164,979.0,13004737.010000002,2023-09-19,58144.02000000037,883.0,11779086.02,2023-09-19,2748438.8899999997,456.0,8801382.89,6.0,2023-09-19,9644231.335,30.0,10042451.335
2021-06-17,5254.4000000003725,320,22097734.4,2021-06-17,184652.60500000045,260,18134792.605,2021-06-17,2046101.035000004,88,8121533.035000004,6,2021-06-17,8505395.245000001,30,10576565.245000001,2023-09-20,9491.01000000164,979.0,13009632.010000002,2023-09-20,58144.02000000037,883.0,11783501.02,2023-09-20,2748438.8899999997,456.0,8803662.89,6.0,2023-09-20,9644231.335,30.0,10042601.335
2021-06-18,5254.4000000003725,320,22566534.4,2021-06-18,184652.60500000045,260,18515692.605,2021-06-18,3812226.235000004,58,7901458.235000004,4,2021-06-18,8505395.245000001,30,10620515.245000001,2023-09-21,9491.01000000164,979.0,12950892.010000002,2023-09-21,58144.02000000037,883.0,11730521.02,2023-09-21,2748438.8899999997,456.0,8776302.89,6.0,2023-09-21,9644231.335,30.0,10040801.335
2021-06-21,5254.4000000003725,320,22422854.4,2021-06-21,184652.60500000045,260,18398952.605,2021-06-21,3812226.235000004,58,7875416.235000004,4,2021-06-21,8505395.245000001,30,10607045.245000001,2023-09-22,9491.01000000164,979.0,12775651.010000002,2023-09-22,58144.02000000037,883.0,11572464.02,2023-09-22,2748438.8899999997,456.0,8694678.89,6.0,2023-09-22,9644231.335,30.0,10035431.335
2021-06-22,5254.4000000003725,320,22500614.4,2021-06-22,184652.60500000045,260,18462132.605,2021-06-22,3812226.235000004,58,7889510.235000004,4,2021-06-22,8505395.245000001,30,10614335.245000001,2023-09-25,9491.01000000164,979.0,12741386.010000002,2023-09-25,58144.02000000037,883.0,11541559.02,2023-09-25,2748438.8899999997,456.0,8678718.89,6.0,2023-09-25,9644231.335,30.0,10034381.335
2021-06-23,5254.4000000003725,320,22848774.4,2021-06-23,184652.60500000045,260,18745012.605,2021-06-23,3812226.235000004,58,7952614.235000004,4,2021-06-23,8505395.245000001,30,10646975.245000001,2023-09-26,9491.01000000164,979.0,12819706.010000002,2023-09-26,58144.02000000037,883.0,11612199.02,2023-09-26,2748438.8899999997,456.0,8715198.89,6.0,2023-09-26,9644231.335,30.0,10036781.335
2021-06-24,5254.4000000003725,320,22825414.4,2021-06-24,184652.60500000045,260,18726032.605,2021-06-24,3812226.235000004,58,7948380.235000004,4,2021-06-24,8505395.245000001,30,10644785.245000001,2023-09-27,9491.01000000164,979.0,12731596.010000002,2023-09-27,58144.02000000037,883.0,11532729.02,2023-09-27,2748438.8899999997,456.0,8674158.89,6.0,2023-09-27,9644231.335,30.0,10034081.335
2021-06-25,5254.4000000003725,320,22765894.4,2021-06-25,184652.60500000045,260,18677672.605,2021-06-25,3812226.235000004,58,7937592.235000004,4,2021-06-25,8505395.245000001,30,10639205.245000001,2023-10-04,9491.01000000164,979.0,12619011.010000002,2023-10-04,58144.02000000037,883.0,11431184.02,2023-10-04,1754875.6899999997,532.0,8607035.69,7.0,2023-10-04,9631158.135000002,31.0,10030438.135000002
2021-06-28,5254.4000000003725,320,22812934.4,2021-06-28,184652.60500000045,260,18715892.605,2021-06-28,3812226.235000004,58,7946118.235000004,4,2021-06-28,8505395.245000001,30,10643615.245000001,2023-10-05,9491.01000000164,979.0,12663066.010000002,2023-10-05,58144.02000000037,883.0,11470919.02,2023-10-05,1754875.6899999997,532.0,8630975.69,7.0,2023-10-05,9631158.135000002,31.0,10031833.135000002
2021-06-29,5254.4000000003725,320,22986054.4,2021-06-29,184652.60500000045,260,18856552.605,2021-06-29,4711709.110000004,43,7799754.110000004,3,2021-06-29,8505395.245000001,30,10659845.245000001,2023-10-06,9491.01000000164,979.0,12638591.010000002,2023-10-06,58144.02000000037,883.0,11448844.02,2023-10-06,1754875.6899999997,532.0,8617675.69,7.0,2023-10-06,9631158.135000002,31.0,10031058.135000002
2021-06-30,5254.4000000003725,320,23079494.4,2021-06-30,184652.60500000045,260,18932472.605,2021-06-30,5614849.285000004,28,7633845.285000004,2,2021-06-30,8505395.245000001,30,10668605.245000001,2023-10-10,9491.01000000164,979.0,12883341.010000002,2023-10-10,58144.02000000037,883.0,11669594.02,2023-10-10,1754875.6899999997,532.0,8750675.69,7.0,2023-10-10,9631158.135000002,31.0,10038808.135000002
2021-07-01,5254.4000000003725,320,23182534.4,2021-07-01,184652.60500000045,260,19016192.605,2021-07-01,4659148.630000004,41,7628737.630000004,3,2021-07-01,8431879.81,31,10677178.81,2023-10-11,9491.01000000164,979.0,12853971.010000002,2023-10-11,58144.02000000037,883.0,11643104.02,2023-10-11,1754875.6899999997,532.0,8734715.69,7.0,2023-10-11,9631158.135000002,31.0,10037878.135000002
2021-07-02,5254.4000000003725,320,23179334.4,2021-07-02,184652.60500000045,260,19013592.605,2021-07-02,4659148.630000004,41,7628327.630000004,3,2021-07-02,8431879.81,31,10676868.81,2023-10-12,9491.01000000164,979.0,12950892.010000002,2023-10-12,58144.02000000037,883.0,11730521.02,2023-10-12,1754875.6899999997,532.0,8787383.69,7.0,2023-10-12,9631158.135000002,31.0,10040947.135000002
2021-07-05,5254.4000000003725,320,23386374.4,2021-07-05,184652.60500000045,260,19181812.605,2021-07-05,4659148.630000004,41,7654854.630000004,3,2021-07-05,8431879.81,31,10696925.81,2023-10-13,9491.01000000164,979.0,12926417.010000002,2023-10-13,58144.02000000037,883.0,11708446.02,2023-10-13,1754875.6899999997,532.0,8774083.69,7.0,2023-10-13,9631158.135000002,31.0,10040172.135000002
2021-07-06,5254.4000000003725,320,23356294.4,2021-07-06,184652.60500000045,260,19157372.605,2021-07-06,4659148.630000004,41,7651000.630000004,3,2021-07-06,8431879.81,31,10694011.81,2023-10-16,9491.01000000164,979.0,12936207.010000002,2023-10-16,58144.02000000037,883.0,11717276.02,2023-10-16,1754875.6899999997,532.0,8779403.69,7.0,2023-10-16,9631158.135000002,31.0,10040482.135000002
2021-07-07,5254.4000000003725,320,23652614.4,2021-07-07,184652.60500000045,260,19398132.605,2021-07-07,5523016.250000004,27,7518262.250000004,2,2021-07-07,8431879.81,31,10722717.81,2023-10-17,9491.01000000164,979.0,13014527.010000002,2023-10-17,58144.02000000037,883.0,11787916.02,2023-10-17,1754875.6899999997,532.0,8821963.69,7.0,2023-10-17,9631158.135000002,31.0,10042962.135000002
2021-07-08,5254.4000000003725,320,23799814.4,2021-07-08,184652.60500000045,260,19517732.605,2021-07-08,5523016.250000004,27,7530682.250000004,2,2021-07-08,8431879.81,31,10736977.81,2023-10-18,9491.01000000164,979.0,12970472.010000002,2023-10-18,58144.02000000037,883.0,11748181.02,2023-10-18,1754875.6899999997,532.0,8798023.69,7.0,2023-10-18,9631158.135000002,31.0,10041567.135000002
2021-07-09,5254.4000000003725,320,23736134.4,2021-07-09,184652.60500000045,260,19465992.605,2021-07-09,5523016.250000004,27,7525309.250000004,2,2021-07-09,8431879.81,31,10730808.81,2023-10-19,9491.01000000164,979.0,12873551.010000002,2023-10-19,58144.02000000037,883.0,11660764.02,2023-10-19,1754875.6899999997,532.0,8745355.69,7.0,2023-10-19,9631158.135000002,31.0,10038498.135000002
2021-07-12,5254.4000000003725,320,23895494.4,2021-07-12,184652.60500000045,260,19595472.605,2021-07-12,5523016.250000004,27,7538755.250000004,2,2021-07-12,8431879.81,31,10746246.81,2023-10-20,9491.01000000164,979.0,12692436.010000002,2023-10-20,58144.02000000037,883.0,11497409.02,2023-10-20,1754875.6899999997,532.0,8646935.69,7.0,2023-10-20,9631158.135000002,31.0,10032763.135000002
2021-07-13,5254.4000000003725,320,23950214.4,2021-07-13,184652.60500000045,260,19639932.605,2021-07-13,5523016.250000004,27,7543372.250000004,2,2021-07-13,8431879.81,31,10751547.81,2023-10-23,9491.01000000164,979.0,12623906.010000002,2023-10-23,58144.02000000037,883.0,11435599.02,2023-10-23,1754875.6899999997,532.0,8609695.69,7.0,2023-10-23,9631158.135000002,31.0,10030593.135000002
2021-07-14,5254.4000000003725,320,24005254.4,2021-07-14,184652.60500000045,260,19684652.605,2021-07-14,5523016.250000004,27,7548016.250000004,2,2021-07-14,8431879.81,31,10756879.81,2023-10-24,9491.01000000164,979.0,12522090.010000002,2023-10-24,58144.02000000037,883.0,11343767.02,2023-10-24,1754875.6899999997,532.0,8554367.69,7.0,2023-10-24,9631158.135000002,31.0,10027369.135000002
2021-07-15,5254.4000000003725,320,23964294.4,2021-07-15,184652.60500000045,260,19651372.605,2021-07-15,5523016.250000004,27,7544560.250000004,2,2021-07-15,8431879.81,31,10752911.81,2023-10-25,9491.01000000164,979.0,12590620.010000002,2023-10-25,58144.02000000037,883.0,11405577.02,2023-10-25,1754875.6899999997,532.0,8591607.69,7.0,2023-10-25,9631158.135000002,31.0,10029539.135000002
2021-07-16,5254.4000000003725,320,23716294.4,2021-07-16,184652.60500000045,260,19449872.605,2021-07-16,5523016.250000004,27,7523635.250000004,2,2021-07-16,8431879.81,31,10728886.81,2023-10-26,9491.01000000164,979.0,12463350.010000002,2023-10-26,58144.02000000037,883.0,11290787.02,2023-10-26,1754875.6899999997,532.0,8522447.69,7.0,2023-10-26,9631158.135000002,31.0,10025509.135000002
2021-07-19,5254.4000000003725,320,23657094.4,2021-07-19,184652.60500000045,260,19401772.605,2021-07-19,5523016.250000004,27,7518640.250000004,2,2021-07-19,8431879.81,31,10723151.81,2023-10-27,9491.01000000164,979.0,12404610.010000002,2023-10-27,58144.02000000037,883.0,11237807.02,2023-10-27,1754875.6899999997,532.0,8490527.69,7.0,2023-10-27,9631158.135000002,31.0,10023649.135000002
2021-07-20,5254.4000000003725,320,23669894.4,2021-07-20,184652.60500000045,260,19412172.605,2021-07-20,5523016.250000004,27,7519720.250000004,2,2021-07-20,8431879.81,31,10724391.81,2023-10-30,9491.01000000164,979.0,12301815.010000002,2023-10-30,58144.02000000037,883.0,11145092.02,2023-10-30,1754875.6899999997,532.0,8434667.69,7.0,2023-10-30,9631158.135000002,31.0,10020394.135000002
2021-07-21,5254.4000000003725,320,23887814.4,2021-07-21,184652.60500000045,260,19589232.605,2021-07-21,5523016.250000004,27,7538107.250000004,2,2021-07-21,8431879.81,31,10745502.81,2023-10-31,9491.01000000164,979.0,12345870.010000002,2023-10-31,58144.02000000037,883.0,11184827.02,2023-10-31,1754875.6899999997,532.0,8458607.69,7.0,2023-10-31,9631158.135000002,31.0,10021789.135000002
2021-07-22,5254.4000000003725,320,24002054.4,2021-07-22,184652.60500000045,260,19682052.605,2021-07-22,5523016.250000004,27,7547746.250000004,2,2021-07-22,8431879.81,31,10756569.81,2023-11-01,9491.01000000164,979.0,12526985.010000002,2023-11-01,58144.02000000037,883.0,11348182.02,2023-11-01,755585.8599999998,609.0,8542259.86,8.0,2023-11-01,9618180.345000003,32.0,10027332.345000003
2021-07-23,5254.4000000003725,320,24250694.4,2021-07-23,184652.60500000045,260,19884072.605,2021-07-23,6408732.480000004,13,7393703.480000004,1,2021-07-23,8431879.81,31,10780656.81,2023-11-02,9491.01000000164,979.0,12561250.010000002,2023-11-02,58144.02000000037,883.0,11379087.02,2023-11-02,755585.8599999998,609.0,8563574.86,8.0,2023-11-02,9618180.345000003,32.0,10028452.345000003
2021-07-26,5254.4000000003725,320,24504454.4,2021-07-26,184652.60500000045,260,20090252.605,2021-07-26,6408732.480000004,13,7404012.480000004,1,2021-07-26,8431879.81,31,10805239.81,2023-11-03,9491.01000000164,979.0,12571040.010000002,2023-11-03,58144.02000000037,883.0,11387917.02,2023-11-03,755585.8599999998,609.0,8569664.86,8.0,2023-11-03,9618180.345000003,32.0,10028772.345000003
2021-07-27,5254.4000000003725,320,24423174.4,2021-07-27,184652.60500000045,260,20024212.605,2021-07-27,6408732.480000004,13,7400710.480000004,1,2021-07-27,8431879.81,31,10797365.81,2023-11-06,9491.01000000164,979.0,12478035.010000002,2023-11-06,58144.02000000037,883.0,11304032.02,2023-11-06,755585.8599999998,609.0,8511809.86,8.0,2023-11-06,9618180.345000003,32.0,10025732.345000003
2021-07-28,5254.4000000003725,320,24263494.4,2021-07-28,184652.60500000045,260,19894472.605,2021-07-28,6408732.480000004,13,7394223.480000004,1,2021-07-28,8431879.81,31,10781896.81,2023-11-07,9491.01000000164,979.0,12556355.010000002,2023-11-07,58144.02000000037,883.0,11374672.02,2023-11-07,755585.8599999998,609.0,8560529.86,8.0,2023-11-07,9618180.345000003,32.0,10028292.345000003
2021-07-29,5254.4000000003725,320,24178694.4,2021-07-29,184652.60500000045,260,19825572.605,2021-07-29,6408732.480000004,13,7390778.480000004,1,2021-07-29,8431879.81,31,10773681.81,2023-11-08,9491.01000000164,979.0,12628801.010000002,2023-11-08,58144.02000000037,883.0,11440014.02,2023-11-08,755585.8599999998,609.0,8605595.86,8.0,2023-11-08,9618180.345000003,32.0,10030660.345000003
2021-07-30,5254.4000000003725,320,24012294.4,2021-07-30,184652.60500000045,260,19690372.605,2021-07-30,6408732.480000004,13,7384018.480000004,1,2021-07-30,8431879.81,31,10757561.81,2023-11-09,9491.01000000164,979.0,12648381.010000002,2023-11-09,58144.02000000037,883.0,11457674.02,2023-11-09,755585.8599999998,609.0,8617775.86,8.0,2023-11-09,9618180.345000003,32.0,10031300.345000003
2021-08-02,5254.4000000003725,320,24336774.4,2021-08-02,184652.60500000045,260,19954012.605,2021-08-02,5482614.000000005,25,7383514.000000005,2,2021-08-02,8354703.2700000005,32,10787855.27,2023-11-10,9491.01000000164,979.0,12633696.010000002,2023-11-10,58144.02000000037,883.0,11444429.02,2023-11-10,755585.8599999998,609.0,8608640.86,8.0,2023-11-10,9618180.345000003,32.0,10030820.345000003
2021-08-03,5254.4000000003725,320,24200774.4,2021-08-03,184652.60500000045,260,19843512.605,2021-08-03,5482614.000000005,25,7372889.000000005,2,2021-08-03,8354703.2700000005,32,10774255.27,2023-11-13,9491.01000000164,979.0,12844181.010000002,2023-11-13,58144.02000000037,883.0,11634274.02,2023-11-13,755585.8599999998,609.0,8739575.86,8.0,2023-11-13,9618180.345000003,32.0,10037700.345000003
2021-08-04,5254.4000000003725,320,24236294.4,2021-08-04,184652.60500000045,260,19872372.605,2021-08-04,5482614.000000005,25,7375664.000000005,2,2021-08-04,8354703.2700000005,32,10777807.27,2023-11-14,9491.01000000164,979.0,12926417.010000002,2023-11-14,58144.02000000037,883.0,11708446.02,2023-11-14,755585.8599999998,609.0,8790731.86,8.0,2023-11-14,9618180.345000003,32.0,10040388.345000003
2021-08-05,5254.4000000003725,320,24241094.4,2021-08-05,184652.60500000045,260,19876272.605,2021-08-05,5482614.000000005,25,7376039.000000005,2,2021-08-05,8354703.2700000005,32,10778287.27,2023-11-15,9491.01000000164,979.0,12931312.010000002,2023-11-15,58144.02000000037,883.0,11712861.02,2023-11-15,755585.8599999998,609.0,8793776.86,8.0,2023-11-15,9618180.345000003,32.0,10040548.345000003
2021-08-06,5254.4000000003725,320,24349254.4,2021-08-06,184652.60500000045,260,19964152.605,2021-08-06,5482614.000000005,25,7384489.000000005,2,2021-08-06,8354703.2700000005,32,10789103.27,2023-11-16,9491.01000000164,979.0,12883341.010000002,2023-11-16,58144.02000000037,883.0,11669594.02,2023-11-16,755585.8599999998,609.0,8763935.86,8.0,2023-11-16,9618180.345000003,32.0,10038980.345000003
2021-08-09,5254.4000000003725,320,24228614.4,2021-08-09,184652.60500000045,260,19866132.605,2021-08-09,5482614.000000005,25,7375064.000000005,2,2021-08-09,8354703.2700000005,32,10777039.27,2023-11-17,9491.01000000164,979.0,12902921.010000002,2023-11-17,58144.02000000037,883.0,11687254.02,2023-11-17,755585.8599999998,609.0,8776115.86,8.0,2023-11-17,9618180.345000003,32.0,10039620.345000003
2021-08-10,5254.4000000003725,320,24440454.4,2021-08-10,184652.60500000045,260,20038252.605,2021-08-10,5482614.000000005,25,7391614.000000005,2,2021-08-10,8354703.2700000005,32,10798223.27,2023-11-20,9491.01000000164,979.0,12839286.010000002,2023-11-20,58144.02000000037,883.0,11629859.02,2023-11-20,755585.8599999998,609.0,8736530.86,8.0,2023-11-20,9618180.345000003,32.0,10037540.345000003
2021-08-11,5254.4000000003725,320,24454534.4,2021-08-11,184652.60500000045,260,20049692.605,2021-08-11,5482614.000000005,25,7392714.000000005,2,2021-08-11,8354703.2700000005,32,10799631.27,2023-11-21,9491.01000000164,979.0,12941102.010000002,2023-11-21,58144.02000000037,883.0,11721691.02,2023-11-21,755585.8599999998,609.0,8799866.86,8.0,2023-11-21,9618180.345000003,32.0,10040868.345000003
2021-08-12,5254.4000000003725,320,24492294.4,2021-08-12,184652.60500000045,260,20080372.605,2021-08-12,5482614.000000005,25,7395664.000000005,2,2021-08-12,8354703.2700000005,32,10803407.27,2023-11-22,9491.01000000164,979.0,12999842.010000002,2023-11-22,58144.02000000037,883.0,11774671.02,2023-11-22,755585.8599999998,609.0,8836406.86,8.0,2023-11-22,9618180.345000003,32.0,10042788.345000003
2021-08-13,5254.4000000003725,320,24789894.4,2021-08-13,184652.60500000045,260,20322172.605,2021-08-13,5482614.000000005,25,7418914.000000005,2,2021-08-13,8354703.2700000005,32,10833167.27,2023-11-23,9491.01000000164,979.0,13053687.010000002,2023-11-23,58144.02000000037,883.0,11823236.02,2023-11-23,755585.8599999998,609.0,8869901.86,8.0,2023-11-23,9618180.345000003,32.0,10044548.345000003
2021-08-17,5254.4000000003725,320,25005894.4,2021-08-17,184652.60500000045,260,20497672.605,2021-08-17,5482614.000000005,25,7435789.000000005,2,2021-08-17,8354703.2700000005,32,10854767.27,2023-11-24,9491.01000000164,979.0,13136902.010000002,2023-11-24,58144.02000000037,883.0,11898291.02,2023-11-24,755585.8599999998,609.0,8921666.86,8.0,2023-11-24,9618180.345000003,32.0,10047268.345000003
2021-08-18,5254.4000000003725,320,24680454.4,2021-08-18,184652.60500000045,260,20233252.605,2021-08-18,5482614.000000005,25,7410364.000000005,2,2021-08-18,8354703.2700000005,32,10822223.27,2023-11-27,9491.01000000164,979.0,13083057.010000002,2023-11-27,58144.02000000037,883.0,11849726.02,2023-11-27,755585.8599999998,609.0,8888171.86,8.0,2023-11-27,9618180.345000003,32.0,10045508.345000003
2021-08-19,5254.4000000003725,320,24420294.4,2021-08-19,184652.60500000045,260,20021872.605,2021-08-19,5482614.000000005,25,7390039.000000005,2,2021-08-19,8354703.2700000005,32,10796207.27,2023-11-28,9491.01000000164,979.0,12999842.010000002,2023-11-28,58144.02000000037,883.0,11774671.02,2023-11-28,755585.8599999998,609.0,8836406.86,8.0,2023-11-28,9618180.345000003,32.0,10042788.345000003
2021-08-20,5254.4000000003725,320,24727494.4,2021-08-20,184652.60500000045,260,20271472.605,2021-08-20,5482614.000000005,25,7414039.000000005,2,2021-08-20,8354703.2700000005,32,10826927.27,2023-11-29,9491.01000000164,979.0,12975367.010000002,2023-11-29,58144.02000000037,883.0,11752596.02,2023-11-29,755585.8599999998,609.0,8821181.86,8.0,2023-11-29,9618180.345000003,32.0,10041988.345000003
2021-08-23,5254.4000000003725,320,24983814.4,2021-08-23,184652.60500000045,260,20479732.605,2021-08-23,5482614.000000005,25,7434064.000000005,2,2021-08-23,8354703.2700000005,32,10852559.27,2023-11-30,9491.01000000164,979.0,12985157.010000002,2023-11-30,58144.02000000037,883.0,11761426.02,2023-11-30,755585.8599999998,609.0,8827271.86,8.0,2023-11-30,9618180.345000003,32.0,10042308.345000003
2021-08-24,5254.4000000003725,320,25148934.4,2021-08-24,184652.60500000045,260,20613892.605,2021-08-24,5482614.000000005,25,7446964.000000005,2,2021-08-24,8354703.2700000005,32,10869071.27,2023-12-01,9491.01000000164,979.0,13166272.010000002,2023-12-01,58144.02000000037,883.0,11924781.02,2023-12-01,755585.8599999998,609.0,8939936.86,8.0,2023-12-01,9604539.760000002,33.0,10048026.760000002
2021-08-25,5254.4000000003725,320,25232774.4,2021-08-25,184652.60500000045,260,20682012.605,2021-08-25,5482614.000000005,25,7453514.000000005,2,2021-08-25,8354703.2700000005,32,10877455.27,2023-12-04,9491.01000000164,979.0,13200537.010000002,2023-12-04,58144.02000000037,883.0,11955686.02,2023-12-04,755585.8599999998,609.0,8961251.86,8.0,2023-12-04,9604539.760000002,33.0,10049181.760000002
2021-08-26,5254.4000000003725,320,25237574.4,2021-08-26,184652.60500000045,260,20685912.605,2021-08-26,5482614.000000005,25,7453889.000000005,2,2021-08-26,8354703.2700000005,32,10877935.27,2023-12-05,9491.01000000164,979.0,13195642.010000002,2023-12-05,58144.02000000037,883.0,11951271.02,2023-12-05,755585.8599999998,609.0,8958206.86,8.0,2023-12-05,9604539.760000002,33.0,10049016.760000002
2021-08-27,5254.4000000003725,320,25197894.4,2021-08-27,184652.60500000045,260,20653672.605,2021-08-27,5482614.000000005,25,7450789.000000005,2,2021-08-27,8354703.2700000005,32,10873967.27,2023-12-06,9491.01000000164,979.0,13272983.010000002,2023-12-06,58144.02000000037,883.0,12021028.02,2023-12-06,755585.8599999998,609.0,9006317.86,8.0,2023-12-06,9604539.760000002,33.0,10051623.760000002
2021-08-30,5254.4000000003725,320,25325894.4,2021-08-30,184652.60500000045,260,20757672.605,2021-08-30,5482614.000000005,25,7460789.000000005,2,2021-08-30,8354703.2700000005,32,10886767.27,2023-12-07,9491.01000000164,979.0,13302353.010000002,2023-12-07,58144.02000000037,883.0,12047518.02,2023-12-07,755585.8599999998,609.0,9024587.86,8.0,2023-12-07,9604539.760000002,33.0,10052613.760000002
2021-08-31,5254.4000000003725,320,25542214.4,2021-08-31,184652.60500000045,260,20933432.605,2021-08-31,6348875.565000005,12,7306511.565000005,1,2021-08-31,8354703.2700000005,32,10908399.27,2023-12-08,9491.01000000164,979.0,13229907.010000002,2023-12-08,58144.02000000037,883.0,11982176.02,2023-12-08,755585.8599999998,609.0,8979521.86,8.0,2023-12-08,9604539.760000002,33.0,10050171.760000002
2021-09-01,5254.4000000003725,320,25443974.4,2021-09-01,184652.60500000045,260,20853612.605,2021-09-01,5380614.285000005,24,7288518.285000005,2,2021-09-01,8274014.83,33,10897382.83,2023-12-11,9491.01000000164,979.0,13390463.010000002,2023-12-11,58144.02000000037,883.0,12126988.02,2023-12-11,755585.8599999998,609.0,9079397.86,8.0,2023-12-11,9604539.760000002,33.0,10055583.760000002
2021-09-02,5254.4000000003725,320,25505094.4,2021-09-02,184652.60500000045,260,20903272.605,2021-09-02,5380614.285000005,24,7293102.285000005,2,2021-09-02,8274014.83,33,10903685.83,2023-12-12,9491.01000000164,979.0,13419833.010000002,2023-12-12,58144.02000000037,883.0,12153478.02,2023-12-12,755585.8599999998,609.0,9097667.86,8.0,2023-12-12,9604539.760000002,33.0,10056573.760000002
2021-09-03,5254.4000000003725,320,25411334.4,2021-09-03,184652.60500000045,260,20827092.605,2021-09-03,5380614.285000005,24,7286070.285000005,2,2021-09-03,8274014.83,33,10894016.83,2023-12-13,9491.01000000164,979.0,13537313.010000002,2023-12-13,58144.02000000037,883.0,12259438.02,2023-12-13,2567056.57,452.0,8812792.57,6.0,2023-12-13,9604539.760000002,33.0,10060533.760000002
2021-09-06,5254.4000000003725,320,25518854.4,2021-09-06,184652.60500000045,260,20914452.605,2021-09-06,5380614.285000005,24,7294134.285000005,2,2021-09-06,8274014.83,33,10905104.83,2023-12-14,9491.01000000164,979.0,13522628.010000002,2023-12-14,58144.02000000037,883.0,12246193.02,2023-12-14,1572343.375,523.0,8791312.375,7.0,2023-12-14,9604539.760000002,33.0,10060038.760000002
2021-09-07,5254.4000000003725,320,25551814.4,2021-09-07,184652.60500000045,260,20941232.605,2021-09-07,5380614.285000005,24,7296606.285000005,2,2021-09-07,8274014.83,33,10908503.83,2023-12-15,9491.01000000164,979.0,13512838.010000002,2023-12-15,58144.02000000037,883.0,12237363.02,2023-12-15,1572343.375,523.0,8786082.375,7.0,2023-12-15,9604539.760000002,33.0,10059708.760000002
2021-09-08,5254.4000000003725,320,25701254.4,2021-09-08,184652.60500000045,260,21062652.605,2021-09-08,5380614.285000005,24,7307814.285000005,2,2021-09-08,8274014.83,33,10923914.83,2023-12-18,9491.01000000164,979.0,13551998.010000002,2023-12-18,58144.02000000037,883.0,12272683.02,2023-12-18,1572343.375,523.0,8807002.375,7.0,2023-12-18,9604539.760000002,33.0,10061028.760000002
2021-09-09,5254.4000000003725,320,25600774.4,2021-09-09,184652.60500000045,260,20981012.605,2021-09-09,5380614.285000005,24,7300278.285000005,2,2021-09-09,8274014.83,33,10913552.83,2023-12-19,9491.01000000164,979.0,13668499.010000002,2023-12-19,58144.02000000037,883.0,12377760.02,2023-12-19,2469387.215,446.0,8691979.215,6.0,2023-12-19,9604539.760000002,33.0,10064955.760000002
2021-09-10,5254.4000000003725,320,25620934.4,2021-09-10,184652.60500000045,260,20997392.605,2021-09-10,5380614.285000005,24,7301790.285000005,2,2021-09-10,8274014.83,33,10915631.83,2023-12-20,9491.01000000164,979.0,13678289.010000002,2023-12-20,58144.02000000037,883.0,12386590.02,2023-12-20,2469387.215,446.0,8696439.215,6.0,2023-12-20,9604539.760000002,33.0,10065285.760000002
2021-09-13,5254.4000000003725,320,25575494.4,2021-09-13,184652.60500000045,260,20960472.605,2021-09-13,5380614.285000005,24,7298382.285000005,2,2021-09-13,8274014.83,33,10910945.83,2023-12-21,9491.01000000164,979.0,13595074.010000002,2023-12-21,58144.02000000037,883.0,12311535.02,2023-12-21,2469387.215,446.0,8658529.215,6.0,2023-12-21,9604539.760000002,33.0,10062480.760000002
2021-09-14,5254.4000000003725,320,25432774.4,2021-09-14,184652.60500000045,260,20844512.605,2021-09-14,5380614.285000005,24,7287678.285000005,2,2021-09-14,8274014.83,33,10896227.83,2023-12-22,9491.01000000164,979.0,13634234.010000002,2023-12-22,58144.02000000037,883.0,12346855.02,2023-12-22,2469387.215,446.0,8676369.215,6.0,2023-12-22,9604539.760000002,33.0,10063800.760000002
2021-09-15,5254.4000000003725,320,25341894.4,2021-09-15,184652.60500000045,260,20770672.605,2021-09-15,5380614.285000005,24,7280862.285000005,2,2021-09-15,8274014.83,33,10886855.83,2023-12-26,9491.01000000164,979.0,13609759.010000002,2023-12-26,58144.02000000037,883.0,12324780.02,2023-12-26,2469387.215,446.0,8665219.215,6.0,2023-12-26,9604539.760000002,33.0,10062975.760000002
2021-09-16,5254.4000000003725,320,25513094.4,2021-09-16,184652.60500000045,260,20909772.605,2021-09-16,5380614.285000005,24,7293702.285000005,2,2021-09-16,8274014.83,33,10904510.83,2023-12-27,9491.01000000164,979.0,13648919.010000002,2023-12-27,58144.02000000037,883.0,12360100.02,2023-12-27,2469387.215,446.0,8683059.215,6.0,2023-12-27,9604539.760000002,33.0,10064295.760000002
2021-09-17,5254.4000000003725,320,25652614.4,2021-09-17,184652.60500000045,260,21023132.605,2021-09-17,5380614.285000005,24,7304166.285000005,2,2021-09-17,8274014.83,33,10918898.83,2023-12-28,9491.01000000164,979.0,13629339.010000002,2023-12-28,58144.02000000037,883.0,12342440.02,2023-12-28,2469387.215,446.0,8674139.215,6.0,2023-12-28,9604539.760000002,33.0,10063635.760000002
2021-09-23,5254.4000000003725,320,25130054.4,2021-09-23,184652.60500000045,260,20598552.605,2021-09-23,5380614.285000005,24,7264974.285000005,2,2021-09-23,8274014.83,33,10865009.83,2024-01-02,9491.01000000164,979.0,13702764.010000002,2024-01-02,58144.02000000037,883.0,12408665.02,2024-01-02,1475610.865,516.0,8692902.865,7.0,2024-01-02,9590342.955000002,34.0,10065900.955000002
2021-09-24,5254.4000000003725,320,25276614.4,2021-09-24,184652.60500000045,260,20717632.605,2021-09-24,5380614.285000005,24,7275966.285000005,2,2021-09-24,8274014.83,33,10880123.83,2024-01-03,9491.01000000164,979.0,13668499.010000002,2024-01-03,58144.02000000037,883.0,12377760.02,2024-01-03,1475610.865,516.0,8674842.865,7.0,2024-01-03,9590342.955000002,34.0,10064710.955000002
2021-09-27,5254.4000000003725,320,25448454.4,2021-09-27,184652.60500000045,260,20857252.605,2021-09-27,5380614.285000005,24,7288854.285000005,2,2021-09-27,8274014.83,33,10897844.83,2024-01-04,9491.01000000164,979.0,13629339.010000002,2024-01-04,58144.02000000037,883.0,12342440.02,2024-01-04,1475610.865,516.0,8654202.865,7.0,2024-01-04,9590342.955000002,34.0,10063350.955000002
2021-09-28,5254.4000000003725,320,25183494.4,2021-09-28,184652.60500000045,260,20641972.605,2021-09-28,5380614.285000005,24,7268982.285000005,2,2021-09-28,8274014.83,33,10870520.83,2024-01-05,9491.01000000164,979.0,13619549.010000002,2024-01-05,58144.02000000037,883.0,12333610.02,2024-01-05,1475610.865,516.0,8649042.865,7.0,2024-01-05,9590342.955000002,34.0,10063010.955000002
2021-09-29,5254.4000000003725,320,24683654.4,2021-09-29,184652.60500000045,260,20235852.605,2021-09-29,5380614.285000005,24,7231494.285000005,2,2021-09-29,8274014.83,33,10818974.83,2024-01-08,9491.01000000164,979.0,13644024.010000002,2024-01-08,58144.02000000037,883.0,12355685.02,2024-01-08,1475610.865,516.0,8661942.865,7.0,2024-01-08,9590342.955000002,34.0,10063860.955000002
2021-09-30,5254.4000000003725,320,24752134.4,2021-09-30,184652.60500000045,260,20291492.605,2021-09-30,5380614.285000005,24,7236630.285000005,2,2021-09-30,8274014.83,33,10826036.83,2024-01-09,9491.01000000164,979.0,13834929.010000002,2024-01-09,58144.02000000037,883.0,12527870.02,2024-01-09,2383584.855,439.0,8583142.855,6.0,2024-01-09,9590342.955000002,34.0,10070490.955000002
2021-10-01,5254.4000000003725,320,24357254.4,2021-10-01,184652.60500000045,260,19970652.605,2021-10-01,4453716.285000005,36,7193316.285000005,3,2021-10-01,8196773.33,34,10784173.33,2024-01-10,9491.01000000164,979.0,13859404.010000002,2024-01-10,58144.02000000037,883.0,12549945.02,2024-01-10,2383584.855,439.0,8594117.855,6.0,2024-01-10,9590342.955000002,34.0,10071340.955000002
2021-10-05,5254.4000000003725,320,24191174.4,2021-10-05,184652.60500000045,260,19835712.605,2021-10-05,4453716.285000005,36,7174632.285000005,3,2021-10-05,8196773.33,34,10766527.33,2024-01-11,9491.01000000164,979.0,13907375.010000002,2024-01-11,58144.02000000037,883.0,12593212.02,2024-01-11,3284463.0149999997,363.0,8437611.015,5.0,2024-01-11,9590342.955000002,34.0,10073006.955000002
2021-10-06,5254.4000000003725,320,24415494.4,2021-10-06,184652.60500000045,260,20017972.605,2021-10-06,4453716.285000005,36,7199868.285000005,3,2021-10-06,8196773.33,34,10790361.33,2024-01-12,9491.01000000164,979.0,13849614.010000002,2024-01-12,58144.02000000037,883.0,12541115.02,2024-01-12,3284463.0149999997,363.0,8416194.015,5.0,2024-01-12,9590342.955000002,34.0,10071000.955000002
2021-10-07,5254.4000000003725,320,24938694.4,2021-10-07,184652.60500000045,260,20443072.605,2021-10-07,4453716.285000005,36,7258728.285000005,3,2021-10-07,8196773.33,34,10845951.33,2024-01-15,9491.01000000164,979.0,13961220.010000002,2024-01-15,58144.02000000037,883.0,12641777.02,2024-01-15,3284463.0149999997,363.0,8457576.015,5.0,2024-01-15,9590342.955000002,34.0,10074876.955000002
2021-10-08,5254.4000000003725,320,24987014.4,2021-10-08,184652.60500000045,260,20482332.605,2021-10-08,4453716.285000005,36,7264164.285000005,3,2021-10-08,8196773.33,34,10851085.33,2024-01-16,9491.01000000164,979.0,14024855.010000002,2024-01-16,58144.02000000037,883.0,12699172.02,2024-01-16,3284463.0149999997,363.0,8481171.015,5.0,2024-01-16,9590342.955000002,34.0,10077086.955000002
2021-10-12,5254.4000000003725,320,24690054.4,2021-10-12,184652.60500000045,260,20241052.605,2021-10-12,4453716.285000005,36,7230756.285000005,3,2021-10-12,8196773.33,34,10819533.33,2024-01-17,9491.01000000164,979.0,14098280.010000002,2024-01-17,58144.02000000037,883.0,12765397.02,2024-01-17,4185699.3899999997,288.0,8330307.39,4.0,2024-01-17,9590342.955000002,34.0,10079636.955000002
2021-10-13,5254.4000000003725,320,24575174.4,2021-10-13,184652.60500000045,260,20147712.605,2021-10-13,4453716.285000005,36,7217832.285000005,3,2021-10-13,8196773.33,34,10807327.33,2024-01-18,9491.01000000164,979.0,14024855.010000002,2024-01-18,58144.02000000037,883.0,12699172.02,2024-01-18,4185699.3899999997,288.0,8308707.39,4.0,2024-01-18,9590342.955000002,34.0,10077086.955000002
2021-10-14,5254.4000000003725,320,24776134.4,2021-10-14,184652.60500000045,260,20310992.605,2021-10-14,4453716.285000005,36,7240440.285000005,3,2021-10-14,8196773.33,34,10828679.33,2024-01-19,9491.01000000164,979.0,14152125.010000002,2024-01-19,58144.02000000037,883.0,12813962.02,2024-01-19,4185699.3899999997,288.0,8346147.39,4.0,2024-01-19,9590342.955000002,34.0,10081506.955000002
2021-10-15,5254.4000000003725,320,25090054.4,2021-10-15,184652.60500000045,260,20566052.605,2021-10-15,4453716.285000005,36,7275756.285000005,3,2021-10-15,8196773.33,34,10862033.33,2024-01-22,9491.01000000164,979.0,14346946.010000002,2024-01-22,58144.02000000037,883.0,12989679.02,2024-01-22,5090613.9399999995,214.0,8224643.9399999995,3.0,2024-01-22,9590342.955000002,34.0,10088272.955000002
2021-10-18,5254.4000000003725,320,25164934.4,2021-10-18,184652.60500000045,260,20626892.605,2021-10-18,4453716.285000005,36,7284180.285000005,3,2021-10-18,8196773.33,34,10869989.33,2024-01-23,9491.01000000164,979.0,14302891.010000002,2024-01-23,58144.02000000037,883.0,12949944.02,2024-01-23,5090613.9399999995,214.0,8215013.9399999995,3.0,2024-01-23,9590342.955000002,34.0,10086742.955000002
2021-10-19,5254.4000000003725,320,25400454.4,2021-10-19,184652.60500000045,260,20818252.605,2021-10-19,4453716.285000005,36,7310676.285000005,3,2021-10-19,8196773.33,34,10895013.33,2024-01-24,9491.01000000164,979.0,14415476.010000002,2024-01-24,58144.02000000037,883.0,13051489.02,2024-01-24,5987566.765,141.0,8062381.765,2.0,2024-01-24,9590342.955000002,34.0,10090652.955000002
2021-10-20,5254.4000000003725,320,25404934.4,2021-10-20,184652.60500000045,260,20821892.605,2021-10-20,4453716.285000005,36,7311180.285000005,3,2021-10-20,8196773.33,34,10895489.33,2024-01-25,9491.01000000164,979.0,14386106.010000002,2024-01-25,58144.02000000037,883.0,13024999.02,2024-01-25,5987566.765,141.0,8058151.765,2.0,2024-01-25,9590342.955000002,34.0,10089632.955000002
2021-10-21,5254.4000000003725,320,25394054.4,2021-10-21,184652.60500000045,260,20813052.605,2021-10-21,4453716.285000005,36,7309956.285000005,3,2021-10-21,8196773.33,34,10894333.33,2024-01-26,9491.01000000164,979.0,14395896.010000002,2024-01-26,58144.02000000037,883.0,13033829.02,2024-01-26,5987566.765,141.0,8059561.765,2.0,2024-01-26,9590342.955000002,34.0,10089972.955000002
2021-10-22,5254.4000000003725,320,25514374.4,2021-10-22,184652.60500000045,260,20910812.605,2021-10-22,4453716.285000005,36,7323492.285000005,3,2021-10-22,8196773.33,34,10907117.33,2024-01-29,9491.01000000164,979.0,14454636.010000002,2024-01-29,58144.02000000037,883.0,13086809.02,2024-01-29,5987566.765,141.0,8068021.765,2.0,2024-01-29,9590342.955000002,34.0,10092012.955000002
2021-10-25,5254.4000000003725,320,25248454.4,2021-10-25,184652.60500000045,260,20694752.605,2021-10-25,4453716.285000005,36,7293576.285000005,3,2021-10-25,8196773.33,34,10878863.33,2024-01-30,9491.01000000164,979.0,14469321.010000002,2024-01-30,58144.02000000037,883.0,13100054.02,2024-01-30,5987566.765,141.0,8070136.765,2.0,2024-01-30,9590342.955000002,34.0,10092522.955000002
2021-10-26,5254.4000000003725,320,25581894.4,2021-10-26,184652.60500000045,260,20965672.605,2021-10-26,4453716.285000005,36,7331088.285000005,3,2021-10-26,8196773.33,34,10914291.33,2024-01-31,9491.01000000164,979.0,14474216.010000002,2024-01-31,58144.02000000037,883.0,13104469.02,2024-01-31,5987566.765,141.0,8070841.765,2.0,2024-01-31,9590342.955000002,34.0,10092692.955000002
2021-10-27,5254.4000000003725,320,25641414.4,2021-10-27,184652.60500000045,260,21014032.605,2021-10-27,4453716.285000005,36,7337784.285000005,3,2021-10-27,8196773.33,34,10920615.33,2024-02-01,9491.01000000164,979.0,14293101.010000002,2024-02-01,58144.02000000037,883.0,12941114.02,2024-02-01,4995373.8149999995,208.0,8030093.8149999995,3.0,2024-02-01,9575534.105000002,35.0,10086184.105000002
2021-10-28,5254.4000000003725,320,25718534.4,2021-10-28,184652.60500000045,260,21076692.605,2021-10-28,4453716.285000005,36,7346460.285000005,3,2021-10-28,8196773.33,34,10928809.33,2024-02-02,9491.01000000164,979.0,14479111.010000002,2024-02-02,58144.02000000037,883.0,13108884.02,2024-02-02,4995373.8149999995,208.0,8069613.8149999995,3.0,2024-02-02,9575534.105000002,35.0,10092834.105000002
2021-10-29,5254.4000000003725,320,25718534.4,2021-10-29,184652.60500000045,260,21076692.605,2021-10-29,4453716.285000005,36,7346460.285000005,3,2021-10-29,8196773.33,34,10928809.33,2024-02-05,9491.01000000164,979.0,14561347.010000002,2024-02-05,58144.02000000037,883.0,13183056.02,2024-02-05,4995373.8149999995,208.0,8087085.8149999995,3.0,2024-02-05,9575534.105000002,35.0,10095774.105000002
2021-11-01,5254.4000000003725,320,26234694.4,2021-11-01,184652.60500000045,260,21496072.605,2021-11-01,3455358.2250000047,48,7389774.225000005,4,2021-11-01,8113576.825,35,10982421.825,2024-02-06,9491.01000000164,979.0,14518271.010000002,2024-02-06,58144.02000000037,883.0,13144204.02,2024-02-06,4995373.8149999995,208.0,8077933.8149999995,3.0,2024-02-06,9575534.105000002,35.0,10094234.105000002
2021-11-02,5254.4000000003725,320,26245894.4,2021-11-02,184652.60500000045,260,21505172.605,2021-11-02,3455358.2250000047,48,7391454.225000005,4,2021-11-02,8113576.825,35,10983646.825,2024-02-07,9491.01000000164,979.0,14541767.010000002,2024-02-07,58144.02000000037,883.0,13165396.02,2024-02-07,4995373.8149999995,208.0,8082925.8149999995,3.0,2024-02-07,9575534.105000002,35.0,10095074.105000002
2021-11-03,5254.4000000003725,320,26499974.4,2021-11-03,184652.60500000045,260,21711612.605,2021-11-03,3455358.2250000047,48,7429566.225000005,4,2021-11-03,8113576.825,35,11011436.825,2024-02-08,9491.01000000164,979.0,14669037.010000002,2024-02-08,58144.02000000037,883.0,13280186.02,2024-02-08,4995373.8149999995,208.0,8109965.8149999995,3.0,2024-02-08,9575534.105000002,35.0,10099624.105000002
2021-11-04,5254.4000000003725,320,26884934.4,2021-11-04,184652.60500000045,260,22024392.605,2021-11-04,5138698.185000004,24,7154674.185000004,2,2021-11-04,8113576.825,35,11053541.825,2024-02-13,9491.01000000164,979.0,14732672.010000002,2024-02-13,58144.02000000037,883.0,13337581.02,2024-02-13,4995373.8149999995,208.0,8123485.8149999995,3.0,2024-02-13,9575534.105000002,35.0,10101899.105000002
2021-11-05,5254.4000000003725,320,27251654.4,2021-11-05,184652.60500000045,260,22322352.605,2021-11-05,5138698.185000004,24,7182178.185000004,2,2021-11-05,8113576.825,35,11093651.825,2024-02-14,9491.01000000164,979.0,14634772.010000002,2024-02-14,58144.02000000037,883.0,13249281.02,2024-02-14,4995373.8149999995,208.0,8102685.8149999995,3.0,2024-02-14,9575534.105000002,35.0,10098399.105000002
2021-11-08,5254.4000000003725,320,27126534.4,2021-11-08,184652.60500000045,260,22220692.605,2021-11-08,5138698.185000004,24,7172794.185000004,2,2021-11-08,8113576.825,35,11079966.825,2024-02-15,9491.01000000164,979.0,14757147.010000002,2024-02-15,58144.02000000037,883.0,13359656.02,2024-02-15,4995373.8149999995,208.0,8128685.8149999995,3.0,2024-02-15,9575534.105000002,35.0,10102774.105000002
2021-11-09,5254.4000000003725,320,27028614.4,2021-11-09,184652.60500000045,260,22141132.605,2021-11-09,5138698.185000004,24,7165450.185000004,2,2021-11-09,8113576.825,35,11069256.825,2024-02-16,9491.01000000164,979.0,14845257.010000002,2024-02-16,58144.02000000037,883.0,13439126.02,2024-02-16,4995373.8149999995,208.0,8147405.8149999995,3.0,2024-02-16,9575534.105000002,35.0,10105924.105000002
2021-11-10,5254.4000000003725,320,26895494.4,2021-11-10,184652.60500000045,260,22032972.605,2021-11-10,5138698.185000004,24,7155466.185000004,2,2021-11-10,8113576.825,35,11054696.825,2024-02-19,9491.01000000164,979.0,14801202.010000002,2024-02-19,58144.02000000037,883.0,13399391.02,2024-02-19,4995373.8149999995,208.0,8138045.8149999995,3.0,2024-02-19,9575534.105000002,35.0,10104349.105000002
2021-11-11,5254.4000000003725,320,26633414.4,2021-11-11,184652.60500000045,260,21820032.605,2021-11-11,5138698.185000004,24,7135810.185000004,2,2021-11-11,8113576.825,35,11026031.825,2024-02-20,9491.01000000164,979.0,14781622.010000002,2024-02-20,58144.02000000037,883.0,13381731.02,2024-02-20,4995373.8149999995,208.0,8133885.8149999995,3.0,2024-02-20,9575534.105000002,35.0,10103649.105000002
2021-11-12,5254.4000000003725,320,26659014.4,2021-11-12,184652.60500000045,260,21840832.605,2021-11-12,5138698.185000004,24,7137730.185000004,2,2021-11-12,8113576.825,35,11028831.825,2024-02-21,9491.01000000164,979.0,14683722.010000002,2024-02-21,58144.02000000037,883.0,13293431.02,2024-02-21,4995373.8149999995,208.0,8113085.8149999995,3.0,2024-02-21,9575534.105000002,35.0,10100149.105000002
2021-11-15,5254.4000000003725,320,26909894.4,2021-11-15,184652.60500000045,260,22044672.605,2021-11-15,5138698.185000004,24,7156546.185000004,2,2021-11-15,8113576.825,35,11056271.825,2024-02-22,9491.01000000164,979.0,14757147.010000002,2024-02-22,58144.02000000037,883.0,13359656.02,2024-02-22,4995373.8149999995,208.0,8128685.8149999995,3.0,2024-02-22,9575534.105000002,35.0,10102774.105000002
2021-11-16,5254.4000000003725,320,26864454.4,2021-11-16,184652.60500000045,260,22007752.605,2021-11-16,5138698.185000004,24,7153138.185000004,2,2021-11-16,8113576.825,35,11051301.825,2024-02-23,9491.01000000164,979.0,14981338.010000002,2024-02-23,58144.02000000037,883.0,13561863.02,2024-02-23,5902019.319999999,137.0,7997160.319999999,2.0,2024-02-23,9575534.105000002,35.0,10110789.105000002
2021-11-17,5254.4000000003725,320,27129734.4,2021-11-17,184652.60500000045,260,22223292.605,2021-11-17,5138698.185000004,24,7173034.185000004,2,2021-11-17,8113576.825,35,11080316.825,2024-02-26,9491.01000000164,979.0,14961758.010000002,2024-02-26,58144.02000000037,883.0,13544203.02,2024-02-26,5902019.319999999,137.0,7994420.319999999,2.0,2024-02-26,9575534.105000002,35.0,10110089.105000002
2021-11-18,5254.4000000003725,320,27164614.4,2021-11-18,184652.60500000045,260,22251632.605,2021-11-18,5138698.185000004,24,7175650.185000004,2,2021-11-18,8113576.825,35,11084131.825,2024-02-27,9491.01000000164,979.0,14912808.010000002,2024-02-27,58144.02000000037,883.0,13500053.02,2024-02-27,5902019.319999999,137.0,7987570.319999999,2.0,2024-02-27,9575534.105000002,35.0,10108339.105000002
2021-11-19,5254.4000000003725,320,27620934.4,2021-11-19,184652.60500000045,260,22622392.605,2021-11-19,5138698.185000004,24,7209874.185000004,2,2021-11-19,8113576.825,35,11134041.825,2024-02-28,9491.01000000164,979.0,14981338.010000002,2024-02-28,58144.02000000037,883.0,13561863.02,2024-02-28,5902019.319999999,137.0,7997160.319999999,2.0,2024-02-28,9575534.105000002,35.0,10110789.105000002
2021-11-22,5254.4000000003725,320,27710854.4,2021-11-22,184652.60500000045,260,22695452.605,2021-11-22,5138698.185000004,24,7216618.185000004,2,2021-11-22,8113576.825,35,11143876.825,2024-02-29,9491.01000000164,979.0,14942178.010000002,2024-02-29,58144.02000000037,883.0,13526543.02,2024-02-29,5902019.319999999,137.0,7991680.319999999,2.0,2024-02-29,9575534.105000002,35.0,10109389.105000002
2021-11-23,5254.4000000003725,320,27325894.4,2021-11-23,184652.60500000045,260,22382672.605,2021-11-23,5138698.185000004,24,7187746.185000004,2,2021-11-23,8113576.825,35,11101771.825,2024-03-04,9491.01000000164,979.0,15123293.010000002,2024-03-04,58144.02000000037,883.0,13689898.02,2024-03-04,5817187.509999999,130.0,7824127.509999999,2.0,2024-03-04,9559864.535000002,36.0,10115632.535000002
2021-11-24,5254.4000000003725,320,27289414.4,2021-11-24,184652.60500000045,260,22353032.605,2021-11-24,5138698.185000004,24,7185010.185000004,2,2021-11-24,8113576.825,35,11097781.825,2024-03-05,9491.01000000164,979.0,15123293.010000002,2024-03-05,58144.02000000037,883.0,13689898.02,2024-03-05,5817187.509999999,130.0,7824127.509999999,2.0,2024-03-05,9559864.535000002,36.0,10115632.535000002
2021-11-25,5254.4000000003725,320,27491654.4,2021-11-25,184652.60500000045,260,22517352.605,2021-11-25,5138698.185000004,24,7200178.185000004,2,2021-11-25,8113576.825,35,11119901.825,2024-03-06,9491.01000000164,979.0,15015603.010000002,2024-03-06,58144.02000000037,883.0,13592768.02,2024-03-06,5817187.509999999,130.0,7809827.509999999,2.0,2024-03-06,9559864.535000002,36.0,10111672.535000002
2021-11-26,5254.4000000003725,320,27334854.4,2021-11-26,184652.60500000045,260,22389952.605,2021-11-26,5138698.185000004,24,7188418.185000004,2,2021-11-26,8113576.825,35,11102751.825,2024-03-07,9491.01000000164,979.0,15025393.010000002,2024-03-07,58144.02000000037,883.0,13601598.02,2024-03-07,5817187.509999999,130.0,7811127.509999999,2.0,2024-03-07,9559864.535000002,36.0,10112032.535000002
2021-11-29,5254.4000000003725,320,27205254.4,2021-11-29,184652.60500000045,260,22284652.605,2021-11-29,5138698.185000004,24,7178698.185000004,2,2021-11-29,8113576.825,35,11088576.825,2024-03-08,9491.01000000164,979.0,15074343.010000002,2024-03-08,58144.02000000037,883.0,13645748.02,2024-03-08,5817187.509999999,130.0,7817627.509999999,2.0,2024-03-08,9559864.535000002,36.0,10113832.535000002
2021-11-30,5254.4000000003725,320,27284614.4,2021-11-30,184652.60500000045,260,22349132.605,2021-11-30,5138698.185000004,24,7184650.185000004,2,2021-11-30,8113576.825,35,11097256.825,2024-03-11,9491.01000000164,979.0,14845257.010000002,2024-03-11,58144.02000000037,883.0,13439126.02,2024-03-11,5817187.509999999,130.0,7787207.509999999,2.0,2024-03-11,9559864.535000002,36.0,10105408.535000002
2021-12-01,5254.4000000003725,320,27197574.4,2021-12-01,184652.60500000045,260,22278412.605,2021-12-01,4189941.145000004,35,7164101.145000004,3,2021-12-01,8027326.1850000005,36,11086462.185,2024-03-12,9491.01000000164,979.0,14907913.010000002,2024-03-12,58144.02000000037,883.0,13495638.02,2024-03-12,5817187.509999999,130.0,7795527.509999999,2.0,2024-03-12,9559864.535000002,36.0,10107712.535000002
2021-12-02,5254.4000000003725,320,26409094.4,2021-12-02,184652.60500000045,260,21637772.605,2021-12-02,4189941.145000004,35,7077861.145000004,3,2021-12-02,8027326.1850000005,36,10997758.185,2024-03-13,9491.01000000164,979.0,15054763.010000002,2024-03-13,58144.02000000037,883.0,13628088.02,2024-03-13,5817187.509999999,130.0,7815027.509999999,2.0,2024-03-13,9559864.535000002,36.0,10113112.535000002
2021-12-03,5254.4000000003725,320,26595654.4,2021-12-03,184652.60500000045,260,21789352.605,2021-12-03,4189941.145000004,35,7098266.145000004,3,2021-12-03,8027326.1850000005,36,11018746.185,2024-03-14,9491.01000000164,979.0,15098818.010000002,2024-03-14,58144.02000000037,883.0,13667823.02,2024-03-14,5817187.509999999,130.0,7820877.509999999,2.0,2024-03-14,9559864.535000002,36.0,10114732.535000002
2021-12-06,5254.4000000003725,320,26233094.4,2021-12-06,184652.60500000045,260,21494772.605,2021-12-06,4189941.145000004,35,7058611.145000004,3,2021-12-06,8027326.1850000005,36,10977958.185,2024-03-15,9491.01000000164,979.0,15152663.010000002,2024-03-15,58144.02000000037,883.0,13716388.02,2024-03-15,5817187.509999999,130.0,7828027.509999999,2.0,2024-03-15,9559864.535000002,36.0,10116712.535000002
2021-12-07,5254.4000000003725,320,26481414.4,2021-12-07,184652.60500000045,260,21696532.605,2021-12-07,4189941.145000004,35,7085771.145000004,3,2021-12-07,8027326.1850000005,36,11005894.185,2024-03-18,9491.01000000164,979.0,15162453.010000002,2024-03-18,58144.02000000037,883.0,13725218.02,2024-03-18,5817187.509999999,130.0,7829327.509999999,2.0,2024-03-18,9559864.535000002,36.0,10117072.535000002
2021-12-08,5254.4000000003725,320,27132934.4,2021-12-08,184652.60500000045,260,22225892.605,2021-12-08,4189941.145000004,35,7157031.145000004,3,2021-12-08,8027326.1850000005,36,11079190.185,2024-03-19,9491.01000000164,979.0,15264269.010000002,2024-03-19,58144.02000000037,883.0,13817050.02,2024-03-19,5817187.509999999,130.0,7842847.509999999,2.0,2024-03-19,9559864.535000002,36.0,10120816.535000002
2021-12-09,5254.4000000003725,320,27050694.4,2021-12-09,184652.60500000045,260,22159072.605,2021-12-09,4189941.145000004,35,7148036.145000004,3,2021-12-09,8027326.1850000005,36,11069938.185,2024-03-20,9491.01000000164,979.0,15342589.010000002,2024-03-20,58144.02000000037,883.0,13887690.02,2024-03-20,5817187.509999999,130.0,7853247.509999999,2.0,2024-03-20,9559864.535000002,36.0,10123696.535000002
2021-12-10,5254.4000000003725,320,26845574.4,2021-12-10,184652.60500000045,260,21992412.605,2021-12-10,4189941.145000004,35,7125601.145000004,3,2021-12-10,8027326.1850000005,36,11046862.185,2024-03-21,9491.01000000164,979.0,15362169.010000002,2024-03-21,58144.02000000037,883.0,13905350.02,2024-03-21,5817187.509999999,130.0,7855847.509999999,2.0,2024-03-21,9559864.535000002,36.0,10124416.535000002
2021-12-13,5254.4000000003725,320,27195974.4,2021-12-13,184652.60500000045,260,22277112.605,2021-12-13,4189941.145000004,35,7163926.145000004,3,2021-12-13,8027326.1850000005,36,11086282.185,2024-03-22,9491.01000000164,979.0,15542305.010000002,2024-03-22,58144.02000000037,883.0,14067822.02,2024-03-22,5817187.509999999,130.0,7879767.509999999,2.0,2024-03-22,9559864.535000002,36.0,10131040.535000002
2021-12-14,5254.4000000003725,320,26794694.4,2021-12-14,184652.60500000045,260,21951072.605,2021-12-14,4189941.145000004,35,7120036.145000004,3,2021-12-14,8027326.1850000005,36,11041138.185,2024-03-25,9491.01000000164,979.0,15532515.010000002,2024-03-25,58144.02000000037,883.0,14058992.02,2024-03-25,5817187.509999999,130.0,7878467.509999999,2.0,2024-03-25,9559864.535000002,36.0,10130680.535000002
2021-12-15,5254.4000000003725,320,26606854.4,2021-12-15,184652.60500000045,260,21798452.605,2021-12-15,4189941.145000004,35,7099491.145000004,3,2021-12-15,8027326.1850000005,36,11020006.185,2024-03-26,9491.01000000164,979.0,15498250.010000002,2024-03-26,58144.02000000037,883.0,14028087.02,2024-03-26,5817187.509999999,130.0,7873917.509999999,2.0,2024-03-26,9559864.535000002,36.0,10129420.535000002
2021-12-16,5254.4000000003725,320,27275334.4,2021-12-16,184652.60500000045,260,22341592.605,2021-12-16,4189941.145000004,35,7172606.145000004,3,2021-12-16,8027326.1850000005,36,11095210.185,2024-03-27,9491.01000000164,979.0,15586360.010000002,2024-03-27,58144.02000000037,883.0,14107557.02,2024-03-27,5817187.509999999,130.0,7885617.509999999,2.0,2024-03-27,9559864.535000002,36.0,10132660.535000002
2021-12-17,5254.4000000003725,320,26350854.4,2021-12-17,184652.60500000045,260,21590452.605,2021-12-17,4189941.145000004,35,7071491.145000004,3,2021-12-17,8027326.1850000005,36,10991206.185,2024-03-28,9491.01000000164,979.0,15635310.010000002,2024-03-28,58144.02000000037,883.0,14151707.02,2024-03-28,5817187.509999999,130.0,7892117.509999999,2.0,2024-03-28,9559864.535000002,36.0,10134460.535000002
2021-12-20,5254.4000000003725,320,26137414.4,2021-12-20,184652.60500000045,260,21417032.605,2021-12-20,4189941.145000004,35,7048146.145000004,3,2021-12-20,8027326.1850000005,36,10967194.185,2024-03-29,9491.01000000164,979.0,15767475.010000002,2024-03-29,58144.02000000037,883.0,14270912.02,2024-03-29,6717678.229999999,63.0,7731726.229999999,1.0,2024-03-29,9559864.535000002,36.0,10139320.535000002
2021-12-21,5254.4000000003725,320,26511174.4,2021-12-21,184652.60500000045,260,21720712.605,2021-12-21,4189941.145000004,35,7089026.145000004,3,2021-12-21,8027326.1850000005,36,11009242.185,2024-04-01,9491.01000000164,979.0,15752790.010000002,2024-04-01,58144.02000000037,883.0,14257667.02,2024-04-01,5722023.114999998,124.0,7716067.114999998,2.0,2024-04-01,9543542.320000002,37.0,10138539.320000002
2021-12-22,5254.4000000003725,320,26780614.4,2021-12-22,184652.60500000045,260,21939632.605,2021-12-22,4189941.145000004,35,7118496.145000004,3,2021-12-22,8027326.1850000005,36,11039554.185,2024-04-02,9491.01000000164,979.0,15679365.010000002,2024-04-02,58144.02000000037,883.0,14191442.02,2024-04-02,5722023.114999998,124.0,7706767.114999998,2.0,2024-04-02,9543542.320000002,37.0,10135764.320000002
2021-12-23,5254.4000000003725,320,27017414.4,2021-12-23,184652.60500000045,260,22132032.605,2021-12-23,4189941.145000004,35,7144396.145000004,3,2021-12-23,8027326.1850000005,36,11066194.185,2024-04-03,9491.01000000164,979.0,15522725.010000002,2024-04-03,58144.02000000037,883.0,14050162.02,2024-04-03,5722023.114999998,124.0,7686927.114999998,2.0,2024-04-03,9543542.320000002,37.0,10129844.320000002
2021-12-24,5254.4000000003725,320,27187974.4,2021-12-24,184652.60500000045,260,22270612.605,2021-12-24,4189941.145000004,35,7163051.145000004,3,2021-12-24,8027326.1850000005,36,11085382.185,2024-04-04,9491.01000000164,979.0,15581465.010000002,2024-04-04,58144.02000000037,883.0,14103142.02,2024-04-04,5722023.114999998,124.0,7694367.114999998,2.0,2024-04-04,9543542.320000002,37.0,10132064.320000002
2021-12-27,5254.4000000003725,320,27264454.4,2021-12-27,184652.60500000045,260,22332752.605,2021-12-27,4189941.145000004,35,7171416.145000004,3,2021-12-27,8027326.1850000005,36,11093986.185,2024-04-05,9491.01000000164,979.0,15450279.010000002,2024-04-05,58144.02000000037,883.0,13984820.02,2024-04-05,5722023.114999998,124.0,7677751.114999998,2.0,2024-04-05,9543542.320000002,37.0,10127106.320000002
2021-12-28,5254.4000000003725,320,27668294.4,2021-12-28,184652.60500000045,260,22660872.605,2021-12-28,4189941.145000004,35,7215586.145000004,3,2021-12-28,8027326.1850000005,36,11139418.185,2024-04-08,9491.01000000164,979.0,15576570.010000002,2024-04-08,58144.02000000037,883.0,14098727.02,2024-04-08,5722023.114999998,124.0,7693747.114999998,2.0,2024-04-08,9543542.320000002,37.0,10131879.320000002
2021-12-29,5254.4000000003725,320,27625734.4,2021-12-29,184652.60500000045,260,22626292.605,2021-12-29,4189941.145000004,35,7210931.145000004,3,2021-12-29,8027326.1850000005,36,11134630.185,2024-04-09,9491.01000000164,979.0,15620625.010000002,2024-04-09,58144.02000000037,883.0,14138462.02,2024-04-09,5722023.114999998,124.0,7699327.114999998,2.0,2024-04-09,9543542.320000002,37.0,10133544.320000002
2021-12-30,5254.4000000003725,320,27566854.4,2021-12-30,184652.60500000045,260,22578452.605,2021-12-30,4189941.145000004,35,7204491.145000004,3,2021-12-30,8027326.1850000005,36,11128006.185,2024-04-11,9491.01000000164,979.0,15601045.010000002,2024-04-11,58144.02000000037,883.0,14120802.02,2024-04-11,5722023.114999998,124.0,7696847.114999998,2.0,2024-04-11,9543542.320000002,37.0,10132804.320000002
2022-01-03,5254.4000000003725,320,27524294.4,2022-01-03,184652.60500000045,260,22543872.605,2022-01-03,3229784.6400000043,46,7185646.640000004,4,2022-01-03,7940039.23,37,11121928.23,2024-04-12,9491.01000000164,979.0,15844816.010000002,2024-04-12,58144.02000000037,883.0,14340669.02,2024-04-12,5722023.114999998,124.0,7727723.114999998,2.0,2024-04-12,9543542.320000002,37.0,10142017.320000002
2022-01-04,5254.4000000003725,320,27782534.4,2022-01-04,184652.60500000045,260,22753692.605,2022-01-04,3229784.6400000043,46,7222768.640000004,4,2022-01-04,7940039.23,37,11151787.23,2024-04-15,9491.01000000164,979.0,15787055.010000002,2024-04-15,58144.02000000037,883.0,14288572.02,2024-04-15,5722023.114999998,124.0,7720407.114999998,2.0,2024-04-15,9543542.320000002,37.0,10139834.320000002
2022-01-05,5254.4000000003725,320,27280134.4,2022-01-05,184652.60500000045,260,22345492.605,2022-01-05,3229784.6400000043,46,7150548.640000004,4,2022-01-05,7940039.23,37,11093697.23,2024-04-16,9491.01000000164,979.0,15610835.010000002,2024-04-16,58144.02000000037,883.0,14129632.02,2024-04-16,5722023.114999998,124.0,7698087.114999998,2.0,2024-04-16,9543542.320000002,37.0,10133174.320000002
2022-01-06,5254.4000000003725,320,26476934.4,2022-01-06,184652.60500000045,260,21692892.605,2022-01-06,3229784.6400000043,46,7035088.640000004,4,2022-01-06,7940039.23,37,11000827.23,2024-04-17,9491.01000000164,979.0,15494334.010000002,2024-04-17,58144.02000000037,883.0,14024555.02,2024-04-17,5722023.114999998,124.0,7683331.114999998,2.0,2024-04-17,9543542.320000002,37.0,10128771.320000002
2022-01-07,5254.4000000003725,320,26704134.4,2022-01-07,184652.60500000045,260,21877492.605,2022-01-07,3229784.6400000043,46,7067748.640000004,4,2022-01-07,7940039.23,37,11027097.23,2024-04-18,9491.01000000164,979.0,15337694.010000002,2024-04-18,58144.02000000037,883.0,13883275.02,2024-04-18,5722023.114999998,124.0,7663491.114999998,2.0,2024-04-18,9543542.320000002,37.0,10122851.320000002
2022-01-10,5254.4000000003725,320,26410694.4,2022-01-10,184652.60500000045,260,21639072.605,2022-01-10,3229784.6400000043,46,7025566.640000004,4,2022-01-10,7940039.23,37,10993168.23,2024-04-19,9491.01000000164,979.0,15230004.010000002,2024-04-19,58144.02000000037,883.0,13786145.02,2024-04-19,5722023.114999998,124.0,7649851.114999998,2.0,2024-04-19,9543542.320000002,37.0,10118781.320000002
2022-01-11,5254.4000000003725,320,26233094.4,2022-01-11,184652.60500000045,260,21494772.605,2022-01-11,3229784.6400000043,46,7000036.640000004,4,2022-01-11,7940039.23,37,10972633.23,2024-04-22,9491.01000000164,979.0,15254479.010000002,2024-04-22,58144.02000000037,883.0,13808220.02,2024-04-22,5722023.114999998,124.0,7652951.114999998,2.0,2024-04-22,9543542.320000002,37.0,10119706.320000002
2022-01-12,5254.4000000003725,320,26605254.4,2022-01-12,184652.60500000045,260,21797152.605,2022-01-12,3229784.6400000043,46,7053534.640000004,4,2022-01-12,7940039.23,37,11015664.23,2024-04-23,9491.01000000164,979.0,15288744.010000002,2024-04-23,58144.02000000037,883.0,13839125.02,2024-04-23,5722023.114999998,124.0,7657291.114999998,2.0,2024-04-23,9543542.320000002,37.0,10121001.320000002
2022-01-13,5254.4000000003725,320,26583174.4,2022-01-13,184652.60500000045,260,21779212.605,2022-01-13,3229784.6400000043,46,7050360.640000004,4,2022-01-13,7940039.23,37,11013111.23,2024-04-24,9491.01000000164,979.0,15435594.010000002,2024-04-24,58144.02000000037,883.0,13971575.02,2024-04-24,5722023.114999998,124.0,7675891.114999998,2.0,2024-04-24,9543542.320000002,37.0,10126551.320000002
2022-01-14,5254.4000000003725,320,25936454.4,2022-01-14,184652.60500000045,260,21253752.605,2022-01-14,3229784.6400000043,46,6957394.640000004,4,2022-01-14,7940039.23,37,10938334.23,2024-04-25,9491.01000000164,979.0,15327904.010000002,2024-04-25,58144.02000000037,883.0,13874445.02,2024-04-25,5722023.114999998,124.0,7662251.114999998,2.0,2024-04-25,9543542.320000002,37.0,10122481.320000002
2022-01-17,5254.4000000003725,320,26115334.4,2022-01-17,184652.60500000045,260,21399092.605,2022-01-17,3229784.6400000043,46,6983108.640000004,4,2022-01-17,7940039.23,37,10959017.23,2024-04-26,9491.01000000164,979.0,15517830.010000002,2024-04-26,58144.02000000037,883.0,14045747.02,2024-04-26,5722023.114999998,124.0,7686307.114999998,2.0,2024-04-26,9543542.320000002,37.0,10129659.320000002
2022-01-18,5254.4000000003725,320,25883654.4,2022-01-18,184652.60500000045,260,21210852.605,2022-01-18,3229784.6400000043,46,6949804.640000004,4,2022-01-18,7940039.23,37,10932229.23,2024-04-29,9491.01000000164,979.0,15610835.010000002,2024-04-29,58144.02000000037,883.0,14129632.02,2024-04-29,5722023.114999998,124.0,7698087.114999998,2.0,2024-04-29,9543542.320000002,37.0,10133174.320000002
2022-01-19,5254.4000000003725,320,25330374.4,2022-01-19,184652.60500000045,260,20761312.605,2022-01-19,3229784.6400000043,46,6870270.640000004,4,2022-01-19,7940039.23,37,10868256.23,2024-04-30,9491.01000000164,979.0,15654890.010000002,2024-04-30,58144.02000000037,883.0,14169367.02,2024-04-30,5722023.114999998,124.0,7703667.114999998,2.0,2024-04-30,9543542.320000002,37.0,10134839.320000002
2022-01-20,5254.4000000003725,320,25379334.4,2022-01-20,184652.60500000045,260,20801092.605,2022-01-20,3229784.6400000043,46,6877308.640000004,4,2022-01-20,7940039.23,37,10873917.23,2024-05-02,9491.01000000164,979.0,15381749.010000002,2024-05-02,58144.02000000037,883.0,13923010.02,2024-05-02,4733896.254999999,186.0,7654468.254999999,3.0,2024-05-02,9527604.790000003,38.0,10124280.790000003
2022-01-21,5254.4000000003725,320,24695174.4,2022-01-21,184652.60500000045,260,20245212.605,2022-01-21,3229784.6400000043,46,6778960.640000004,4,2022-01-21,7940039.23,37,10794811.23,2024-05-03,9491.01000000164,979.0,15332799.010000002,2024-05-03,58144.02000000037,883.0,13878860.02,2024-05-03,4733896.254999999,186.0,7645168.254999999,3.0,2024-05-03,9527604.790000003,38.0,10122380.790000003
2022-01-24,5254.4000000003725,320,24503494.4,2022-01-24,184652.60500000045,260,20089472.605,2022-01-24,3229784.6400000043,46,6751406.640000004,4,2022-01-24,7940039.23,37,10772648.23,2024-05-07,9491.01000000164,979.0,15605940.010000002,2024-05-07,58144.02000000037,883.0,14125217.02,2024-05-07,4733896.254999999,186.0,7697062.254999999,3.0,2024-05-07,9527604.790000003,38.0,10132982.790000003
2022-01-25,5254.4000000003725,320,24120134.4,2022-01-25,184652.60500000045,260,19777992.605,2022-01-25,3229784.6400000043,46,6696298.640000004,4,2022-01-25,7940039.23,37,10728322.23,2024-05-08,9491.01000000164,979.0,15684260.010000002,2024-05-08,58144.02000000037,883.0,14195857.02,2024-05-08,4733896.254999999,186.0,7711942.254999999,3.0,2024-05-08,9527604.790000003,38.0,10136022.790000003
2022-01-26,5254.4000000003725,320,23993734.4,2022-01-26,184652.60500000045,260,19675292.605,2022-01-26,3229784.6400000043,46,6678128.640000004,4,2022-01-26,7940039.23,37,10713707.23,2024-05-09,9491.01000000164,979.0,15718525.010000002,2024-05-09,58144.02000000037,883.0,14226762.02,2024-05-09,4733896.254999999,186.0,7718452.254999999,3.0,2024-05-09,9527604.790000003,38.0,10137352.790000003
2022-01-27,5254.4000000003725,320,23579974.4,2022-01-27,184652.60500000045,260,19339112.605,2022-01-27,3229784.6400000043,46,6618650.640000004,4,2022-01-27,7940039.23,37,10665866.23,2024-05-10,9491.01000000164,979.0,15835026.010000002,2024-05-10,58144.02000000037,883.0,14331839.02,2024-05-10,4733896.254999999,186.0,7740586.254999999,3.0,2024-05-10,9527604.790000003,38.0,10141874.790000003
2022-01-28,5254.4000000003725,320,24034054.4,2022-01-28,184652.60500000045,260,19708052.605,2022-01-28,3229784.6400000043,46,6683924.640000004,4,2022-01-28,7940039.23,37,10718369.23,2024-05-13,9491.01000000164,979.0,15859501.010000002,2024-05-13,58144.02000000037,883.0,14353914.02,2024-05-13,4733896.254999999,186.0,7745236.254999999,3.0,2024-05-13,9527604.790000003,38.0,10142824.790000003
2022-02-03,5254.4000000003725,320,25093574.4,2022-02-03,184652.60500000045,260,20568912.605,2022-02-03,2274860.4600000046,58,6822118.460000005,5,2022-02-03,7860462.215000001,38,10839700.215,2024-05-14,9491.01000000164,979.0,15849711.010000002,2024-05-14,58144.02000000037,883.0,14345084.02,2024-05-14,4733896.254999999,186.0,7743376.254999999,3.0,2024-05-14,9527604.790000003,38.0,10142444.790000003
2022-02-04,5254.4000000003725,320,24957574.4,2022-02-04,184652.60500000045,260,20458412.605,2022-02-04,2274860.4600000046,58,6797468.460000005,5,2022-02-04,7860462.215000001,38,10823550.215,2024-05-16,9491.01000000164,979.0,15849711.010000002,2024-05-16,58144.02000000037,883.0,14345084.02,2024-05-16,4733896.254999999,186.0,7743376.254999999,3.0,2024-05-16,9527604.790000003,38.0,10142444.790000003
2022-02-07,5254.4000000003725,320,24829254.4,2022-02-07,184652.60500000045,260,20354152.605,2022-02-07,2274860.4600000046,58,6774210.460000005,5,2022-02-07,7860462.215000001,38,10808312.215,2024-05-17,9491.01000000164,979.0,15918241.010000002,2024-05-17,58144.02000000037,883.0,14406894.02,2024-05-17,4733896.254999999,186.0,7756396.254999999,3.0,2024-05-17,9527604.790000003,38.0,10145104.790000003
2022-02-08,5254.4000000003725,320,24580934.4,2022-02-08,184652.60500000045,260,20152392.605,2022-02-08,2274860.4600000046,58,6729202.460000005,5,2022-02-08,7860462.215000001,38,10778824.215,2024-05-20,9491.01000000164,979.0,15972086.010000002,2024-05-20,58144.02000000037,883.0,14455459.02,2024-05-20,4733896.254999999,186.0,7766626.254999999,3.0,2024-05-20,9527604.790000003,38.0,10147194.790000003
2022-02-09,5254.4000000003725,320,24935814.4,2022-02-09,184652.60500000045,260,20440732.605,2022-02-09,2274860.4600000046,58,6793524.460000005,5,2022-02-09,7860462.215000001,38,10820966.215,2024-05-21,9491.01000000164,979.0,16055301.010000002,2024-05-21,58144.02000000037,883.0,14530514.02,2024-05-21,4733896.254999999,186.0,7782436.254999999,3.0,2024-05-21,9527604.790000003,38.0,10150424.790000003
2022-02-10,5254.4000000003725,320,25283654.4,2022-02-10,184652.60500000045,260,20723352.605,2022-02-10,2274860.4600000046,58,6856570.460000005,5,2022-02-10,7860462.215000001,38,10862272.215,2024-05-22,9491.01000000164,979.0,16084671.010000002,2024-05-22,58144.02000000037,883.0,14557004.02,2024-05-22,4733896.254999999,186.0,7788016.254999999,3.0,2024-05-22,9527604.790000003,38.0,10151564.790000003
2022-02-11,5254.4000000003725,320,24552134.4,2022-02-11,184652.60500000045,260,20128992.605,2022-02-11,2274860.4600000046,58,6723982.460000005,5,2022-02-11,7860462.215000001,38,10775404.215,2024-05-23,9491.01000000164,979.0,16123831.010000002,2024-05-23,58144.02000000037,883.0,14592324.02,2024-05-23,4733896.254999999,186.0,7795456.254999999,3.0,2024-05-23,9527604.790000003,38.0,10153084.790000003
2022-02-14,5254.4000000003725,320,23966534.4,2022-02-14,184652.60500000045,260,19653192.605,2022-02-14,2274860.4600000046,58,6617842.460000005,5,2022-02-14,7860462.215000001,38,10705864.215,2024-05-24,9491.01000000164,979.0,16006351.010000002,2024-05-24,58144.02000000037,883.0,14486364.02,2024-05-24,4733896.254999999,186.0,7773136.254999999,3.0,2024-05-24,9527604.790000003,38.0,10148524.790000003
2022-02-15,5254.4000000003725,320,24054534.4,2022-02-15,184652.60500000045,260,19724692.605,2022-02-15,2274860.4600000046,58,6633792.460000005,5,2022-02-15,7860462.215000001,38,10716314.215,2024-05-27,9491.01000000164,979.0,16045511.010000002,2024-05-27,58144.02000000037,883.0,14521684.02,2024-05-27,4733896.254999999,186.0,7780576.254999999,3.0,2024-05-27,9527604.790000003,38.0,10150044.790000003
2022-02-16,5254.4000000003725,320,24523654.4,2022-02-16,184652.60500000045,260,20105852.605,2022-02-16,2274860.4600000046,58,6718820.460000005,5,2022-02-16,7860462.215000001,38,10772022.215,2024-05-28,9491.01000000164,979.0,16006351.010000002,2024-05-28,58144.02000000037,883.0,14486364.02,2024-05-28,4733896.254999999,186.0,7773136.254999999,3.0,2024-05-28,9527604.790000003,38.0,10148524.790000003
2022-02-17,5254.4000000003725,320,24426694.4,2022-02-17,184652.60500000045,260,20027072.605,2022-02-17,2274860.4600000046,58,6701246.460000005,5,2022-02-17,7860462.215000001,38,10760508.215,2024-05-29,9491.01000000164,979.0,16001456.010000002,2024-05-29,58144.02000000037,883.0,14481949.02,2024-05-29,4733896.254999999,186.0,7772206.254999999,3.0,2024-05-29,9527604.790000003,38.0,10148334.790000003
2022-02-18,5254.4000000003725,320,24000134.4,2022-02-18,184652.60500000045,260,19680492.605,2022-02-18,2274860.4600000046,58,6623932.460000005,5,2022-02-18,7860462.215000001,38,10709854.215,2024-05-30,9491.01000000164,979.0,16030826.010000002,2024-05-30,58144.02000000037,883.0,14508439.02,2024-05-30,4733896.254999999,186.0,7777786.254999999,3.0,2024-05-30,9527604.790000003,38.0,10149474.790000003
2022-02-21,5254.4000000003725,320,23612934.4,2022-02-21,184652.60500000045,260,19365892.605,2022-02-21,2274860.4600000046,58,6553752.460000005,5,2022-02-21,7860462.215000001,38,10663874.215,2024-05-31,9491.01000000164,979.0,16069986.010000002,2024-05-31,58144.02000000037,883.0,14543759.02,2024-05-31,4733896.254999999,186.0,7785226.254999999,3.0,2024-05-31,9527604.790000003,38.0,10150994.790000003
2022-02-22,5254.4000000003725,320,22975174.4,2022-02-22,184652.60500000045,260,18847712.605,2022-02-22,2274860.4600000046,58,6438158.460000005,5,2022-02-22,7860462.215000001,38,10588140.215,2024-06-03,9491.01000000164,979.0,16152222.010000002,2024-06-03,58144.02000000037,883.0,14617931.02,2024-06-03,3746452.4899999993,245.0,7786257.489999999,4.0,2024-06-03,9510868.455000002,39.0,10153939.455000002
2022-02-23,5254.4000000003725,320,23437254.4,2022-02-23,184652.60500000045,260,19223152.605,2022-02-23,2274860.4600000046,58,6521910.460000005,5,2022-02-23,7860462.215000001,38,10643012.215,2024-06-04,9491.01000000164,979.0,16114041.010000002,2024-06-04,58144.02000000037,883.0,14583494.02,2024-06-04,3746452.4899999993,245.0,7776702.489999999,4.0,2024-06-04,9510868.455000002,39.0,10152418.455000002
2022-02-24,5254.4000000003725,320,22262534.4,2022-02-24,184652.60500000045,260,18268692.605,2022-02-24,2274860.4600000046,58,6308992.460000005,5,2022-02-24,7860462.215000001,38,10503514.215,2024-06-05,9491.01000000164,979.0,16142432.010000002,2024-06-05,58144.02000000037,883.0,14609101.02,2024-06-05,3746452.4899999993,245.0,7783807.489999999,4.0,2024-06-05,9510868.455000002,39.0,10153549.455000002
2022-02-25,5254.4000000003725,320,23426054.4,2022-02-25,184652.60500000045,260,19214052.605,2022-02-25,2274860.4600000046,58,6519880.460000005,5,2022-02-25,7860462.215000001,38,10641682.215,2024-06-07,9491.01000000164,979.0,16235437.010000002,2024-06-07,58144.02000000037,883.0,14692986.02,2024-06-07,3746452.4899999993,245.0,7807082.489999999,4.0,2024-06-07,9510868.455000002,39.0,10157254.455000002
2022-02-28,5254.4000000003725,320,23448134.4,2022-02-28,184652.60500000045,260,19231992.605,2022-02-28,2274860.4600000046,58,6523882.460000005,5,2022-02-28,7860462.215000001,38,10644304.215,2024-06-10,9491.01000000164,979.0,16303967.010000002,2024-06-10,58144.02000000037,883.0,14754796.02,2024-06-10,3746452.4899999993,245.0,7824232.489999999,4.0,2024-06-10,9510868.455000002,39.0,10159984.455000002
2022-03-02,5254.4000000003725,320,23817414.4,2022-03-02,184652.60500000045,260,19532032.605,2022-03-02,1292980.9250000047,71,6576303.9250000045,6,2022-03-02,7784933.0200000005,39,10687040.02,2024-06-11,9491.01000000164,979.0,16396972.010000002,2024-06-11,58144.02000000037,883.0,14838681.02,2024-06-11,3746452.4899999993,245.0,7847507.489999999,4.0,2024-06-11,9510868.455000002,39.0,10163689.455000002
2022-03-03,5254.4000000003725,320,24132934.4,2022-03-03,184652.60500000045,260,19788392.605,2022-03-03,1292980.9250000047,71,6646309.9250000045,6,2022-03-03,7784933.0200000005,39,10725494.02,2024-06-12,9491.01000000164,979.0,16441027.010000002,2024-06-12,58144.02000000037,883.0,14878416.02,2024-06-12,3746452.4899999993,245.0,7858532.489999999,4.0,2024-06-12,9510868.455000002,39.0,10165444.455000002
2022-03-04,5254.4000000003725,320,23877254.4,2022-03-04,184652.60500000045,260,19580652.605,2022-03-04,1292980.9250000047,71,6589580.9250000045,6,2022-03-04,7784933.0200000005,39,10694333.02,2024-06-13,9491.01000000164,979.0,16557528.010000002,2024-06-13,58144.02000000037,883.0,14983493.02,2024-06-13,3746452.4899999993,245.0,7887687.489999999,4.0,2024-06-13,9510868.455000002,39.0,10170085.455000002
2022-03-07,5254.4000000003725,320,23498694.4,2022-03-07,184652.60500000045,260,19273072.605,2022-03-07,1292980.9250000047,71,6505587.9250000045,6,2022-03-07,7784933.0200000005,39,10648196.02,2024-06-14,9491.01000000164,979.0,16635848.010000002,2024-06-14,58144.02000000037,883.0,15054133.02,2024-06-14,4639843.204999999,182.0,7730749.204999999,3.0,2024-06-14,9510868.455000002,39.0,10173205.455000002
2022-03-08,5254.4000000003725,320,22909574.4,2022-03-08,184652.60500000045,260,18794412.605,2022-03-08,1292980.9250000047,71,6374876.9250000045,6,2022-03-08,7784933.0200000005,39,10576397.02,2024-06-17,9491.01000000164,979.0,16640743.010000002,2024-06-17,58144.02000000037,883.0,15058548.02,2024-06-17,4639843.204999999,182.0,7731659.204999999,3.0,2024-06-17,9510868.455000002,39.0,10173400.455000002
2022-03-10,5254.4000000003725,320,23673414.4,2022-03-10,184652.60500000045,260,19415032.605,2022-03-10,1292980.9250000047,71,6544353.9250000045,6,2022-03-10,7784933.0200000005,39,10669490.02,2024-06-18,9491.01000000164,979.0,16782698.01,2024-06-18,58144.02000000037,883.0,15186583.02,2024-06-18,4639843.204999999,182.0,7758049.204999999,3.0,2024-06-18,9510868.455000002,39.0,10179055.455000002
2022-03-11,5254.4000000003725,320,23564294.4,2022-03-11,184652.60500000045,260,19326372.605,2022-03-11,1292980.9250000047,71,6520142.9250000045,6,2022-03-11,7784933.0200000005,39,10656191.02,2024-06-19,9491.01000000164,979.0,16830669.01,2024-06-19,58144.02000000037,883.0,15229850.02,2024-06-19,4639843.204999999,182.0,7766967.204999999,3.0,2024-06-19,9510868.455000002,39.0,10180966.455000002
2022-03-14,5254.4000000003725,320,23308934.4,2022-03-14,184652.60500000045,260,19118892.605,2022-03-14,1292980.9250000047,71,6463484.9250000045,6,2022-03-14,7784933.0200000005,39,10625069.02,2024-06-20,9491.01000000164,979.0,16908989.01,2024-06-20,58144.02000000037,883.0,15300490.02,2024-06-20,4639843.204999999,182.0,7781527.204999999,3.0,2024-06-20,9510868.455000002,39.0,10184086.455000002
2022-03-15,5254.4000000003725,320,22874054.4,2022-03-15,184652.60500000045,260,18765552.605,2022-03-15,1292980.9250000047,71,6366995.9250000045,6,2022-03-15,7784933.0200000005,39,10572068.02,2024-06-21,9491.01000000164,979.0,16884514.01,2024-06-21,58144.02000000037,883.0,15278415.02,2024-06-21,4639843.204999999,182.0,7776977.204999999,3.0,2024-06-21,9510868.455000002,39.0,10183111.455000002
2022-03-16,5254.4000000003725,320,23594374.4,2022-03-16,184652.60500000045,260,19350812.605,2022-03-16,1292980.9250000047,71,6526816.9250000045,6,2022-03-16,7784933.0200000005,39,10659857.02,2024-06-24,9491.01000000164,979.0,16860039.01,2024-06-24,58144.02000000037,883.0,15256340.02,2024-06-24,4639843.204999999,182.0,7772427.204999999,3.0,2024-06-24,9510868.455000002,39.0,10182136.455000002
2022-03-17,5254.4000000003725,320,23891654.4,2022-03-17,184652.60500000045,260,19592352.605,2022-03-17,1292980.9250000047,71,6592775.9250000045,6,2022-03-17,7784933.0200000005,39,10696088.02,2024-06-25,9491.01000000164,979.0,16791509.01,2024-06-25,58144.02000000037,883.0,15194530.02,2024-06-25,4639843.204999999,182.0,7759687.204999999,3.0,2024-06-25,9510868.455000002,39.0,10179406.455000002
2022-03-18,5254.4000000003725,320,23861894.4,2022-03-18,184652.60500000045,260,19568172.605,2022-03-18,1292980.9250000047,71,6586172.9250000045,6,2022-03-18,7784933.0200000005,39,10692461.02,2024-06-26,9491.01000000164,979.0,16889409.01,2024-06-26,58144.02000000037,883.0,15282830.02,2024-06-26,4639843.204999999,182.0,7777887.204999999,3.0,2024-06-26,9510868.455000002,39.0,10183306.455000002
2022-03-21,5254.4000000003725,320,24498054.4,2022-03-21,184652.60500000045,260,20085052.605,2022-03-21,1292980.9250000047,71,6727320.9250000045,6,2022-03-21,7784933.0200000005,39,10769993.02,2024-06-27,9491.01000000164,979.0,16835564.01,2024-06-27,58144.02000000037,883.0,15234265.02,2024-06-27,4639843.204999999,182.0,7767877.204999999,3.0,2024-06-27,9510868.455000002,39.0,10181161.455000002
2022-03-22,5254.4000000003725,320,24564934.4,2022-03-22,184652.60500000045,260,20139392.605,2022-03-22,1292980.9250000047,71,6742159.9250000045,6,2022-03-22,7784933.0200000005,39,10778144.02,2024-06-28,9491.01000000164,979.0,16806194.01,2024-06-28,58144.02000000037,883.0,15207775.02,2024-06-28,4639843.204999999,182.0,7762417.204999999,3.0,2024-06-28,9510868.455000002,39.0,10179991.455000002
2022-03-23,5254.4000000003725,320,25040774.4,2022-03-23,184652.60500000045,260,20526012.605,2022-03-23,1292980.9250000047,71,6847736.9250000045,6,2022-03-23,7784933.0200000005,39,10836137.02,2024-07-01,9491.01000000164,979.0,16777803.01,2024-07-01,58144.02000000037,883.0,15182168.02,2024-07-01,3648902.764999999,239.0,7742494.764999999,4.0,2024-07-01,9493483.535000002,40.0,10178603.535000002
2022-03-24,5254.4000000003725,320,24918214.4,2022-03-24,184652.60500000045,260,20426432.605,2022-03-24,1292980.9250000047,71,6820543.9250000045,6,2022-03-24,7784933.0200000005,39,10821200.02,2024-07-02,9491.01000000164,979.0,16850249.01,2024-07-02,58144.02000000037,883.0,15247510.02,2024-07-02,3648902.764999999,239.0,7760180.764999999,4.0,2024-07-02,9493483.535000002,40.0,10181563.535000002
2022-03-25,5254.4000000003725,320,25364614.4,2022-03-25,184652.60500000045,260,20789132.605,2022-03-25,1292980.9250000047,71,6919588.9250000045,6,2022-03-25,7784933.0200000005,39,10875605.02,2024-07-03,9491.01000000164,979.0,17006889.01,2024-07-03,58144.02000000037,883.0,15388790.02,2024-07-03,4547733.504999999,177.0,7620807.504999999,3.0,2024-07-03,9493483.535000002,40.0,10187963.535000002
2022-03-28,5254.4000000003725,320,25344454.4,2022-03-28,184652.60500000045,260,20772752.605,2022-03-28,1292980.9250000047,71,6915115.9250000045,6,2022-03-28,7784933.0200000005,39,10873148.02,2024-07-04,9491.01000000164,979.0,16967729.01,2024-07-04,58144.02000000037,883.0,15353470.02,2024-07-04,4547733.504999999,177.0,7613727.504999999,3.0,2024-07-04,9493483.535000002,40.0,10186363.535000002
2022-03-29,5254.4000000003725,320,25760134.4,2022-03-29,184652.60500000045,260,21110492.605,2022-03-29,1292980.9250000047,71,7007344.9250000045,6,2022-03-29,7784933.0200000005,39,10923809.02,2024-07-05,9491.01000000164,979.0,16977519.01,2024-07-05,58144.02000000037,883.0,15362300.02,2024-07-05,4547733.504999999,177.0,7615497.504999999,3.0,2024-07-05,9493483.535000002,40.0,10186763.535000002
2022-03-30,5254.4000000003725,320,25930374.4,2022-03-30,184652.60500000045,260,21248812.605,2022-03-30,1292980.9250000047,71,7045116.9250000045,6,2022-03-30,7784933.0200000005,39,10944557.02,2024-07-08,9491.01000000164,979.0,17075419.01,2024-07-08,58144.02000000037,883.0,15450600.02,2024-07-08,4547733.504999999,177.0,7633197.504999999,3.0,2024-07-08,9493483.535000002,40.0,10190763.535000002
2022-03-31,5254.4000000003725,320,25819014.4,2022-03-31,184652.60500000045,260,21158332.605,2022-03-31,1292980.9250000047,71,7020408.9250000045,6,2022-03-31,7784933.0200000005,39,10930985.02,2024-07-09,9491.01000000164,979.0,17123390.01,2024-07-09,58144.02000000037,883.0,15493867.02,2024-07-09,4547733.504999999,177.0,7641870.504999999,3.0,2024-07-09,9493483.535000002,40.0,10192723.535000002
2022-04-01,5254.4000000003725,320,25527814.4,2022-04-01,184652.60500000045,260,20921732.605,2022-04-01,321528.48500000476,83,6941442.485000005,7,2022-04-01,7703978.65,40,10894298.65,2024-07-10,9491.01000000164,979.0,17147865.01,2024-07-10,58144.02000000037,883.0,15515942.02,2024-07-10,4547733.504999999,177.0,7646295.504999999,3.0,2024-07-10,9493483.535000002,40.0,10193723.535000002
2022-04-04,5254.4000000003725,320,25443334.4,2022-04-04,184652.60500000045,260,20853092.605,2022-04-04,321528.48500000476,83,6919530.485000005,7,2022-04-04,7703978.65,40,10883738.65,2024-07-11,9491.01000000164,979.0,17255555.01,2024-07-11,58144.02000000037,883.0,15613072.02,2024-07-11,4547733.504999999,177.0,7665765.504999999,3.0,2024-07-11,9493483.535000002,40.0,10198123.535000002
2022-04-05,5254.4000000003725,320,25848774.4,2022-04-05,184652.60500000045,260,21182512.605,2022-04-05,321528.48500000476,83,7024691.485000005,7,2022-04-05,7703978.65,40,10934418.65,2024-07-12,9491.01000000164,979.0,17123390.01,2024-07-12,58144.02000000037,883.0,15493867.02,2024-07-12,4547733.504999999,177.0,7641870.504999999,3.0,2024-07-12,9493483.535000002,40.0,10192723.535000002
2022-04-06,5254.4000000003725,320,25421574.4,2022-04-06,184652.60500000045,260,20835412.605,2022-04-06,321528.48500000476,83,6913886.485000005,7,2022-04-06,7703978.65,40,10881018.65,2024-07-15,9491.01000000164,979.0,17284925.01,2024-07-15,58144.02000000037,883.0,15639562.02,2024-07-15,4547733.504999999,177.0,7671075.504999999,3.0,2024-07-15,9493483.535000002,40.0,10199323.535000002
2022-04-07,5254.4000000003725,320,24903174.4,2022-04-07,184652.60500000045,260,20414212.605,2022-04-07,321528.48500000476,83,6779426.485000005,7,2022-04-07,7703978.65,40,10816218.65,2024-07-16,9491.01000000164,979.0,17348560.01,2024-07-16,58144.02000000037,883.0,15696957.02,2024-07-16,5449843.289999999,116.0,7504319.289999999,2.0,2024-07-16,9493483.535000002,40.0,10201923.535000002
2022-04-08,5254.4000000003725,320,25150854.4,2022-04-08,184652.60500000045,260,20615452.605,2022-04-08,321528.48500000476,83,6843668.485000005,7,2022-04-08,7703978.65,40,10847178.65,2024-07-17,9491.01000000164,979.0,17309400.01,2024-07-17,58144.02000000037,883.0,15661637.02,2024-07-17,5449843.289999999,116.0,7499679.289999999,2.0,2024-07-17,9493483.535000002,40.0,10200323.535000002
2022-04-11,5254.4000000003725,320,24751814.4,2022-04-11,184652.60500000045,260,20291232.605,2022-04-11,321528.48500000476,83,6740167.485000005,7,2022-04-11,7703978.65,40,10797298.65,2024-07-18,9491.01000000164,979.0,17211500.01,2024-07-18,58144.02000000037,883.0,15573337.02,2024-07-18,5449843.289999999,116.0,7488079.289999999,2.0,2024-07-18,9493483.535000002,40.0,10196323.535000002
2022-04-12,5254.4000000003725,320,24286214.4,2022-04-12,184652.60500000045,260,19912932.605,2022-04-12,321528.48500000476,83,6619402.485000005,7,2022-04-12,7703978.65,40,10739098.65,2024-07-19,9491.01000000164,979.0,17128285.01,2024-07-19,58144.02000000037,883.0,15498282.02,2024-07-19,5449843.289999999,116.0,7478219.289999999,2.0,2024-07-19,9493483.535000002,40.0,10192923.535000002
2022-04-13,5254.4000000003725,320,24315334.4,2022-04-13,184652.60500000045,260,19936592.605,2022-04-13,321528.48500000476,83,6626955.485000005,7,2022-04-13,7703978.65,40,10742738.65,2024-07-22,9491.01000000164,979.0,17016679.01,2024-07-22,58144.02000000037,883.0,15397620.02,2024-07-22,5449843.289999999,116.0,7464995.289999999,2.0,2024-07-22,9493483.535000002,40.0,10188363.535000002
2022-04-14,5254.4000000003725,320,24604934.4,2022-04-14,184652.60500000045,260,20171892.605,2022-04-14,321528.48500000476,83,6702070.485000005,7,2022-04-14,7703978.65,40,10778938.65,2024-07-23,9491.01000000164,979.0,17085209.01,2024-07-23,58144.02000000037,883.0,15459430.02,2024-07-23,5449843.289999999,116.0,7473115.289999999,2.0,2024-07-23,9493483.535000002,40.0,10191163.535000002
2022-04-15,5254.4000000003725,320,24333894.4,2022-04-15,184652.60500000045,260,19951672.605,2022-04-15,321528.48500000476,83,6631769.485000005,7,2022-04-15,7703978.65,40,10745058.65,2024-07-24,9491.01000000164,979.0,16967729.01,2024-07-24,58144.02000000037,883.0,15353470.02,2024-07-24,5449843.289999999,116.0,7459195.289999999,2.0,2024-07-24,9493483.535000002,40.0,10186363.535000002
2022-04-18,5254.4000000003725,320,23942854.4,2022-04-18,184652.60500000045,260,19633952.605,2022-04-18,321528.48500000476,83,6530343.485000005,7,2022-04-18,7703978.65,40,10696178.65,2024-07-25,9491.01000000164,979.0,16709273.010000002,2024-07-25,58144.02000000037,883.0,15120358.02,2024-07-25,5449843.289999999,116.0,7428571.289999999,2.0,2024-07-25,9493483.535000002,40.0,10175803.535000002
2022-04-19,5254.4000000003725,320,24360774.4,2022-04-19,184652.60500000045,260,19973512.605,2022-04-19,321528.48500000476,83,6638741.485000005,7,2022-04-19,7703978.65,40,10748418.65,2024-07-26,9491.01000000164,979.0,16679903.010000002,2024-07-26,58144.02000000037,883.0,15093868.02,2024-07-26,5449843.289999999,116.0,7425091.289999999,2.0,2024-07-26,9493483.535000002,40.0,10174603.535000002
2022-04-20,5254.4000000003725,320,24448774.4,2022-04-20,184652.60500000045,260,20045012.605,2022-04-20,321528.48500000476,83,6661566.485000005,7,2022-04-20,7703978.65,40,10759418.65,2024-07-29,9491.01000000164,979.0,16830669.01,2024-07-29,58144.02000000037,883.0,15229850.02,2024-07-29,5449843.289999999,116.0,7442955.289999999,2.0,2024-07-29,9493483.535000002,40.0,10180763.535000002
2022-04-21,5254.4000000003725,320,24556934.4,2022-04-21,184652.60500000045,260,20132892.605,2022-04-21,321528.48500000476,83,6689620.485000005,7,2022-04-21,7703978.65,40,10772938.65,2024-07-30,9491.01000000164,979.0,16815984.01,2024-07-30,58144.02000000037,883.0,15216605.02,2024-07-30,5449843.289999999,116.0,7441215.289999999,2.0,2024-07-30,9493483.535000002,40.0,10180163.535000002
2022-04-22,5254.4000000003725,320,23938374.4,2022-04-22,184652.60500000045,260,19630312.605,2022-04-22,321528.48500000476,83,6529181.485000005,7,2022-04-22,7703978.65,40,10695618.65,2024-07-31,9491.01000000164,979.0,16738643.010000002,2024-07-31,58144.02000000037,883.0,15146848.02,2024-07-31,5449843.289999999,116.0,7432051.289999999,2.0,2024-07-31,9493483.535000002,40.0,10177003.535000002
2022-04-25,5254.4000000003725,320,23315014.4,2022-04-25,184652.60500000045,260,19123832.605,2022-04-25,321528.48500000476,83,6367497.485000005,7,2022-04-25,7703978.65,40,10617698.65,2024-08-01,9491.01000000164,979.0,16835564.01,2024-08-01,58144.02000000037,883.0,15234265.02,2024-08-01,4455489.404999999,173.0,7428840.404999999,3.0,2024-08-01,9476038.730000002,41.0,10180705.730000002
2022-04-26,5254.4000000003725,320,23800454.4,2022-04-26,184652.60500000045,260,19518252.605,2022-04-26,321528.48500000476,83,6493408.485000005,7,2022-04-26,7703978.65,40,10678378.65,2024-08-02,9491.01000000164,979.0,16436132.010000002,2024-08-02,58144.02000000037,883.0,14874001.02,2024-08-02,4455489.404999999,173.0,7358256.404999999,3.0,2024-08-02,9476038.730000002,41.0,10163977.730000002
2022-04-27,5254.4000000003725,320,23349894.4,2022-04-27,184652.60500000045,260,19152172.605,2022-04-27,321528.48500000476,83,6376544.485000005,7,2022-04-27,7703978.65,40,10622058.65,2024-08-05,9491.01000000164,979.0,15806635.010000002,2024-08-05,58144.02000000037,883.0,14306232.02,2024-08-05,4455489.404999999,173.0,7247017.404999999,3.0,2024-08-05,9476038.730000002,41.0,10137614.730000002
2022-04-28,5254.4000000003725,320,23664454.4,2022-04-28,184652.60500000045,260,19407752.605,2022-04-28,321528.48500000476,83,6458133.485000005,7,2022-04-28,7703978.65,40,10661378.65,2024-08-06,9491.01000000164,979.0,16084671.010000002,2024-08-06,58144.02000000037,883.0,14557004.02,2024-08-06,4455489.404999999,173.0,7296149.404999999,3.0,2024-08-06,9476038.730000002,41.0,10149258.730000002
2022-04-29,5254.4000000003725,320,23667654.4,2022-04-29,184652.60500000045,260,19410352.605,2022-04-29,321528.48500000476,83,6458963.485000005,7,2022-04-29,7703978.65,40,10661778.65,2024-08-07,9491.01000000164,979.0,16114041.010000002,2024-08-07,58144.02000000037,883.0,14583494.02,2024-08-07,4455489.404999999,173.0,7301339.404999999,3.0,2024-08-07,9476038.730000002,41.0,10150488.730000002
2022-05-02,5254.4000000003725,320,23080774.4,2022-05-02,184652.60500000045,260,18933512.605,2022-05-02,321528.48500000476,83,6306741.485000005,7,2022-05-02,7630785.985,41,10587336.985,2024-08-08,9491.01000000164,979.0,15928031.010000002,2024-08-08,58144.02000000037,883.0,14415724.02,2024-08-08,4455489.404999999,173.0,7268469.404999999,3.0,2024-08-08,9476038.730000002,41.0,10142698.730000002
2022-05-03,5254.4000000003725,320,23362374.4,2022-05-03,184652.60500000045,260,19162312.605,2022-05-03,321528.48500000476,83,6379781.485000005,7,2022-05-03,7630785.985,41,10623416.985,2024-08-09,9491.01000000164,979.0,16123831.010000002,2024-08-09,58144.02000000037,883.0,14592324.02,2024-08-09,4455489.404999999,173.0,7303069.404999999,3.0,2024-08-09,9476038.730000002,41.0,10150898.730000002
2022-05-04,5254.4000000003725,320,23365574.4,2022-05-04,184652.60500000045,260,19164912.605,2022-05-04,321528.48500000476,83,6380611.485000005,7,2022-05-04,7630785.985,41,10623826.985,2024-08-12,9491.01000000164,979.0,16294177.010000002,2024-08-12,58144.02000000037,883.0,14745966.02,2024-08-12,4455489.404999999,173.0,7333171.404999999,3.0,2024-08-12,9476038.730000002,41.0,10158032.730000002
2022-05-06,5254.4000000003725,320,23020614.4,2022-05-06,184652.60500000045,260,18884632.605,2022-05-06,321528.48500000476,83,6291137.485000005,7,2022-05-06,7630785.985,41,10579628.985,2024-08-13,9491.01000000164,979.0,16303967.010000002,2024-08-13,58144.02000000037,883.0,14754796.02,2024-08-13,4455489.404999999,173.0,7334901.404999999,3.0,2024-08-13,9476038.730000002,41.0,10158442.730000002
2022-05-09,5254.4000000003725,320,22569094.4,2022-05-09,184652.60500000045,260,18517772.605,2022-05-09,321528.48500000476,83,6174024.485000005,7,2022-05-09,7630785.985,41,10521777.985,2024-08-14,9491.01000000164,979.0,16450817.010000002,2024-08-14,58144.02000000037,883.0,14887246.02,2024-08-14,4455489.404999999,173.0,7360851.404999999,3.0,2024-08-14,9476038.730000002,41.0,10164592.730000002
2022-05-10,5254.4000000003725,320,22241414.4,2022-05-10,184652.60500000045,260,18251532.605,2022-05-10,321528.48500000476,83,6089032.485000005,7,2022-05-10,7630785.985,41,10479793.985,2024-08-16,9491.01000000164,979.0,16768013.010000002,2024-08-16,58144.02000000037,883.0,15173338.02,2024-08-16,4455489.404999999,173.0,7416903.404999999,3.0,2024-08-16,9476038.730000002,41.0,10177876.730000002
2022-05-11,5254.4000000003725,320,22373894.4,2022-05-11,184652.60500000045,260,18359172.605,2022-05-11,321528.48500000476,83,6123394.485000005,7,2022-05-11,7630785.985,41,10496767.985,2024-08-19,9491.01000000164,979.0,16445922.010000002,2024-08-19,58144.02000000037,883.0,14882831.02,2024-08-19,4455489.404999999,173.0,7359986.404999999,3.0,2024-08-19,9476038.730000002,41.0,10164387.730000002
2022-05-12,5254.4000000003725,320,21688134.4,2022-05-12,184652.60500000045,260,17801992.605,2022-05-12,321528.48500000476,83,5945525.485000005,7,2022-05-12,7630785.985,41,10408904.985,2024-08-20,9491.01000000164,979.0,16626058.010000002,2024-08-20,58144.02000000037,883.0,15045303.02,2024-08-20,4455489.404999999,173.0,7391818.404999999,3.0,2024-08-20,9476038.730000002,41.0,10171931.730000002
2022-05-13,5254.4000000003725,320,21842374.4,2022-05-13,184652.60500000045,260,17927312.605,2022-05-13,321528.48500000476,83,5985531.485000005,7,2022-05-13,7630785.985,41,10428666.985,2024-08-21,9491.01000000164,979.0,16640743.010000002,2024-08-21,58144.02000000037,883.0,15058548.02,2024-08-21,4455489.404999999,173.0,7394413.404999999,3.0,2024-08-21,9476038.730000002,41.0,10172546.730000002
2022-05-16,5254.4000000003725,320,22180934.4,2022-05-16,184652.60500000045,260,18202392.605,2022-05-16,321528.48500000476,83,6073345.485000005,7,2022-05-16,7630785.985,41,10472044.985,2024-08-22,9491.01000000164,979.0,16675008.010000002,2024-08-22,58144.02000000037,883.0,15089453.02,2024-08-22,4455489.404999999,173.0,7400468.404999999,3.0,2024-08-22,9476038.730000002,41.0,10173981.730000002
2022-05-17,5254.4000000003725,320,22138374.4,2022-05-17,184652.60500000045,260,18167812.605,2022-05-17,321528.48500000476,83,6062306.485000005,7,2022-05-17,7630785.985,41,10466591.985,2024-08-23,9491.01000000164,979.0,16640743.010000002,2024-08-23,58144.02000000037,883.0,15058548.02,2024-08-23,4455489.404999999,173.0,7394413.404999999,3.0,2024-08-23,9476038.730000002,41.0,10172546.730000002
2022-05-18,5254.4000000003725,320,22325574.4,2022-05-18,184652.60500000045,260,18319912.605,2022-05-18,321528.48500000476,83,6110861.485000005,7,2022-05-18,7630785.985,41,10490576.985,2024-08-26,9491.01000000164,979.0,16621163.010000002,2024-08-26,58144.02000000037,883.0,15040888.02,2024-08-26,4455489.404999999,173.0,7390953.404999999,3.0,2024-08-26,9476038.730000002,41.0,10171726.730000002
2022-05-19,5254.4000000003725,320,21398854.4,2022-05-19,184652.60500000045,260,17566952.605,2022-05-19,321528.48500000476,83,5870493.485000005,7,2022-05-19,7630785.985,41,10371840.985,2024-08-27,9491.01000000164,979.0,16616268.010000002,2024-08-27,58144.02000000037,883.0,15036473.02,2024-08-27,4455489.404999999,173.0,7390088.404999999,3.0,2024-08-27,9476038.730000002,41.0,10171521.730000002
2022-05-20,5254.4000000003725,320,21457094.4,2022-05-20,184652.60500000045,260,17614272.605,2022-05-20,321528.48500000476,83,5885599.485000005,7,2022-05-20,7630785.985,41,10379302.985,2024-08-28,9491.01000000164,979.0,16748433.010000002,2024-08-28,58144.02000000037,883.0,15155678.02,2024-08-28,4455489.404999999,173.0,7413443.404999999,3.0,2024-08-28,9476038.730000002,41.0,10177056.730000002
2022-05-23,5254.4000000003725,320,21398854.4,2022-05-23,184652.60500000045,260,17566952.605,2022-05-23,321528.48500000476,83,5870493.485000005,7,2022-05-23,7630785.985,41,10371840.985,2024-08-29,9491.01000000164,979.0,16537948.010000002,2024-08-29,58144.02000000037,883.0,14965833.02,2024-08-29,4455489.404999999,173.0,7376248.404999999,3.0,2024-08-29,9476038.730000002,41.0,10168241.730000002
2022-05-24,5254.4000000003725,320,21048454.4,2022-05-24,184652.60500000045,260,17282252.605,2022-05-24,321528.48500000476,83,5779608.485000005,7,2022-05-24,7630785.985,41,10326945.985,2024-08-30,9491.01000000164,979.0,16655428.010000002,2024-08-30,58144.02000000037,883.0,15071793.02,2024-08-30,4455489.404999999,173.0,7397008.404999999,3.0,2024-08-30,9476038.730000002,41.0,10173161.730000002
2022-05-25,5254.4000000003725,320,21062854.4,2022-05-25,184652.60500000045,260,17293952.605,2022-05-25,321528.48500000476,83,5783343.485000005,7,2022-05-25,7630785.985,41,10328790.985,2024-09-02,9491.01000000164,979.0,16786614.01,2024-09-02,58144.02000000037,883.0,15190115.02,2024-09-02,3464028.2699999996,230.0,7405538.27,4.0,2024-09-02,9458644.675000003,42.0,10178398.675000003
2022-05-26,5254.4000000003725,320,21183174.4,2022-05-26,184652.60500000045,260,17391712.605,2022-05-26,321528.48500000476,83,5814551.485000005,7,2022-05-26,7630785.985,41,10344206.985,2024-09-03,9491.01000000164,979.0,16825774.01,2024-09-03,58144.02000000037,883.0,15225435.02,2024-09-03,3464028.2699999996,230.0,7414738.27,4.0,2024-09-03,9458644.675000003,42.0,10180078.675000003
2022-05-27,5254.4000000003725,320,21652294.4,2022-05-27,184652.60500000045,260,17772872.605,2022-05-27,321528.48500000476,83,5936229.485000005,7,2022-05-27,7630785.985,41,10404312.985,2024-09-04,9491.01000000164,979.0,16431237.010000002,2024-09-04,58144.02000000037,883.0,14869586.02,2024-09-04,3464028.2699999996,230.0,7322048.27,4.0,2024-09-04,9458644.675000003,42.0,10163152.675000003
2022-05-30,5254.4000000003725,320,22443654.4,2022-05-30,184652.60500000045,260,18415852.605,2022-05-30,321528.48500000476,83,6141488.485000005,7,2022-05-30,7630785.985,41,10505705.985,2024-09-05,9491.01000000164,979.0,16377392.010000002,2024-09-05,58144.02000000037,883.0,14821021.02,2024-09-05,3464028.2699999996,230.0,7309398.27,4.0,2024-09-05,9458644.675000003,42.0,10160842.675000003
2022-05-31,5254.4000000003725,320,22155334.4,2022-05-31,184652.60500000045,260,18181592.605,2022-05-31,321528.48500000476,83,6066705.485000005,7,2022-05-31,7630785.985,41,10468764.985,2024-09-06,9491.01000000164,979.0,16206067.010000002,2024-09-06,58144.02000000037,883.0,14666496.02,2024-09-06,3464028.2699999996,230.0,7269148.27,4.0,2024-09-06,9458644.675000003,42.0,10153492.675000003
2022-06-02,5254.4000000003725,320,22129094.4,2022-06-02,184652.60500000045,260,18160272.605,2022-06-02,321528.48500000476,83,6059899.485000005,7,2022-06-02,7560611.930000001,42,10464365.93,2024-09-09,9491.01000000164,979.0,16181592.010000002,2024-09-09,58144.02000000037,883.0,14644421.02,2024-09-09,3464028.2699999996,230.0,7263398.27,4.0,2024-09-09,9458644.675000003,42.0,10152442.675000003
2022-06-03,5254.4000000003725,320,22540614.4,2022-06-03,184652.60500000045,260,18494632.605,2022-06-03,321528.48500000476,83,6166637.485000005,7,2022-06-03,7560611.930000001,42,10518377.93,2024-09-10,9491.01000000164,979.0,16338232.010000002,2024-09-10,58144.02000000037,883.0,14785701.02,2024-09-10,3464028.2699999996,230.0,7300198.27,4.0,2024-09-10,9458644.675000003,42.0,10159162.675000003
2022-06-07,5254.4000000003725,320,22164934.4,2022-06-07,184652.60500000045,260,18189392.605,2022-06-07,321528.48500000476,83,6069195.485000005,7,2022-06-07,7560611.930000001,42,10469069.93,2024-09-11,9491.01000000164,979.0,16328442.010000002,2024-09-11,58144.02000000037,883.0,14776871.02,2024-09-11,3464028.2699999996,230.0,7297898.27,4.0,2024-09-11,9458644.675000003,42.0,10158742.675000003
2022-06-08,5254.4000000003725,320,22360134.4,2022-06-08,184652.60500000045,260,18347992.605,2022-06-08,321528.48500000476,83,6119825.485000005,7,2022-06-08,7560611.930000001,42,10494689.93,2024-09-12,9491.01000000164,979.0,16572213.010000002,2024-09-12,58144.02000000037,883.0,14996738.02,2024-09-12,3464028.2699999996,230.0,7355168.27,4.0,2024-09-12,9458644.675000003,42.0,10169200.675000003
2022-06-09,5254.4000000003725,320,22253894.4,2022-06-09,184652.60500000045,260,18261672.605,2022-06-09,321528.48500000476,83,6092269.485000005,7,2022-06-09,7560611.930000001,42,10480745.93,2024-09-13,9491.01000000164,979.0,16557528.010000002,2024-09-13,58144.02000000037,883.0,14983493.02,2024-09-13,3464028.2699999996,230.0,7351718.27,4.0,2024-09-13,9458644.675000003,42.0,10168570.675000003
2022-06-10,5254.4000000003725,320,22024134.4,2022-06-10,184652.60500000045,260,18074992.605,2022-06-10,321528.48500000476,83,6032675.485000005,7,2022-06-10,7560611.930000001,42,10450589.93,2024-09-19,9491.01000000164,979.0,16801299.01,2024-09-19,58144.02000000037,883.0,15203360.02,2024-09-19,3464028.2699999996,230.0,7408988.27,4.0,2024-09-19,9458644.675000003,42.0,10179028.675000003
2022-06-13,5254.4000000003725,320,20925894.4,2022-06-13,184652.60500000045,260,17182672.605,2022-06-13,321528.48500000476,83,5747819.485000005,7,2022-06-13,7560611.930000001,42,10306445.93,2024-09-20,9491.01000000164,979.0,16889409.01,2024-09-20,58144.02000000037,883.0,15282830.02,2024-09-20,3464028.2699999996,230.0,7429688.27,4.0,2024-09-20,9458644.675000003,42.0,10182808.675000003
2022-06-14,5254.4000000003725,320,20852294.4,2022-06-14,184652.60500000045,260,17122872.605,2022-06-14,321528.48500000476,83,5728729.485000005,7,2022-06-14,7560611.930000001,42,10296785.93,2024-09-23,9491.01000000164,979.0,16987309.01,2024-09-23,58144.02000000037,883.0,15371130.02,2024-09-23,3464028.2699999996,230.0,7452688.27,4.0,2024-09-23,9458644.675000003,42.0,10187008.675000003
2022-06-15,5254.4000000003725,320,20732614.4,2022-06-15,184652.60500000045,260,17025632.605,2022-06-15,321528.48500000476,83,5697687.485000005,7,2022-06-15,7560611.930000001,42,10281077.93,2024-09-24,9491.01000000164,979.0,16997099.01,2024-09-24,58144.02000000037,883.0,15379960.02,2024-09-24,3464028.2699999996,230.0,7454988.27,4.0,2024-09-24,9458644.675000003,42.0,10187428.675000003
2022-06-16,5254.4000000003725,320,20874054.4,2022-06-16,184652.60500000045,260,17140552.605,2022-06-16,321528.48500000476,83,5734373.485000005,7,2022-06-16,7560611.930000001,42,10299641.93,2024-09-25,9491.01000000164,979.0,16948149.01,2024-09-25,58144.02000000037,883.0,15335810.02,2024-09-25,3464028.2699999996,230.0,7443488.27,4.0,2024-09-25,9458644.675000003,42.0,10185328.675000003
2022-06-17,5254.4000000003725,320,20318854.4,2022-06-17,184652.60500000045,260,16689452.605,2022-06-17,321528.48500000476,83,5590368.485000005,7,2022-06-17,7560611.930000001,42,10226771.93,2024-09-26,9491.01000000164,979.0,17016679.01,2024-09-26,58144.02000000037,883.0,15397620.02,2024-09-26,3464028.2699999996,230.0,7459588.27,4.0,2024-09-26,9458644.675000003,42.0,10188268.675000003
2022-06-20,5254.4000000003725,320,20620614.4,2022-06-20,184652.60500000045,260,16934632.605,2022-06-20,321528.48500000476,83,5668637.485000005,7,2022-06-20,7560611.930000001,42,10266377.93,2024-09-27,9491.01000000164,979.0,16855144.01,2024-09-27,58144.02000000037,883.0,15251925.02,2024-09-27,3464028.2699999996,230.0,7421638.27,4.0,2024-09-27,9458644.675000003,42.0,10181338.675000003
2022-06-21,5254.4000000003725,320,20802054.4,2022-06-21,184652.60500000045,260,17082052.605,2022-06-21,321528.48500000476,83,5715698.485000005,7,2022-06-21,7560611.930000001,42,10290191.93,2024-09-30,9491.01000000164,979.0,16679903.010000002,2024-09-30,58144.02000000037,883.0,15093868.02,2024-09-30,3464028.2699999996,230.0,7380468.27,4.0,2024-09-30,9458644.675000003,42.0,10173820.675000003
2022-06-22,5254.4000000003725,320,20795654.4,2022-06-22,184652.60500000045,260,17076852.605,2022-06-22,321528.48500000476,83,5714038.485000005,7,2022-06-22,7560611.930000001,42,10289351.93,2024-10-02,9491.01000000164,979.0,16728853.010000002,2024-10-02,58144.02000000037,883.0,15138018.02,2024-10-02,2475980.5799999996,287.0,7377366.58,5.0,2024-10-02,9441310.505000003,43.0,10175664.505000003
2022-06-23,5254.4000000003725,320,21096134.4,2022-06-23,184652.60500000045,260,17320992.605,2022-06-23,321528.48500000476,83,5791975.485000005,7,2022-06-23,7560611.930000001,42,10328789.93,2024-10-04,9491.01000000164,979.0,16928569.01,2024-10-04,58144.02000000037,883.0,15318150.02,2024-10-04,2475980.5799999996,287.0,7435914.58,5.0,2024-10-04,9441310.505000003,43.0,10184436.505000003
2022-06-24,5254.4000000003725,320,21590214.4,2022-06-24,184652.60500000045,260,17722432.605,2022-06-24,321528.48500000476,83,5920127.485000005,7,2022-06-24,7560611.930000001,42,10393637.93,2024-10-07,9491.01000000164,979.0,17216395.01,2024-10-07,58144.02000000037,883.0,15577752.02,2024-10-07,2475980.5799999996,287.0,7520292.58,5.0,2024-10-07,9441310.505000003,43.0,10197078.505000003
2022-06-27,5254.4000000003725,320,21924614.4,2022-06-27,184652.60500000045,260,17994132.605,2022-06-27,321528.48500000476,83,6006862.485000005,7,2022-06-27,7560611.930000001,42,10437527.93,2024-10-08,9491.01000000164,979.0,17113600.01,2024-10-08,58144.02000000037,883.0,15485037.02,2024-10-08,2475980.5799999996,287.0,7490157.58,5.0,2024-10-08,9441310.505000003,43.0,10192563.505000003
2022-06-28,5254.4000000003725,320,21833414.4,2022-06-28,184652.60500000045,260,17920032.605,2022-06-28,321528.48500000476,83,5983207.485000005,7,2022-06-28,7560611.930000001,42,10425557.93,2024-10-10,9491.01000000164,979.0,17392615.01,2024-10-10,58144.02000000037,883.0,15736692.02,2024-10-10,2475980.5799999996,287.0,7571952.58,5.0,2024-10-10,9441310.505000003,43.0,10204818.505000003
2022-06-29,5254.4000000003725,320,21321414.4,2022-06-29,184652.60500000045,260,17504032.605,2022-06-29,321528.48500000476,83,5850407.485000005,7,2022-06-29,7560611.930000001,42,10358357.93,2024-10-11,9491.01000000164,979.0,17368140.01,2024-10-11,58144.02000000037,883.0,15714617.02,2024-10-11,2475980.5799999996,287.0,7564777.58,5.0,2024-10-11,9441310.505000003,43.0,10203743.505000003
2022-06-30,5254.4000000003725,320,21075334.4,2022-06-30,184652.60500000045,260,17304092.605,2022-06-30,321528.48500000476,83,5786580.485000005,7,2022-06-30,7560611.930000001,42,10326059.93,2024-10-14,9491.01000000164,979.0,17553171.01,2024-10-14,58144.02000000037,883.0,15881504.02,2024-10-14,2475980.5799999996,287.0,7619020.58,5.0,2024-10-14,9441310.505000003,43.0,10211870.505000003
2022-07-01,5254.4000000003725,320,20847494.4,2022-07-01,184652.60500000045,260,17118972.605,2022-07-01,321528.48500000476,83,5727484.485000005,7,2022-07-01,7494502.95,43,10295178.95,2024-10-15,9491.01000000164,979.0,17787152.01,2024-10-15,58144.02000000037,883.0,16092541.02,2024-10-15,3370583.715,228.0,7510835.715,4.0,2024-10-15,9441310.505000003,43.0,10222147.505000003
2022-07-04,5254.4000000003725,320,21073734.4,2022-07-04,184652.60500000045,260,17302792.605,2022-07-04,321528.48500000476,83,5786165.485000005,7,2022-07-04,7494502.95,43,10325579.95,2024-10-16,9491.01000000164,979.0,17655966.01,2024-10-16,58144.02000000037,883.0,15974219.02,2024-10-16,3370583.715,228.0,7480283.715,4.0,2024-10-16,9441310.505000003,43.0,10216385.505000003
2022-07-05,5254.4000000003725,320,21333894.4,2022-07-05,184652.60500000045,260,17514172.605,2022-07-05,321528.48500000476,83,5853644.485000005,7,2022-07-05,7494502.95,43,10360538.95,2024-10-17,9491.01000000164,979.0,17806732.01,2024-10-17,58144.02000000037,883.0,16110201.02,2024-10-17,3370583.715,228.0,7515395.715,4.0,2024-10-17,9441310.505000003,43.0,10223007.505000003
2022-07-06,5254.4000000003725,320,21585414.4,2022-07-06,184652.60500000045,260,17718532.605,2022-07-06,321528.48500000476,83,5918882.485000005,7,2022-07-06,7494502.95,43,10394336.95,2024-10-18,9491.01000000164,979.0,17826312.01,2024-10-18,58144.02000000037,883.0,16127861.02,2024-10-18,3370583.715,228.0,7519955.715,4.0,2024-10-18,9441310.505000003,43.0,10223867.505000003
2022-07-07,5254.4000000003725,320,21773574.4,2022-07-07,184652.60500000045,260,17871412.605,2022-07-07,321528.48500000476,83,5967686.485000005,7,2022-07-07,7494502.95,43,10419620.95,2024-10-21,9491.01000000164,979.0,17953582.01,2024-10-21,58144.02000000037,883.0,16242651.02,2024-10-21,3370583.715,228.0,7549595.715,4.0,2024-10-21,9441310.505000003,43.0,10229457.505000003
2022-07-08,5254.4000000003725,320,22051014.4,2022-07-08,184652.60500000045,260,18096832.605,2022-07-08,321528.48500000476,83,6039647.485000005,7,2022-07-08,7494502.95,43,10456901.95,2024-10-22,9491.01000000164,979.0,17953582.01,2024-10-22,58144.02000000037,883.0,16242651.02,2024-10-22,3370583.715,228.0,7549595.715,4.0,2024-10-22,9441310.505000003,43.0,10229457.505000003
2022-07-11,5254.4000000003725,320,22016134.4,2022-07-11,184652.60500000045,260,18068492.605,2022-07-11,321528.48500000476,83,6030600.485000005,7,2022-07-11,7494502.95,43,10452214.95,2024-10-23,9491.01000000164,979.0,17997637.01,2024-10-23,58144.02000000037,883.0,16282386.02,2024-10-23,3370583.715,228.0,7559855.715,4.0,2024-10-23,9441310.505000003,43.0,10231392.505000003
2022-07-12,5254.4000000003725,320,21789574.4,2022-07-12,184652.60500000045,260,17884412.605,2022-07-12,321528.48500000476,83,5971836.485000005,7,2022-07-12,7494502.95,43,10421770.95,2024-10-24,9491.01000000164,979.0,17880157.01,2024-10-24,58144.02000000037,883.0,16176426.02,2024-10-24,3370583.715,228.0,7532495.715,4.0,2024-10-24,9441310.505000003,43.0,10226232.505000003
2022-07-13,5254.4000000003725,320,21680454.4,2022-07-13,184652.60500000045,260,17795752.605,2022-07-13,321528.48500000476,83,5943533.485000005,7,2022-07-13,7494502.95,43,10407107.95,2024-10-25,9491.01000000164,979.0,17987847.01,2024-10-25,58144.02000000037,883.0,16273556.02,2024-10-25,3370583.715,228.0,7557575.715,4.0,2024-10-25,9441310.505000003,43.0,10230962.505000003
2022-07-14,5254.4000000003725,320,21594694.4,2022-07-14,184652.60500000045,260,17726072.605,2022-07-14,321528.48500000476,83,5921289.485000005,7,2022-07-14,7494502.95,43,10395583.95,2024-10-28,9491.01000000164,979.0,18002532.01,2024-10-28,58144.02000000037,883.0,16286801.02,2024-10-28,3370583.715,228.0,7560995.715,4.0,2024-10-28,9441310.505000003,43.0,10231607.505000003
2022-07-15,5254.4000000003725,320,22030534.4,2022-07-15,184652.60500000045,260,18080192.605,2022-07-15,321528.48500000476,83,6034335.485000005,7,2022-07-15,7494502.95,43,10454149.95,2024-10-29,9491.01000000164,979.0,17992742.01,2024-10-29,58144.02000000037,883.0,16277971.02,2024-10-29,3370583.715,228.0,7558715.715,4.0,2024-10-29,9441310.505000003,43.0,10231177.505000003
2022-07-18,5254.4000000003725,320,22405894.4,2022-07-18,184652.60500000045,260,18385172.605,2022-07-18,321528.48500000476,83,6131694.485000005,7,2022-07-18,7494502.95,43,10504588.95,2024-10-30,9491.01000000164,979.0,18002532.01,2024-10-30,58144.02000000037,883.0,16286801.02,2024-10-30,3370583.715,228.0,7560995.715,4.0,2024-10-30,9441310.505000003,43.0,10231607.505000003
2022-07-19,5254.4000000003725,320,22022534.4,2022-07-19,184652.60500000045,260,18073692.605,2022-07-19,321528.48500000476,83,6032260.485000005,7,2022-07-19,7494502.95,43,10453074.95,2024-10-31,9491.01000000164,979.0,17792047.01,2024-10-31,58144.02000000037,883.0,16096956.02,2024-10-31,3370583.715,228.0,7511975.715,4.0,2024-10-31,9441310.505000003,43.0,10222362.505000003
2022-07-20,5254.4000000003725,320,22735814.4,2022-07-20,184652.60500000045,260,18653232.605,2022-07-20,321528.48500000476,83,6217267.485000005,7,2022-07-20,7494502.95,43,10548921.95,2024-11-01,9491.01000000164,979.0,17567856.01,2024-11-01,58144.02000000037,883.0,15894749.02,2024-11-01,2387566.365,282.0,7445236.365,5.0,2024-11-01,9423106.480000002,44.0,10212246.480000002
2022-07-21,5254.4000000003725,320,22899654.4,2022-07-21,184652.60500000045,260,18786352.605,2022-07-21,321528.48500000476,83,6259763.485000005,7,2022-07-21,7494502.95,43,10570937.95,,,,,,,,,,,,,,,,,
2022-07-22,5254.4000000003725,320,23125894.4,2022-07-22,184652.60500000045,260,18970172.605,2022-07-22,321528.48500000476,83,6318444.485000005,7,2022-07-22,7494502.95,43,10601338.95,,,,,,,,,,,,,,,,,
2022-07-25,5254.4000000003725,320,22902854.4,2022-07-25,184652.60500000045,260,18788952.605,2022-07-25,321528.48500000476,83,6260593.485000005,7,2022-07-25,7494502.95,43,10571367.95,,,,,,,,,,,,,,,,,
2022-07-26,5254.4000000003725,320,22643654.4,2022-07-26,184652.60500000045,260,18578352.605,2022-07-26,321528.48500000476,83,6193363.485000005,7,2022-07-26,7494502.95,43,10536537.95,,,,,,,,,,,,,,,,,
2022-07-27,5254.4000000003725,320,22691014.4,2022-07-27,184652.60500000045,260,18616832.605,2022-07-27,321528.48500000476,83,6205647.485000005,7,2022-07-27,7494502.95,43,10542901.95,,,,,,,,,,,,,,,,,
2022-07-28,5254.4000000003725,320,22997574.4,2022-07-28,184652.60500000045,260,18865912.605,2022-07-28,321528.48500000476,83,6285161.485000005,7,2022-07-28,7494502.95,43,10584095.95,,,,,,,,,,,,,,,,,
2022-07-29,5254.4000000003725,320,23589574.4,2022-07-29,184652.60500000045,260,19346912.605,2022-07-29,321528.48500000476,83,6438711.485000005,7,2022-07-29,7494502.95,43,10663645.95,,,,,,,,,,,,,,,,,
2022-08-01,5254.4000000003725,320,23686534.4,2022-08-01,184652.60500000045,260,19425692.605,2022-08-01,321528.48500000476,83,6463860.485000005,7,2022-08-01,7419388.890000001,44,10675564.89,,,,,,,,,,,,,,,,,
2022-08-02,5254.4000000003725,320,23691334.4,2022-08-02,184652.60500000045,260,19429592.605,2022-08-02,321528.48500000476,83,6465105.485000005,7,2022-08-02,7419388.890000001,44,10676224.89,,,,,,,,,,,,,,,,,
2022-08-03,5254.4000000003725,320,23857734.4,2022-08-03,184652.60500000045,260,19564792.605,2022-08-03,321528.48500000476,83,6508265.485000005,7,2022-08-03,7419388.890000001,44,10699104.89,,,,,,,,,,,,,,,,,
2022-08-04,5254.4000000003725,320,24389894.4,2022-08-04,184652.60500000045,260,19997172.605,2022-08-04,321528.48500000476,83,6646294.485000005,7,2022-08-04,7419388.890000001,44,10772276.89,,,,,,,,,,,,,,,,,
2022-08-05,5254.4000000003725,320,24391494.4,2022-08-05,184652.60500000045,260,19998472.605,2022-08-05,321528.48500000476,83,6646709.485000005,7,2022-08-05,7419388.890000001,44,10772496.89,,,,,,,,,,,,,,,,,
2022-08-08,5254.4000000003725,320,24370694.4,2022-08-08,184652.60500000045,260,19981572.605,2022-08-08,321528.48500000476,83,6641314.485000005,7,2022-08-08,7419388.890000001,44,10769636.89,,,,,,,,,,,,,,,,,
2022-08-09,5254.4000000003725,320,24210374.4,2022-08-09,184652.60500000045,260,19851312.605,2022-08-09,321528.48500000476,83,6599731.485000005,7,2022-08-09,7419388.890000001,44,10747592.89,,,,,,,,,,,,,,,,,
2022-08-10,5254.4000000003725,320,23936134.4,2022-08-10,184652.60500000045,260,19628492.605,2022-08-10,321528.48500000476,83,6528600.485000005,7,2022-08-10,7419388.890000001,44,10709884.89,,,,,,,,,,,,,,,,,
2022-08-11,5254.4000000003725,320,24632774.4,2022-08-11,184652.60500000045,260,20194512.605,2022-08-11,321528.48500000476,83,6709291.485000005,7,2022-08-11,7419388.890000001,44,10805672.89,,,,,,,,,,,,,,,,,
2022-08-12,5254.4000000003725,320,24462214.4,2022-08-12,184652.60500000045,260,20055932.605,2022-08-12,321528.48500000476,83,6665052.485000005,7,2022-08-12,7419388.890000001,44,10782220.89,,,,,,,,,,,,,,,,,
2022-08-16,5254.4000000003725,320,25135814.4,2022-08-16,184652.60500000045,260,20603232.605,2022-08-16,321528.48500000476,83,6839767.485000005,7,2022-08-16,7419388.890000001,44,10874840.89,,,,,,,,,,,,,,,,,
2022-08-17,5254.4000000003725,320,25161094.4,2022-08-17,184652.60500000045,260,20623772.605,2022-08-17,321528.48500000476,83,6846324.485000005,7,2022-08-17,7419388.890000001,44,10878316.89,,,,,,,,,,,,,,,,,
2022-08-18,5254.4000000003725,320,24979654.4,2022-08-18,184652.60500000045,260,20476352.605,2022-08-18,321528.48500000476,83,6799263.485000005,7,2022-08-18,7419388.890000001,44,10853368.89,,,,,,,,,,,,,,,,,
2022-08-19,5254.4000000003725,320,25114374.4,2022-08-19,184652.60500000045,260,20585812.605,2022-08-19,321528.48500000476,83,6834206.485000005,7,2022-08-19,7419388.890000001,44,10871892.89,,,,,,,,,,,,,,,,,
2022-08-22,5254.4000000003725,320,24818054.4,2022-08-22,184652.60500000045,260,20345052.605,2022-08-22,321528.48500000476,83,6757348.485000005,7,2022-08-22,7419388.890000001,44,10831148.89,,,,,,,,,,,,,,,,,
2022-08-23,5254.4000000003725,320,24303494.4,2022-08-23,184652.60500000045,260,19926972.605,2022-08-23,321528.48500000476,83,6623884.485000005,7,2022-08-23,7419388.890000001,44,10760396.89,,,,,,,,,,,,,,,,,
2022-08-24,5254.4000000003725,320,24340614.4,2022-08-24,184652.60500000045,260,19957132.605,2022-08-24,321528.48500000476,83,6633512.485000005,7,2022-08-24,7419388.890000001,44,10765500.89,,,,,,,,,,,,,,,,,
2022-08-25,5254.4000000003725,320,24537094.4,2022-08-25,184652.60500000045,260,20116772.605,2022-08-25,321528.48500000476,83,6684474.485000005,7,2022-08-25,7419388.890000001,44,10792516.89,,,,,,,,,,,,,,,,,
2022-08-26,5254.4000000003725,320,24586694.4,2022-08-26,184652.60500000045,260,20157072.605,2022-08-26,321528.48500000476,83,6697339.485000005,7,2022-08-26,7419388.890000001,44,10799336.89,,,,,,,,,,,,,,,,,
2022-08-29,5254.4000000003725,320,23706374.4,2022-08-29,184652.60500000045,260,19441812.605,2022-08-29,321528.48500000476,83,6469006.485000005,7,2022-08-29,7419388.890000001,44,10678292.89,,,,,,,,,,,,,,,,,
2022-08-30,5254.4000000003725,320,23808454.4,2022-08-30,184652.60500000045,260,19524752.605,2022-08-30,321528.48500000476,83,6495483.485000005,7,2022-08-30,7419388.890000001,44,10692328.89,,,,,,,,,,,,,,,,,
2022-08-31,5254.4000000003725,320,23465734.4,2022-08-31,184652.60500000045,260,19246292.605,2022-08-31,321528.48500000476,83,6406590.485000005,7,2022-08-31,7419388.890000001,44,10645204.89,,,,,,,,,,,,,,,,,
2022-09-01,5254.4000000003725,320,23145414.4,2022-09-01,184652.60500000045,260,18986032.605,2022-09-01,321528.48500000476,83,6323507.485000005,7,2022-09-01,7345991.195,45,10600076.195,,,,,,,,,,,,,,,,,
2022-09-02,5254.4000000003725,320,23573574.4,2022-09-02,184652.60500000045,260,19333912.605,2022-09-02,321528.48500000476,83,6434561.485000005,7,2022-09-02,7345991.195,45,10660286.195,,,,,,,,,,,,,,,,,
2022-09-05,5254.4000000003725,320,23470534.4,2022-09-05,184652.60500000045,260,19250192.605,2022-09-05,321528.48500000476,83,6407835.485000005,7,2022-09-05,7345991.195,45,10645796.195,,,,,,,,,,,,,,,,,
2022-09-06,5254.4000000003725,320,23581574.4,2022-09-06,184652.60500000045,260,19340412.605,2022-09-06,321528.48500000476,83,6436636.485000005,7,2022-09-06,7345991.195,45,10661411.195,,,,,,,,,,,,,,,,,
2022-09-07,5254.4000000003725,320,23432134.4,2022-09-07,184652.60500000045,260,19218992.605,2022-09-07,321528.48500000476,83,6397875.485000005,7,2022-09-07,7345991.195,45,10640396.195,,,,,,,,,,,,,,,,,
2022-09-08,5254.4000000003725,320,23947014.4,2022-09-08,184652.60500000045,260,19637332.605,2022-09-08,321528.48500000476,83,6531422.485000005,7,2022-09-08,7345991.195,45,10712801.195,,,,,,,,,,,,,,,,,
2022-09-13,5254.4000000003725,320,24700294.4,2022-09-13,184652.60500000045,260,20249372.605,2022-09-13,321528.48500000476,83,6726804.485000005,7,2022-09-13,7345991.195,45,10818731.195,,,,,,,,,,,,,,,,,
2022-09-14,5254.4000000003725,320,23716934.4,2022-09-14,184652.60500000045,260,19450392.605,2022-09-14,321528.48500000476,83,6471745.485000005,7,2022-09-14,7345991.195,45,10680446.195,,,,,,,,,,,,,,,,,
2022-09-15,5254.4000000003725,320,23867334.4,2022-09-15,184652.60500000045,260,19572592.605,2022-09-15,321528.48500000476,83,6510755.485000005,7,2022-09-15,7345991.195,45,10701596.195,,,,,,,,,,,,,,,,,
2022-09-16,5254.4000000003725,320,23309894.4,2022-09-16,184652.60500000045,260,19119672.605,2022-09-16,321528.48500000476,83,6366169.485000005,7,2022-09-16,7345991.195,45,10623206.195,,,,,,,,,,,,,,,,,
2022-09-19,5254.4000000003725,320,23139014.4,2022-09-19,184652.60500000045,260,18980832.605,2022-09-19,321528.48500000476,83,6321847.485000005,7,2022-09-19,7345991.195,45,10599176.195,,,,,,,,,,,,,,,,,
2022-09-20,5254.4000000003725,320,23457734.4,2022-09-20,184652.60500000045,260,19239792.605,2022-09-20,321528.48500000476,83,6404515.485000005,7,2022-09-20,7345991.195,45,10643996.195,,,,,,,,,,,,,,,,,
2022-09-21,5254.4000000003725,320,23268934.4,2022-09-21,184652.60500000045,260,19086392.605,2022-09-21,321528.48500000476,83,6355545.485000005,7,2022-09-21,7345991.195,45,10617446.195,,,,,,,,,,,,,,,,,
2022-09-22,5254.4000000003725,320,23032454.4,2022-09-22,184652.60500000045,260,18894252.605,2022-09-22,321528.48500000476,83,6294208.485000005,7,2022-09-22,7345991.195,45,10584191.195,,,,,,,,,,,,,,,,,
2022-09-23,5254.4000000003725,320,22805574.4,2022-09-23,184652.60500000045,260,18709912.605,2022-09-23,321528.48500000476,83,6235361.485000005,7,2022-09-23,7345991.195,45,10552286.195,,,,,,,,,,,,,,,,,
2022-09-26,5254.4000000003725,320,22616774.4,2022-09-26,184652.60500000045,260,18556512.605,2022-09-26,321528.48500000476,83,6186391.485000005,7,2022-09-26,7345991.195,45,10525736.195,,,,,,,,,,,,,,,,,
2022-09-27,5254.4000000003725,320,22862854.4,2022-09-27,184652.60500000045,260,18756452.605,2022-09-27,321528.48500000476,83,6250218.485000005,7,2022-09-27,7345991.195,45,10560341.195,,,,,,,,,,,,,,,,,
2022-09-28,5254.4000000003725,320,22750534.4,2022-09-28,184652.60500000045,260,18665192.605,2022-09-28,321528.48500000476,83,6221085.485000005,7,2022-09-28,7345991.195,45,10544546.195,,,,,,,,,,,,,,,,,
2022-09-29,5254.4000000003725,320,23084294.4,2022-09-29,184652.60500000045,260,18936372.605,2022-09-29,321528.48500000476,83,6307654.485000005,7,2022-09-29,7345991.195,45,10591481.195,,,,,,,,,,,,,,,,,
2022-09-30,5254.4000000003725,320,22610374.4,2022-09-30,184652.60500000045,260,18551312.605,2022-09-30,321528.48500000476,83,6184731.485000005,7,2022-09-30,7345991.195,45,10524836.195,,,,,,,,,,,,,,,,,
2022-10-04,5254.4000000003725,320,22845254.4,2022-10-04,184652.60500000045,260,18742152.605,2022-10-04,321528.48500000476,83,6245653.485000005,7,2022-10-04,7273545.57,46,10556795.57,,,,,,,,,,,,,,,,,
2022-10-05,5254.4000000003725,320,22917254.4,2022-10-05,184652.60500000045,260,18800652.605,2022-10-05,321528.48500000476,83,6264328.485000005,7,2022-10-05,7273545.57,46,10567145.57,,,,,,,,,,,,,,,,,
2022-10-06,5254.4000000003725,320,22951494.4,2022-10-06,184652.60500000045,260,18828472.605,2022-10-06,321528.48500000476,83,6273209.485000005,7,2022-10-06,7273545.57,46,10572067.57,,,,,,,,,,,,,,,,,
2022-10-07,5254.4000000003725,320,22731654.4,2022-10-07,184652.60500000045,260,18649852.605,2022-10-07,321528.48500000476,83,6216188.485000005,7,2022-10-07,7273545.57,46,10540465.57,,,,,,,,,,,,,,,,,
2022-10-11,5254.4000000003725,320,22048774.4,2022-10-11,184652.60500000045,260,18095012.605,2022-10-11,321528.48500000476,83,6039066.485000005,7,2022-10-11,7273545.57,46,10442301.57,,,,,,,,,,,,,,,,,
2022-10-12,5254.4000000003725,320,21917254.4,2022-10-12,184652.60500000045,260,17988152.605,2022-10-12,321528.48500000476,83,6004953.485000005,7,2022-10-12,7273545.57,46,10423395.57,,,,,,,,,,,,,,,,,
2022-10-13,5254.4000000003725,320,21727174.4,2022-10-13,184652.60500000045,260,17833712.605,2022-10-13,321528.48500000476,83,5955651.485000005,7,2022-10-13,7273545.57,46,10396071.57,,,,,,,,,,,,,,,,,
2022-10-14,5254.4000000003725,320,22342214.4,2022-10-14,184652.60500000045,260,18333432.605,2022-10-14,321528.48500000476,83,6115177.485000005,7,2022-10-14,7273545.57,46,10484483.57,,,,,,,,,,,,,,,,,
2022-10-17,5254.4000000003725,320,21829894.4,2022-10-17,184652.60500000045,260,17917172.605,2022-10-17,321528.48500000476,83,5982294.485000005,7,2022-10-17,7273545.57,46,10410837.57,,,,,,,,,,,,,,,,,
2022-10-18,5254.4000000003725,320,22600774.4,2022-10-18,184652.60500000045,260,18543512.605,2022-10-18,321528.48500000476,83,6182241.485000005,7,2022-10-18,7273545.57,46,10521651.57,,,,,,,,,,,,,,,,,
2022-10-19,5254.4000000003725,320,22553414.4,2022-10-19,184652.60500000045,260,18505032.605,2022-10-19,321528.48500000476,83,6169957.485000005,7,2022-10-19,7273545.57,46,10514843.57,,,,,,,,,,,,,,,,,
2022-10-20,5254.4000000003725,320,22261254.4,2022-10-20,184652.60500000045,260,18267652.605,2022-10-20,321528.48500000476,83,6094178.485000005,7,2022-10-20,7273545.57,46,10472845.57,,,,,,,,,,,,,,,,,
2022-10-21,5254.4000000003725,320,22267334.4,2022-10-21,184652.60500000045,260,18272592.605,2022-10-21,321528.48500000476,83,6095755.485000005,7,2022-10-21,7273545.57,46,10473719.57,,,,,,,,,,,,,,,,,
2022-10-24,5254.4000000003725,320,23062534.4,2022-10-24,184652.60500000045,260,18918692.605,2022-10-24,321528.48500000476,83,6302010.485000005,7,2022-10-24,7273545.57,46,10588029.57,,,,,,,,,,,,,,,,,
2022-10-25,5254.4000000003725,320,23137414.4,2022-10-25,184652.60500000045,260,18979532.605,2022-10-25,321528.48500000476,83,6321432.485000005,7,2022-10-25,7273545.57,46,10598793.57,,,,,,,,,,,,,,,,,
2022-10-26,5254.4000000003725,320,22983174.4,2022-10-26,184652.60500000045,260,18854212.605,2022-10-26,321528.48500000476,83,6281426.485000005,7,2022-10-26,7273545.57,46,10576621.57,,,,,,,,,,,,,,,,,
2022-10-27,5254.4000000003725,320,22878534.4,2022-10-27,184652.60500000045,260,18769192.605,2022-10-27,321528.48500000476,83,6254285.485000005,7,2022-10-27,7273545.57,46,10561579.57,,,,,,,,,,,,,,,,,
2022-10-28,5254.4000000003725,320,22179974.4,2022-10-28,184652.60500000045,260,18201612.605,2022-10-28,321528.48500000476,83,6073096.485000005,7,2022-10-28,7273545.57,46,10461161.57,,,,,,,,,,,,,,,,,
2022-10-31,5254.4000000003725,320,23084614.4,2022-10-31,184652.60500000045,260,18936632.605,2022-10-31,321528.48500000476,83,6307737.485000005,7,2022-10-31,7273545.57,46,10591203.57,,,,,,,,,,,,,,,,,
2022-11-01,5254.4000000003725,320,22963014.4,2022-11-01,184652.60500000045,260,18837832.605,2022-11-01,321528.48500000476,83,6276197.485000005,7,2022-11-01,7200726.425000001,47,10572647.425,,,,,,,,,,,,,,,,,
2022-11-02,5254.4000000003725,320,22640454.4,2022-11-02,184652.60500000045,260,18575752.605,2022-11-02,321528.48500000476,83,6192533.485000005,7,2022-11-02,7200726.425000001,47,10525271.425,,,,,,,,,,,,,,,,,
2022-11-03,5254.4000000003725,320,21894534.4,2022-11-03,184652.60500000045,260,17969692.605,2022-11-03,321528.48500000476,83,5999060.485000005,7,2022-11-03,7200726.425000001,47,10415714.425,,,,,,,,,,,,,,,,,
2022-11-04,5254.4000000003725,320,21593094.4,2022-11-04,184652.60500000045,260,17724772.605,2022-11-04,321528.48500000476,83,5920874.485000005,7,2022-11-04,7200726.425000001,47,10371440.425,,,,,,,,,,,,,,,,,
2022-11-07,5254.4000000003725,320,21396614.4,2022-11-07,184652.60500000045,260,17565132.605,2022-11-07,321528.48500000476,83,5869912.485000005,7,2022-11-07,7200726.425000001,47,10342582.425,,,,,,,,,,,,,,,,,
2022-11-08,5254.4000000003725,320,21406214.4,2022-11-08,184652.60500000045,260,17572932.605,2022-11-08,321528.48500000476,83,5872402.485000005,7,2022-11-08,7200726.425000001,47,10343992.425,,,,,,,,,,,,,,,,,
2022-11-09,5254.4000000003725,320,21291654.4,2022-11-09,184652.60500000045,260,17479852.605,2022-11-09,321528.48500000476,83,5842688.485000005,7,2022-11-09,7200726.425000001,47,10327166.425,,,,,,,,,,,,,,,,,
2022-11-10,5254.4000000003725,320,21050374.4,2022-11-10,184652.60500000045,260,17283812.605,2022-11-10,321528.48500000476,83,5780106.485000005,7,2022-11-10,7200726.425000001,47,10291728.425,,,,,,,,,,,,,,,,,
2022-11-11,5254.4000000003725,320,21742214.4,2022-11-11,184652.60500000045,260,17845932.605,2022-11-11,321528.48500000476,83,5959552.485000005,7,2022-11-11,7200726.425000001,47,10393342.425,,,,,,,,,,,,,,,,,
2022-11-14,5254.4000000003725,320,21953094.4,2022-11-14,184652.60500000045,260,18017272.605,2022-11-14,321528.48500000476,83,6014249.485000005,7,2022-11-14,7200726.425000001,47,10424315.425,,,,,,,,,,,,,,,,,
2022-11-15,5254.4000000003725,320,21969094.4,2022-11-15,184652.60500000045,260,18030272.605,2022-11-15,321528.48500000476,83,6018399.485000005,7,2022-11-15,7200726.425000001,47,10426665.425,,,,,,,,,,,,,,,,,
2022-11-16,5254.4000000003725,320,22232774.4,2022-11-16,184652.60500000045,260,18244512.605,2022-11-16,321528.48500000476,83,6086791.485000005,7,2022-11-16,7200726.425000001,47,10465393.425,,,,,,,,,,,,,,,,,
2022-11-17,5254.4000000003725,320,22271814.4,2022-11-17,184652.60500000045,260,18276232.605,2022-11-17,321528.48500000476,83,6096917.485000005,7,2022-11-17,7200726.425000001,47,10471127.425,,,,,,,,,,,,,,,,,
2022-11-18,5254.4000000003725,320,22068294.4,2022-11-18,184652.60500000045,260,18110872.605,2022-11-18,321528.48500000476,83,6044129.485000005,7,2022-11-18,7200726.425000001,47,10441235.425,,,,,,,,,,,,,,,,,
2022-11-21,5254.4000000003725,320,22271814.4,2022-11-21,184652.60500000045,260,18276232.605,2022-11-21,321528.48500000476,83,6096917.485000005,7,2022-11-21,7200726.425000001,47,10471127.425,,,,,,,,,,,,,,,,,
2022-11-22,5254.4000000003725,320,22123334.4,2022-11-22,184652.60500000045,260,18155592.605,2022-11-22,321528.48500000476,83,6058405.485000005,7,2022-11-22,7200726.425000001,47,10449319.425,,,,,,,,,,,,,,,,,
2022-11-23,5254.4000000003725,320,22320134.4,2022-11-23,184652.60500000045,260,18315492.605,2022-11-23,321528.48500000476,83,6109450.485000005,7,2022-11-23,7200726.425000001,47,10478224.425,,,,,,,,,,,,,,,,,
2022-11-24,5254.4000000003725,320,22218374.4,2022-11-24,184652.60500000045,260,18232812.605,2022-11-24,321528.48500000476,83,6083056.485000005,7,2022-11-24,7200726.425000001,47,10463278.425,,,,,,,,,,,,,,,,,
2022-11-25,5254.4000000003725,320,22202374.4,2022-11-25,184652.60500000045,260,18219812.605,2022-11-25,321528.48500000476,83,6078906.485000005,7,2022-11-25,7200726.425000001,47,10460928.425,,,,,,,,,,,,,,,,,
2022-11-28,5254.4000000003725,320,22043974.4,2022-11-28,184652.60500000045,260,18091112.605,2022-11-28,321528.48500000476,83,6037821.485000005,7,2022-11-28,7200726.425000001,47,10437663.425,,,,,,,,,,,,,,,,,
2022-11-29,5254.4000000003725,320,21803974.4,2022-11-29,184652.60500000045,260,17896112.605,2022-11-29,321528.48500000476,83,5975571.485000005,7,2022-11-29,7200726.425000001,47,10402413.425,,,,,,,,,,,,,,,,,
2022-11-30,5254.4000000003725,320,21417414.4,2022-11-30,184652.60500000045,260,17582032.605,2022-11-30,321528.48500000476,83,5875307.485000005,7,2022-11-30,7200726.425000001,47,10345637.425,,,,,,,,,,,,,,,,,
2022-12-01,5254.4000000003725,320,22060614.4,2022-12-01,184652.60500000045,260,18104632.605,2022-12-01,321528.48500000476,83,6042137.485000005,7,2022-12-01,7130769.580000001,48,10439073.580000002,,,,,,,,,,,,,,,,,
2022-12-02,5254.4000000003725,320,22039174.4,2022-12-02,184652.60500000045,260,18087212.605,2022-12-02,321528.48500000476,83,6036576.485000005,7,2022-12-02,7130769.580000001,48,10435857.580000002,,,,,,,,,,,,,,,,,
2022-12-05,5254.4000000003725,320,21826374.4,2022-12-05,184652.60500000045,260,17914312.605,2022-12-05,321528.48500000476,83,5981381.485000005,7,2022-12-05,7130769.580000001,48,10403937.580000002,,,,,,,,,,,,,,,,,
2022-12-06,5254.4000000003725,320,21899334.4,2022-12-06,184652.60500000045,260,17973592.605,2022-12-06,321528.48500000476,83,6000305.485000005,7,2022-12-06,7130769.580000001,48,10414881.580000002,,,,,,,,,,,,,,,,,
2022-12-07,5254.4000000003725,320,21548294.4,2022-12-07,184652.60500000045,260,17688372.605,2022-12-07,321528.48500000476,83,5909254.485000005,7,2022-12-07,7130769.580000001,48,10362225.580000002,,,,,,,,,,,,,,,,,
2022-12-08,5254.4000000003725,320,21357894.4,2022-12-08,184652.60500000045,260,17533672.605,2022-12-08,321528.48500000476,83,5859869.485000005,7,2022-12-08,7130769.580000001,48,10333665.580000002,,,,,,,,,,,,,,,,,
2022-12-09,5254.4000000003725,320,21430214.4,2022-12-09,184652.60500000045,260,17592432.605,2022-12-09,321528.48500000476,83,5878627.485000005,7,2022-12-09,7130769.580000001,48,10344513.580000002,,,,,,,,,,,,,,,,,
2022-12-12,5254.4000000003725,320,21296454.4,2022-12-12,184652.60500000045,260,17483752.605,2022-12-12,321528.48500000476,83,5843933.485000005,7,2022-12-12,7130769.580000001,48,10324449.580000002,,,,,,,,,,,,,,,,,
2022-12-13,5254.4000000003725,320,21504454.4,2022-12-13,184652.60500000045,260,17652752.605,2022-12-13,321528.48500000476,83,5897883.485000005,7,2022-12-13,7130769.580000001,48,10355649.580000002,,,,,,,,,,,,,,,,,
2022-12-14,5254.4000000003725,320,21683334.4,2022-12-14,184652.60500000045,260,17798092.605,2022-12-14,321528.48500000476,83,5944280.485000005,7,2022-12-14,7130769.580000001,48,10382481.580000002,,,,,,,,,,,,,,,,,
2022-12-15,5254.4000000003725,320,21588294.4,2022-12-15,184652.60500000045,260,17720872.605,2022-12-15,321528.48500000476,83,5919629.485000005,7,2022-12-15,7130769.580000001,48,10368225.580000002,,,,,,,,,,,,,,,,,
2022-12-16,5254.4000000003725,320,20927494.4,2022-12-16,184652.60500000045,260,17183972.605,2022-12-16,321528.48500000476,83,5748234.485000005,7,2022-12-16,7130769.580000001,48,10269105.580000002,,,,,,,,,,,,,,,,,
2022-12-19,5254.4000000003725,320,20697734.4,2022-12-19,184652.60500000045,260,16997292.605,2022-12-19,321528.48500000476,83,5688640.485000005,7,2022-12-19,7130769.580000001,48,10234641.580000002,,,,,,,,,,,,,,,,,
2022-12-20,5254.4000000003725,320,20015174.4,2022-12-20,184652.60500000045,260,16442712.605,2022-12-20,321528.48500000476,83,5511601.485000005,7,2022-12-20,7130769.580000001,48,10132257.580000002,,,,,,,,,,,,,,,,,
2022-12-21,5254.4000000003725,320,20172614.4,2022-12-21,184652.60500000045,260,16570632.605,2022-12-21,321528.48500000476,83,5552437.485000005,7,2022-12-21,7130769.580000001,48,10155873.580000002,,,,,,,,,,,,,,,,,
2022-12-22,5254.4000000003725,320,20292614.4,2022-12-22,184652.60500000045,260,16668132.605,2022-12-22,321528.48500000476,83,5583562.485000005,7,2022-12-22,7130769.580000001,48,10173873.580000002,,,,,,,,,,,,,,,,,
2022-12-23,5254.4000000003725,320,19808774.4,2022-12-23,184652.60500000045,260,16275012.605,2022-12-23,321528.48500000476,83,5458066.485000005,7,2022-12-23,7130769.580000001,48,10101297.580000002,,,,,,,,,,,,,,,,,
2022-12-26,5254.4000000003725,320,19777414.4,2022-12-26,184652.60500000045,260,16249532.605,2022-12-26,321528.48500000476,83,5449932.485000005,7,2022-12-26,7130769.580000001,48,10096593.580000002,,,,,,,,,,,,,,,,,
2022-12-27,5254.4000000003725,320,19834054.4,2022-12-27,184652.60500000045,260,16295552.605,2022-12-27,321528.48500000476,83,5464623.485000005,7,2022-12-27,7130769.580000001,48,10105089.580000002,,,,,,,,,,,,,,,,,
2022-12-28,5254.4000000003725,320,19385094.4,2022-12-28,184652.60500000045,260,15930772.605,2022-12-28,321528.48500000476,83,5348174.485000005,7,2022-12-28,7130769.580000001,48,10037745.580000002,,,,,,,,,,,,,,,,,
2022-12-29,5254.4000000003725,320,19164294.4,2022-12-29,184652.60500000045,260,15751372.605,2022-12-29,321528.48500000476,83,5290904.485000005,7,2022-12-29,7130769.580000001,48,10004625.580000002,,,,,,,,,,,,,,,,,
2023-01-02,5254.4000000003725,320,19389254.4,2023-01-02,184652.60500000045,260,15934152.605,2023-01-02,321528.48500000476,83,5349253.485000005,7,2023-01-02,7069285.955000001,49,10037460.955000002,,,,,,,,,,,,,,,,,
2023-01-03,5254.4000000003725,320,19679494.4,2023-01-03,184652.60500000045,260,16169972.605,2023-01-03,321528.48500000476,83,5424534.485000005,7,2023-01-03,7069285.955000001,49,10081903.955000002,,,,,,,,,,,,,,,,,
2023-01-04,5254.4000000003725,320,19550534.4,2023-01-04,184652.60500000045,260,16065192.605,2023-01-04,321528.48500000476,83,5391085.485000005,7,2023-01-04,7069285.955000001,49,10062156.955000002,,,,,,,,,,,,,,,,,
2023-01-05,5254.4000000003725,320,19526854.4,2023-01-05,184652.60500000045,260,16045952.605,2023-01-05,321528.48500000476,83,5384943.485000005,7,2023-01-05,7069285.955000001,49,10058530.955000002,,,,,,,,,,,,,,,,,
2023-01-06,5254.4000000003725,320,19286854.4,2023-01-06,184652.60500000045,260,15850952.605,2023-01-06,321528.48500000476,83,5322693.485000005,7,2023-01-06,7069285.955000001,49,10021780.955000002,,,,,,,,,,,,,,,,,
2023-01-09,5254.4000000003725,320,19446534.4,2023-01-09,184652.60500000045,260,15980692.605,2023-01-09,321528.48500000476,83,5364110.485000005,7,2023-01-09,7069285.955000001,49,10046231.955000002,,,,,,,,,,,,,,,,,
2023-01-10,5254.4000000003725,320,19465414.4,2023-01-10,184652.60500000045,260,15996032.605,2023-01-10,321528.48500000476,83,5369007.485000005,7,2023-01-10,7069285.955000001,49,10049122.955000002,,,,,,,,,,,,,,,,,
2023-01-11,5254.4000000003725,320,19693574.4,2023-01-11,184652.60500000045,260,16181412.605,2023-01-11,321528.48500000476,83,5428186.485000005,7,2023-01-11,7069285.955000001,49,10084059.955000002,,,,,,,,,,,,,,,,,
2023-01-12,5254.4000000003725,320,20064134.4,2023-01-12,184652.60500000045,260,16482492.605,2023-01-12,321528.48500000476,83,5524300.485000005,7,2023-01-12,7069285.955000001,49,10140801.955000002,,,,,,,,,,,,,,,,,
2023-01-13,5254.4000000003725,320,20040774.4,2023-01-13,184652.60500000045,260,16463512.605,2023-01-13,321528.48500000476,83,5518241.485000005,7,2023-01-13,7069285.955000001,49,10137224.955000002,,,,,,,,,,,,,,,,,
2023-01-16,5254.4000000003725,320,20093894.4,2023-01-16,184652.60500000045,260,16506672.605,2023-01-16,321528.48500000476,83,5532019.485000005,7,2023-01-16,7069285.955000001,49,10145358.955000002,,,,,,,,,,,,,,,,,
2023-01-17,5254.4000000003725,320,20050374.4,2023-01-17,184652.60500000045,260,16471312.605,2023-01-17,321528.48500000476,83,5520731.485000005,7,2023-01-17,7069285.955000001,49,10138694.955000002,,,,,,,,,,,,,,,,,
2023-01-18,5254.4000000003725,320,20221574.4,2023-01-18,184652.60500000045,260,16610412.605,2023-01-18,321528.48500000476,83,5565136.485000005,7,2023-01-18,7069285.955000001,49,10164909.955000002,,,,,,,,,,,,,,,,,
2023-01-19,5254.4000000003725,320,19832454.4,2023-01-19,184652.60500000045,260,16294252.605,2023-01-19,321528.48500000476,83,5464208.485000005,7,2023-01-19,7069285.955000001,49,10105325.955000002,,,,,,,,,,,,,,,,,
2023-01-20,5254.4000000003725,320,19789894.4,2023-01-20,184652.60500000045,260,16259672.605,2023-01-20,321528.48500000476,83,5453169.485000005,7,2023-01-20,7069285.955000001,49,10098808.955000002,,,,,,,,,,,,,,,,,
2023-01-25,5254.4000000003725,320,20456454.4,2023-01-25,184652.60500000045,260,16801252.605,2023-01-25,321528.48500000476,83,5626058.485000005,7,2023-01-25,7069285.955000001,49,10200875.955000002,,,,,,,,,,,,,,,,,
2023-01-26,5254.4000000003725,320,20647174.4,2023-01-26,184652.60500000045,260,16956212.605,2023-01-26,321528.48500000476,83,5675526.485000005,7,2023-01-26,7069285.955000001,49,10230079.955000002,,,,,,,,,,,,,,,,,
2023-01-27,5254.4000000003725,320,20812934.4,2023-01-27,184652.60500000045,260,17090892.605,2023-01-27,321528.48500000476,83,5718520.485000005,7,2023-01-27,7069285.955000001,49,10255461.955000002,,,,,,,,,,,,,,,,,
2023-01-30,5254.4000000003725,320,20957254.4,2023-01-30,184652.60500000045,260,17208152.605,2023-01-30,321528.48500000476,83,5755953.485000005,7,2023-01-30,7069285.955000001,49,10277560.955000002,,,,,,,,,,,,,,,,,
2023-01-31,5254.4000000003725,320,20662854.4,2023-01-31,184652.60500000045,260,16968952.605,2023-01-31,321528.48500000476,83,5679593.485000005,7,2023-01-31,7069285.955000001,49,10232480.955000002,,,,,,,,,,,,,,,,,
2023-02-01,5254.4000000003725,320,20951174.4,2023-02-01,184652.60500000045,260,17203212.605,2023-02-01,321528.48500000476,83,5754376.485000005,7,2023-02-01,7002848.115000001,50,10275648.115000002,,,,,,,,,,,,,,,,,
2023-02-02,5254.4000000003725,320,21486214.4,2023-02-02,184652.60500000045,260,17637932.605,2023-02-02,321528.48500000476,83,5893152.485000005,7,2023-02-02,7002848.115000001,50,10359248.115000002,,,,,,,,,,,,,,,,,
2023-02-03,5254.4000000003725,320,21857734.4,2023-02-03,184652.60500000045,260,17939792.605,2023-02-03,321528.48500000476,83,5989515.485000005,7,2023-02-03,7002848.115000001,50,10417298.115000002,,,,,,,,,,,,,,,,,
2023-02-06,5254.4000000003725,320,22113734.4,2023-02-06,184652.60500000045,260,18147792.605,2023-02-06,321528.48500000476,83,6055915.485000005,7,2023-02-06,7002848.115000001,50,10457298.115000002,,,,,,,,,,,,,,,,,
2023-02-07,5254.4000000003725,320,22121734.4,2023-02-07,184652.60500000045,260,18154292.605,2023-02-07,321528.48500000476,83,6057990.485000005,7,2023-02-07,7002848.115000001,50,10458548.115000002,,,,,,,,,,,,,,,,,
2023-02-08,5254.4000000003725,320,22659974.4,2023-02-08,184652.60500000045,260,18591612.605,2023-02-08,321528.48500000476,83,6197596.485000005,7,2023-02-08,7002848.115000001,50,10542648.115000002,,,,,,,,,,,,,,,,,
2023-02-09,5254.4000000003725,320,22340294.4,2023-02-09,184652.60500000045,260,18331872.605,2023-02-09,321528.48500000476,83,6114679.485000005,7,2023-02-09,7002848.115000001,50,10492698.115000002,,,,,,,,,,,,,,,,,
2023-02-10,5254.4000000003725,320,22052614.4,2023-02-10,184652.60500000045,260,18098132.605,2023-02-10,321528.48500000476,83,6040062.485000005,7,2023-02-10,7002848.115000001,50,10447748.115000002,,,,,,,,,,,,,,,,,
2023-02-13,5254.4000000003725,320,22102534.4,2023-02-13,184652.60500000045,260,18138692.605,2023-02-13,321528.48500000476,83,6053010.485000005,7,2023-02-13,7002848.115000001,50,10455548.115000002,,,,,,,,,,,,,,,,,
2023-02-14,5254.4000000003725,320,22354694.4,2023-02-14,184652.60500000045,260,18343572.605,2023-02-14,321528.48500000476,83,6118414.485000005,7,2023-02-14,7002848.115000001,50,10494948.115000002,,,,,,,,,,,,,,,,,
2023-02-15,5254.4000000003725,320,22631174.4,2023-02-15,184652.60500000045,260,18568212.605,2023-02-15,321528.48500000476,83,6190126.485000005,7,2023-02-15,7002848.115000001,50,10538148.115000002,,,,,,,,,,,,,,,,,
2023-02-16,5254.4000000003725,320,23054214.4,2023-02-16,184652.60500000045,260,18911932.605,2023-02-16,321528.48500000476,83,6299852.485000005,7,2023-02-16,7002848.115000001,50,10604248.115000002,,,,,,,,,,,,,,,,,
2023-02-17,5254.4000000003725,320,22656774.4,2023-02-17,184652.60500000045,260,18589012.605,2023-02-17,321528.48500000476,83,6196766.485000005,7,2023-02-17,7002848.115000001,50,10542148.115000002,,,,,,,,,,,,,,,,,
2023-02-20,5254.4000000003725,320,22594694.4,2023-02-20,184652.60500000045,260,18538572.605,2023-02-20,321528.48500000476,83,6180664.485000005,7,2023-02-20,7002848.115000001,50,10532448.115000002,,,,,,,,,,,,,,,,,
2023-02-21,5254.4000000003725,320,22536134.4,2023-02-21,184652.60500000045,260,18490992.605,2023-02-21,321528.48500000476,83,6165475.485000005,7,2023-02-21,7002848.115000001,50,10523298.115000002,,,,,,,,,,,,,,,,,
2023-02-22,5254.4000000003725,320,22250054.4,2023-02-22,184652.60500000045,260,18258552.605,2023-02-22,321528.48500000476,83,6091273.485000005,7,2023-02-22,7002848.115000001,50,10478598.115000002,,,,,,,,,,,,,,,,,
2023-02-23,5254.4000000003725,320,22270214.4,2023-02-23,184652.60500000045,260,18274932.605,2023-02-23,321528.48500000476,83,6096502.485000005,7,2023-02-23,7002848.115000001,50,10481748.115000002,,,,,,,,,,,,,,,,,
2023-02-24,5254.4000000003725,320,22359494.4,2023-02-24,184652.60500000045,260,18347472.605,2023-02-24,321528.48500000476,83,6119659.485000005,7,2023-02-24,7002848.115000001,50,10495698.115000002,,,,,,,,,,,,,,,,,
2023-02-27,5254.4000000003725,320,22386374.4,2023-02-27,184652.60500000045,260,18369312.605,2023-02-27,321528.48500000476,83,6126631.485000005,7,2023-02-27,7002848.115000001,50,10499898.115000002,,,,,,,,,,,,,,,,,
2023-02-28,5254.4000000003725,320,22553734.4,2023-02-28,184652.60500000045,260,18505292.605,2023-02-28,321528.48500000476,83,6170040.485000005,7,2023-02-28,7002848.115000001,50,10526048.115000002,,,,,,,,,,,,,,,,,
2023-03-02,5254.4000000003725,320,22057414.4,2023-03-02,184652.60500000045,260,18102032.605,2023-03-02,321528.48500000476,83,6041307.485000005,7,2023-03-02,6932901.420000001,51,10447464.420000002,,,,,,,,,,,,,,,,,
2023-03-03,5254.4000000003725,320,22084934.4,2023-03-03,184652.60500000045,260,18124392.605,2023-03-03,321528.48500000476,83,6048445.485000005,7,2023-03-03,6932901.420000001,51,10451850.420000002,,,,,,,,,,,,,,,,,
2023-03-06,5254.4000000003725,320,22542534.4,2023-03-06,184652.60500000045,260,18496192.605,2023-03-06,321528.48500000476,83,6167135.485000005,7,2023-03-06,6932901.420000001,51,10524780.420000002,,,,,,,,,,,,,,,,,
2023-03-07,5254.4000000003725,320,22621574.4,2023-03-07,184652.60500000045,260,18560412.605,2023-03-07,321528.48500000476,83,6187636.485000005,7,2023-03-07,6932901.420000001,51,10537377.420000002,,,,,,,,,,,,,,,,,
2023-03-08,5254.4000000003725,320,22632774.4,2023-03-08,184652.60500000045,260,18569512.605,2023-03-08,321528.48500000476,83,6190541.485000005,7,2023-03-08,6932901.420000001,51,10539162.420000002,,,,,,,,,,,,,,,,,
2023-03-09,5254.4000000003725,320,22768774.4,2023-03-09,184652.60500000045,260,18680012.605,2023-03-09,321528.48500000476,83,6225816.485000005,7,2023-03-09,6932901.420000001,51,10560837.420000002,,,,,,,,,,,,,,,,,
2023-03-10,5254.4000000003725,320,22321734.4,2023-03-10,184652.60500000045,260,18316792.605,2023-03-10,321528.48500000476,83,6109865.485000005,7,2023-03-10,6932901.420000001,51,10489590.420000002,,,,,,,,,,,,,,,,,
2023-03-13,5254.4000000003725,320,22149894.4,2023-03-13,184652.60500000045,260,18177172.605,2023-03-13,321528.48500000476,83,6065294.485000005,7,2023-03-13,6932901.420000001,51,10462203.420000002,,,,,,,,,,,,,,,,,
2023-03-14,5254.4000000003725,320,22089734.4,2023-03-14,184652.60500000045,260,18128292.605,2023-03-14,321528.48500000476,83,6049690.485000005,7,2023-03-14,6932901.420000001,51,10452615.420000002,,,,,,,,,,,,,,,,,
2023-03-15,5254.4000000003725,320,22501894.4,2023-03-15,184652.60500000045,260,18463172.605,2023-03-15,321528.48500000476,83,6156594.485000005,7,2023-03-15,6932901.420000001,51,10518303.420000002,,,,,,,,,,,,,,,,,
2023-03-16,5254.4000000003725,320,22772934.4,2023-03-16,184652.60500000045,260,18683392.605,2023-03-16,321528.48500000476,83,6226895.485000005,7,2023-03-16,6932901.420000001,51,10561500.420000002,,,,,,,,,,,,,,,,,
2023-03-17,5254.4000000003725,320,23169094.4,2023-03-17,184652.60500000045,260,19005272.605,2023-03-17,321528.48500000476,83,6329649.485000005,7,2023-03-17,6932901.420000001,51,10624638.420000002,,,,,,,,,,,,,,,,,
2023-03-20,5254.4000000003725,320,23097734.4,2023-03-20,184652.60500000045,260,18947292.605,2023-03-20,321528.48500000476,83,6311140.485000005,7,2023-03-20,6932901.420000001,51,10613265.420000002,,,,,,,,,,,,,,,,,
2023-03-21,5254.4000000003725,320,23263814.4,2023-03-21,184652.60500000045,260,19082232.605,2023-03-21,321528.48500000476,83,6354217.485000005,7,2023-03-21,6932901.420000001,51,10639734.420000002,,,,,,,,,,,,,,,,,
2023-03-22,5254.4000000003725,320,23536454.4,2023-03-22,184652.60500000045,260,19303752.605,2023-03-22,321528.48500000476,83,6424933.485000005,7,2023-03-22,6932901.420000001,51,10683186.420000002,,,,,,,,,,,,,,,,,
2023-03-23,5254.4000000003725,320,22905734.4,2023-03-23,184652.60500000045,260,18791292.605,2023-03-23,321528.48500000476,83,6261340.485000005,7,2023-03-23,6932901.420000001,51,10582665.420000002,,,,,,,,,,,,,,,,,
2023-03-24,5254.4000000003725,320,23252614.4,2023-03-24,184652.60500000045,260,19073132.605,2023-03-24,321528.48500000476,83,6351312.485000005,7,2023-03-24,6932901.420000001,51,10637949.420000002,,,,,,,,,,,,,,,,,
2023-03-27,5254.4000000003725,320,23569414.4,2023-03-27,184652.60500000045,260,19330532.605,2023-03-27,321528.48500000476,83,6433482.485000005,7,2023-03-27,6932901.420000001,51,10688439.420000002,,,,,,,,,,,,,,,,,
2023-03-28,5254.4000000003725,320,23290694.4,2023-03-28,184652.60500000045,260,19104072.605,2023-03-28,321528.48500000476,83,6361189.485000005,7,2023-03-28,6932901.420000001,51,10644018.420000002,,,,,,,,,,,,,,,,,
2023-03-29,5254.4000000003725,320,23364614.4,2023-03-29,184652.60500000045,260,19164132.605,2023-03-29,321528.48500000476,83,6380362.485000005,7,2023-03-29,6932901.420000001,51,10655799.420000002,,,,,,,,,,,,,,,,,
2023-03-30,5254.4000000003725,320,23594694.4,2023-03-30,184652.60500000045,260,19351072.605,2023-03-30,321528.48500000476,83,6440039.485000005,7,2023-03-30,6932901.420000001,51,10692468.420000002,,,,,,,,,,,,,,,,,
2023-03-31,5254.4000000003725,320,23812294.4,2023-03-31,184652.60500000045,260,19527872.605,2023-03-31,321528.48500000476,83,6496479.485000005,7,2023-03-31,6932901.420000001,51,10727148.420000002,,,,,,,,,,,,,,,,,
2023-04-03,5254.4000000003725,320,24326214.4,2023-04-03,184652.60500000045,260,19945432.605,2023-04-03,321528.48500000476,83,6629777.485000005,7,2023-04-03,6855758.375000001,52,10807914.375,,,,,,,,,,,,,,,,,
2023-04-04,5254.4000000003725,320,24385094.4,2023-04-04,184652.60500000045,260,19993272.605,2023-04-04,321528.48500000476,83,6645049.485000005,7,2023-04-04,6855758.375000001,52,10817482.375,,,,,,,,,,,,,,,,,
2023-04-05,5254.4000000003725,320,24255814.4,2023-04-05,184652.60500000045,260,19888232.605,2023-04-05,321528.48500000476,83,6611517.485000005,7,2023-04-05,6855758.375000001,52,10796474.375,,,,,,,,,,,,,,,,,
2023-04-06,5254.4000000003725,320,24103174.4,2023-04-06,184652.60500000045,260,19764212.605,2023-04-06,321528.48500000476,83,6571926.485000005,7,2023-04-06,6855758.375000001,52,10771670.375,,,,,,,,,,,,,,,,,
2023-04-07,5254.4000000003725,320,24291974.4,2023-04-07,184652.60500000045,260,19917612.605,2023-04-07,321528.48500000476,83,6620896.485000005,7,2023-04-07,6855758.375000001,52,10802350.375,,,,,,,,,,,,,,,,,
2023-04-10,5254.4000000003725,320,24231814.4,2023-04-10,184652.60500000045,260,19868732.605,2023-04-10,321528.48500000476,83,6605292.485000005,7,2023-04-10,6855758.375000001,52,10792574.375,,,,,,,,,,,,,,,,,
2023-04-11,5254.4000000003725,320,24365894.4,2023-04-11,184652.60500000045,260,19977672.605,2023-04-11,321528.48500000476,83,6640069.485000005,7,2023-04-11,6855758.375000001,52,10814362.375,,,,,,,,,,,,,,,,,
2023-04-12,5254.4000000003725,320,24243014.4,2023-04-12,184652.60500000045,260,19877832.605,2023-04-12,321528.48500000476,83,6608197.485000005,7,2023-04-12,6855758.375000001,52,10794394.375,,,,,,,,,,,,,,,,,
2023-04-13,5254.4000000003725,320,23851974.4,2023-04-13,184652.60500000045,260,19560112.605,2023-04-13,321528.48500000476,83,6506771.485000005,7,2023-04-13,6855758.375000001,52,10730850.375,,,,,,,,,,,,,,,,,
2023-04-14,5254.4000000003725,320,24046214.4,2023-04-14,184652.60500000045,260,19717932.605,2023-04-14,321528.48500000476,83,6557152.485000005,7,2023-04-14,6855758.375000001,52,10762414.375,,,,,,,,,,,,,,,,,
2023-04-17,5254.4000000003725,320,24228614.4,2023-04-17,184652.60500000045,260,19866132.605,2023-04-17,321528.48500000476,83,6604462.485000005,7,2023-04-17,6855758.375000001,52,10792054.375,,,,,,,,,,,,,,,,,
2023-04-18,5254.4000000003725,320,24369094.4,2023-04-18,184652.60500000045,260,19980272.605,2023-04-18,321528.48500000476,83,6640899.485000005,7,2023-04-18,6855758.375000001,52,10814882.375,,,,,,,,,,,,,,,,,
2023-04-19,5254.4000000003725,320,24381894.4,2023-04-19,184652.60500000045,260,19990672.605,2023-04-19,321528.48500000476,83,6644219.485000005,7,2023-04-19,6855758.375000001,52,10816962.375,,,,,,,,,,,,,,,,,
2023-04-20,5254.4000000003725,320,24356294.4,2023-04-20,184652.60500000045,260,19969872.605,2023-04-20,321528.48500000476,83,6637579.485000005,7,2023-04-20,6855758.375000001,52,10812802.375,,,,,,,,,,,,,,,,,
2023-04-21,5254.4000000003725,320,24375494.4,2023-04-21,184652.60500000045,260,19985472.605,2023-04-21,321528.48500000476,83,6642559.485000005,7,2023-04-21,6855758.375000001,52,10815922.375,,,,,,,,,,,,,,,,,
2023-04-24,5254.4000000003725,320,24393094.4,2023-04-24,184652.60500000045,260,19999772.605,2023-04-24,321528.48500000476,83,6647124.485000005,7,2023-04-24,6855758.375000001,52,10818782.375,,,,,,,,,,,,,,,,,
2023-04-25,5254.4000000003725,320,24346694.4,2023-04-25,184652.60500000045,260,19962072.605,2023-04-25,321528.48500000476,83,6635089.485000005,7,2023-04-25,6855758.375000001,52,10811242.375,,,,,,,,,,,,,,,,,
2023-04-26,5254.4000000003725,320,24309574.4,2023-04-26,184652.60500000045,260,19931912.605,2023-04-26,321528.48500000476,83,6625461.485000005,7,2023-04-26,6855758.375000001,52,10805210.375,,,,,,,,,,,,,,,,,
2023-04-27,5254.4000000003725,320,24382214.4,2023-04-27,184652.60500000045,260,19990932.605,2023-04-27,321528.48500000476,83,6644302.485000005,7,2023-04-27,6855758.375000001,52,10817014.375,,,,,,,,,,,,,,,,,
2023-04-28,5254.4000000003725,320,24827654.4,2023-04-28,184652.60500000045,260,20352852.605,2023-04-28,321528.48500000476,83,6759838.485000005,7,2023-04-28,6855758.375000001,52,10889398.375,,,,,,,,,,,,,,,,,
2023-05-02,5254.4000000003725,320,25036294.4,2023-05-02,184652.60500000045,260,20522372.605,2023-05-02,321528.48500000476,83,6813954.485000005,7,2023-05-02,6776363.045000001,53,10922129.045000002,,,,,,,,,,,,,,,,,
2023-05-03,5254.4000000003725,320,24797574.4,2023-05-03,184652.60500000045,260,20328412.605,2023-05-03,321528.48500000476,83,6752036.485000005,7,2023-05-03,6776363.045000001,53,10882591.045000002,,,,,,,,,,,,,,,,,
2023-05-04,5254.4000000003725,320,24426374.4,2023-05-04,184652.60500000045,260,20026812.605,2023-05-04,321528.48500000476,83,6655756.485000005,7,2023-05-04,6776363.045000001,53,10821111.045000002,,,,,,,,,,,,,,,,,
2023-05-08,5254.4000000003725,320,24715654.4,2023-05-08,184652.60500000045,260,20261852.605,2023-05-08,321528.48500000476,83,6730788.485000005,7,2023-05-08,6776363.045000001,53,10869023.045000002,,,,,,,,,,,,,,,,,
2023-05-09,5254.4000000003725,320,24819654.4,2023-05-09,184652.60500000045,260,20346352.605,2023-05-09,321528.48500000476,83,6757763.485000005,7,2023-05-09,6776363.045000001,53,10886248.045000002,,,,,,,,,,,,,,,,,
2023-05-10,5254.4000000003725,320,24729734.4,2023-05-10,184652.60500000045,260,20273292.605,2023-05-10,321528.48500000476,83,6734440.485000005,7,2023-05-10,6776363.045000001,53,10871355.045000002,,,,,,,,,,,,,,,,,
2023-05-11,5254.4000000003725,320,25045574.4,2023-05-11,184652.60500000045,260,20529912.605,2023-05-11,321528.48500000476,83,6816361.485000005,7,2023-05-11,6776363.045000001,53,10923666.045000002,,,,,,,,,,,,,,,,,
2023-05-12,5254.4000000003725,320,25276614.4,2023-05-12,184652.60500000045,260,20717632.605,2023-05-12,321528.48500000476,83,6876287.485000005,7,2023-05-12,6776363.045000001,53,10961932.045000002,,,,,,,,,,,,,,,,,
2023-05-15,5254.4000000003725,320,25224454.4,2023-05-15,184652.60500000045,260,20675252.605,2023-05-15,321528.48500000476,83,6862758.485000005,7,2023-05-15,6776363.045000001,53,10953293.045000002,,,,,,,,,,,,,,,,,
2023-05-16,5254.4000000003725,320,25318854.4,2023-05-16,184652.60500000045,260,20751952.605,2023-05-16,321528.48500000476,83,6887243.485000005,7,2023-05-16,6776363.045000001,53,10968928.045000002,,,,,,,,,,,,,,,,,
2023-05-17,5254.4000000003725,320,25399814.4,2023-05-17,184652.60500000045,260,20817732.605,2023-05-17,321528.48500000476,83,6908242.485000005,7,2023-05-17,6776363.045000001,53,10982337.045000002,,,,,,,,,,,,,,,,,
2023-05-18,5254.4000000003725,320,25593734.4,2023-05-18,184652.60500000045,260,20975292.605,2023-05-18,321528.48500000476,83,6958540.485000005,7,2023-05-18,6776363.045000001,53,11014455.045000002,,,,,,,,,,,,,,,,,
2023-05-19,5254.4000000003725,320,25954374.4,2023-05-19,184652.60500000045,260,21268312.605,2023-05-19,321528.48500000476,83,7052081.485000005,7,2023-05-19,6776363.045000001,53,11074186.045000002,,,,,,,,,,,,,,,,,
2023-05-22,5254.4000000003725,320,25730054.4,2023-05-22,184652.60500000045,260,21086052.605,2023-05-22,321528.48500000476,83,6993898.485000005,7,2023-05-22,6776363.045000001,53,11037033.045000002,,,,,,,,,,,,,,,,,
2023-05-23,5254.4000000003725,320,25707654.4,2023-05-23,184652.60500000045,260,21067852.605,2023-05-23,321528.48500000476,83,6988088.485000005,7,2023-05-23,6776363.045000001,53,11033323.045000002,,,,,,,,,,,,,,,,,
2023-05-24,5254.4000000003725,320,25445254.4,2023-05-24,184652.60500000045,260,20854652.605,2023-05-24,321528.48500000476,83,6920028.485000005,7,2023-05-24,6776363.045000001,53,10989863.045000002,,,,,,,,,,,,,,,,,
2023-05-25,5254.4000000003725,320,25901894.4,2023-05-25,184652.60500000045,260,21225672.605,2023-05-25,321528.48500000476,83,7038469.485000005,7,2023-05-25,6776363.045000001,53,11065494.045000002,,,,,,,,,,,,,,,,,
2023-05-26,5254.4000000003725,320,26073414.4,2023-05-26,184652.60500000045,260,21365032.605,2023-05-26,321528.48500000476,83,7082957.485000005,7,2023-05-26,6776363.045000001,53,11093902.045000002,,,,,,,,,,,,,,,,,
2023-05-30,5254.4000000003725,320,26865414.4,2023-05-30,184652.60500000045,260,22008532.605,2023-05-30,1232675.4750000047,70,7108335.475000005,6,2023-05-30,6776363.045000001,53,11225077.045000002,,,,,,,,,,,,,,,,,
2023-05-31,5254.4000000003725,320,26786374.4,2023-05-31,184652.60500000045,260,21944312.605,2023-05-31,298265.46000000485,81,7077236.460000005,7,2023-05-31,6776363.045000001,53,11211986.045000002,,,,,,,,,,,,,,,,,
2023-06-01,5254.4000000003725,320,26631814.4,2023-06-01,184652.60500000045,260,21818732.605,2023-06-01,298265.46000000485,81,7038113.460000005,7,2023-06-01,6691906.925000001,54,11185138.925,,,,,,,,,,,,,,,,,
2023-06-02,5254.4000000003725,320,26707334.4,2023-06-02,184652.60500000045,260,21880092.605,2023-06-02,298265.46000000485,81,7057229.460000005,7,2023-06-02,6691906.925000001,54,11197882.925,,,,,,,,,,,,,,,,,
2023-06-05,5254.4000000003725,320,26795654.4,2023-06-05,184652.60500000045,260,21951852.605,2023-06-05,298265.46000000485,81,7079585.460000005,7,2023-06-05,6691906.925000001,54,11212786.925,,,,,,,,,,,,,,,,,
2023-06-07,5254.4000000003725,320,26800454.4,2023-06-07,184652.60500000045,260,21955752.605,2023-06-07,298265.46000000485,81,7080800.460000005,7,2023-06-07,6691906.925000001,54,11213596.925,,,,,,,,,,,,,,,,,
2023-06-08,5254.4000000003725,320,26252934.4,2023-06-08,184652.60500000045,260,21510892.605,2023-06-08,298265.46000000485,81,6942209.460000005,7,2023-06-08,6691906.925000001,54,11121202.925,,,,,,,,,,,,,,,,,
2023-06-09,5254.4000000003725,320,26442374.4,2023-06-09,184652.60500000045,260,21664812.605,2023-06-09,298265.46000000485,81,6990161.460000005,7,2023-06-09,6691906.925000001,54,11153170.925,,,,,,,,,,,,,,,,,
2023-06-12,5254.4000000003725,320,26562054.4,2023-06-12,184652.60500000045,260,21762052.605,2023-06-12,298265.46000000485,81,7020455.460000005,7,2023-06-12,6691906.925000001,54,11173366.925,,,,,,,,,,,,,,,,,
2023-06-13,5254.4000000003725,320,26705734.4,2023-06-13,184652.60500000045,260,21878792.605,2023-06-13,298265.46000000485,81,7056824.460000005,7,2023-06-13,6691906.925000001,54,11197612.925,,,,,,,,,,,,,,,,,
2023-06-14,5254.4000000003725,320,26911174.4,2023-06-14,184652.60500000045,260,22045712.605,2023-06-14,298265.46000000485,81,7108826.460000005,7,2023-06-14,6691906.925000001,54,11232280.925,,,,,,,,,,,,,,,,,
2023-06-15,5254.4000000003725,320,27094534.4,2023-06-15,184652.60500000045,260,22194692.605,2023-06-15,298265.46000000485,81,7155239.460000005,7,2023-06-15,6691906.925000001,54,11263222.925,,,,,,,,,,,,,,,,,
2023-06-16,5254.4000000003725,320,27299974.4,2023-06-16,184652.60500000045,260,22361612.605,2023-06-16,298265.46000000485,81,7207241.460000005,7,2023-06-16,6691906.925000001,54,11297890.925,,,,,,,,,,,,,,,,,
2023-06-19,5254.4000000003725,320,27323654.4,2023-06-19,184652.60500000045,260,22380852.605,2023-06-19,298265.46000000485,81,7213235.460000005,7,2023-06-19,6691906.925000001,54,11301886.925,,,,,,,,,,,,,,,,,
2023-06-20,5254.4000000003725,320,27236614.4,2023-06-20,184652.60500000045,260,22310132.605,2023-06-20,298265.46000000485,81,7191203.460000005,7,2023-06-20,6691906.925000001,54,11287198.925,,,,,,,,,,,,,,,,,
2023-06-21,5254.4000000003725,320,27472134.4,2023-06-21,184652.60500000045,260,22501492.605,2023-06-21,298265.46000000485,81,7250819.460000005,7,2023-06-21,6691906.925000001,54,11326942.925,,,,,,,,,,,,,,,,,
2023-06-22,5254.4000000003725,320,27102214.4,2023-06-22,184652.60500000045,260,22200932.605,2023-06-22,298265.46000000485,81,7157183.460000005,7,2023-06-22,6691906.925000001,54,11264518.925,,,,,,,,,,,,,,,,,
2023-06-23,5254.4000000003725,320,27595654.4,2023-06-23,184652.60500000045,260,22601852.605,2023-06-23,298265.46000000485,81,7282085.460000005,7,2023-06-23,6691906.925000001,54,11347786.925,,,,,,,,,,,,,,,,,
2023-06-26,5254.4000000003725,320,27504774.4,2023-06-26,184652.60500000045,260,22528012.605,2023-06-26,298265.46000000485,81,7259081.460000005,7,2023-06-26,6691906.925000001,54,11332450.925,,,,,,,,,,,,,,,,,
2023-06-27,5254.4000000003725,320,27089734.4,2023-06-27,184652.60500000045,260,22190792.605,2023-06-27,298265.46000000485,81,7154024.460000005,7,2023-06-27,6691906.925000001,54,11262412.925,,,,,,,,,,,,,,,,,
2023-06-28,5254.4000000003725,320,27522054.4,2023-06-28,184652.60500000045,260,22542052.605,2023-06-28,298265.46000000485,81,7263455.460000005,7,2023-06-28,6691906.925000001,54,11335366.925,,,,,,,,,,,,,,,,,
2023-06-29,5254.4000000003725,320,27864134.4,2023-06-29,184652.60500000045,260,22819992.605,2023-06-29,1170596.6400000048,69,7177667.640000004,6,2023-06-29,6691906.925000001,54,11393092.925,,,,,,,,,,,,,,,,,
2023-06-30,5254.4000000003725,320,27897414.4,2023-06-30,184652.60500000045,260,22847032.605,2023-06-30,197421.74500000488,80,7170461.745000005,7,2023-06-30,6691906.925000001,54,11398708.925,,,,,,,,,,,,,,,,,
2023-07-03,5254.4000000003725,320,28097734.4,2023-07-03,184652.60500000045,260,23009792.605,2023-07-03,1956713.3050000048,56,6872897.305000005,5,2023-07-03,6602801.090000001,55,11431196.09,,,,,,,,,,,,,,,,,
2023-07-04,5254.4000000003725,320,27942854.4,2023-07-04,184652.60500000045,260,22883952.605,2023-07-04,981952.9800000049,67,6831387.980000005,6,2023-07-04,6602801.090000001,55,11404576.09,,,,,,,,,,,,,,,,,
2023-07-05,5254.4000000003725,320,27840454.4,2023-07-05,184652.60500000045,260,22800752.605,2023-07-05,981952.9800000049,67,6809947.980000005,6,2023-07-05,6602801.090000001,55,11386976.09,,,,,,,,,,,,,,,,,
2023-07-06,5254.4000000003725,320,27857734.4,2023-07-06,184652.60500000045,260,22814792.605,2023-07-06,981952.9800000049,67,6813565.980000005,6,2023-07-06,6602801.090000001,55,11389946.09,,,,,,,,,,,,,,,,,
2023-07-07,5254.4000000003725,320,27794694.4,2023-07-07,184652.60500000045,260,22763572.605,2023-07-07,981952.9800000049,67,6800366.980000005,6,2023-07-07,6602801.090000001,55,11379111.09,,,,,,,,,,,,,,,,,
2023-07-10,5254.4000000003725,320,27597254.4,2023-07-10,184652.60500000045,260,22603152.605,2023-07-10,981952.9800000049,67,6759027.980000005,6,2023-07-10,6602801.090000001,55,11345176.09,,,,,,,,,,,,,,,,,
2023-07-11,5254.4000000003725,320,27592454.4,2023-07-11,184652.60500000045,260,22599252.605,2023-07-11,981952.9800000049,67,6758022.980000005,6,2023-07-11,6602801.090000001,55,11344351.09,,,,,,,,,,,,,,,,,
2023-07-12,5254.4000000003725,320,27579654.4,2023-07-12,184652.60500000045,260,22588852.605,2023-07-12,981952.9800000049,67,6755342.980000005,6,2023-07-12,6602801.090000001,55,11342151.09,,,,,,,,,,,,,,,,,
2023-07-13,5254.4000000003725,320,27693574.4,2023-07-13,184652.60500000045,260,22681412.605,2023-07-13,981952.9800000049,67,6779194.980000005,6,2023-07-13,6602801.090000001,55,11361731.09,,,,,,,,,,,,,,,,,
2023-07-14,5254.4000000003725,320,27886214.4,2023-07-14,184652.60500000045,260,22837932.605,2023-07-14,981952.9800000049,67,6819528.980000005,6,2023-07-14,6602801.090000001,55,11394841.09,,,,,,,,,,,,,,,,,
2023-07-17,5254.4000000003725,320,27850054.4,2023-07-17,184652.60500000045,260,22808552.605,2023-07-17,981952.9800000049,67,6811957.980000005,6,2023-07-17,6602801.090000001,55,11388626.09,,,,,,,,,,,,,,,,,
2023-07-18,5254.4000000003725,320,27975494.4,2023-07-18,184652.60500000045,260,22910472.605,2023-07-18,981952.9800000049,67,6838221.980000005,6,2023-07-18,6602801.090000001,55,11410186.09,,,,,,,,,,,,,,,,,
2023-07-19,5254.4000000003725,320,28355334.4,2023-07-19,184652.60500000045,260,23219092.605,2023-07-19,981952.9800000049,67,6917750.980000005,6,2023-07-19,6602801.090000001,55,11475471.09,,,,,,,,,,,,,,,,,
2023-07-20,5254.4000000003725,320,28262214.4,2023-07-20,184652.60500000045,260,23143432.605,2023-07-20,981952.9800000049,67,6898253.980000005,6,2023-07-20,6602801.090000001,55,11459466.09,,,,,,,,,,,,,,,,,
2023-07-21,5254.4000000003725,320,28081734.4,2023-07-21,184652.60500000045,260,22996792.605,2023-07-21,981952.9800000049,67,6860465.980000005,6,2023-07-21,6602801.090000001,55,11428446.09,,,,,,,,,,,,,,,,,
2023-07-24,5254.4000000003725,320,27910214.4,2023-07-24,184652.60500000045,260,22857432.605,2023-07-24,981952.9800000049,67,6824553.980000005,6,2023-07-24,6602801.090000001,55,11398966.09,,,,,,,,,,,,,,,,,
2023-07-25,5254.4000000003725,320,27887814.4,2023-07-25,184652.60500000045,260,22839232.605,2023-07-25,981952.9800000049,67,6819863.980000005,6,2023-07-25,6602801.090000001,55,11395116.09,,,,,,,,,,,,,,,,,
2023-07-26,5254.4000000003725,320,28005894.4,2023-07-26,184652.60500000045,260,22935172.605,2023-07-26,981952.9800000049,67,6844586.980000005,6,2023-07-26,6602801.090000001,55,11415411.09,,,,,,,,,,,,,,,,,
2023-07-27,5254.4000000003725,320,28167174.4,2023-07-27,184652.60500000045,260,23066212.605,2023-07-27,981952.9800000049,67,6878354.980000005,6,2023-07-27,6602801.090000001,55,11443131.09,,,,,,,,,,,,,,,,,
2023-07-28,5254.4000000003725,320,28017094.4,2023-07-28,184652.60500000045,260,22944272.605,2023-07-28,981952.9800000049,67,6846931.980000005,6,2023-07-28,6602801.090000001,55,11417336.09,,,,,,,,,,,,,,,,,
2023-07-31,5254.4000000003725,320,28320774.4,2023-07-31,184652.60500000045,260,23191012.605,2023-07-31,981952.9800000049,67,6910514.980000005,6,2023-07-31,6602801.090000001,55,11469531.09,,,,,,,,,,,,,,,,,
2023-08-01,5254.4000000003725,320,28572614.4,2023-08-01,184652.60500000045,260,23395632.605,2023-08-01,981952.9800000049,67,6963243.980000005,6,2023-08-01,6512188.995000001,56,11511476.995000001,,,,,,,,,,,,,,,,,
2023-08-02,5254.4000000003725,320,28589894.4,2023-08-02,184652.60500000045,260,23409672.605,2023-08-02,981952.9800000049,67,6966861.980000005,6,2023-08-02,6512188.995000001,56,11514500.995000001,,,,,,,,,,,,,,,,,
2023-08-03,5254.4000000003725,320,28195974.4,2023-08-03,184652.60500000045,260,23089612.605,2023-08-03,981952.9800000049,67,6884384.980000005,6,2023-08-03,6512188.995000001,56,11445564.995000001,,,,,,,,,,,,,,,,,
2023-08-04,5254.4000000003725,320,28586694.4,2023-08-04,184652.60500000045,260,23407072.605,2023-08-04,981952.9800000049,67,6966191.980000005,6,2023-08-04,6512188.995000001,56,11513940.995000001,,,,,,,,,,,,,,,,,
2023-08-07,5254.4000000003725,320,28293894.4,2023-08-07,184652.60500000045,260,23169172.605,2023-08-07,981952.9800000049,67,6904886.980000005,6,2023-08-07,6512188.995000001,56,11462700.995000001,,,,,,,,,,,,,,,,,
2023-08-08,5254.4000000003725,320,28512454.4,2023-08-08,184652.60500000045,260,23346752.605,2023-08-08,981952.9800000049,67,6950647.980000005,6,2023-08-08,6512188.995000001,56,11500948.995000001,,,,,,,,,,,,,,,,,
2023-08-09,5254.4000000003725,320,28461574.4,2023-08-09,184652.60500000045,260,23305412.605,2023-08-09,981952.9800000049,67,6939994.980000005,6,2023-08-09,6512188.995000001,56,11492044.995000001,,,,,,,,,,,,,,,,,
2023-08-10,5254.4000000003725,320,28222854.4,2023-08-10,184652.60500000045,260,23111452.605,2023-08-10,981952.9800000049,67,6890012.980000005,6,2023-08-10,6512188.995000001,56,11450268.995000001,,,,,,,,,,,,,,,,,
2023-08-11,5254.4000000003725,320,28333574.4,2023-08-11,184652.60500000045,260,23201412.605,2023-08-11,981952.9800000049,67,6913194.980000005,6,2023-08-11,6512188.995000001,56,11469644.995000001,,,,,,,,,,,,,,,,,
2023-08-14,5254.4000000003725,320,28208774.4,2023-08-14,184652.60500000045,260,23100012.605,2023-08-14,981952.9800000049,67,6887064.980000005,6,2023-08-14,6512188.995000001,56,11447804.995000001,,,,,,,,,,,,,,,,,
2023-08-16,5254.4000000003725,320,28433414.4,2023-08-16,184652.60500000045,260,23282532.605,2023-08-16,981952.9800000049,67,6934098.980000005,6,2023-08-16,6512188.995000001,56,11487116.995000001,,,,,,,,,,,,,,,,,
2023-08-17,5254.4000000003725,320,28218054.4,2023-08-17,184652.60500000045,260,23107552.605,2023-08-17,981952.9800000049,67,6889007.980000005,6,2023-08-17,6512188.995000001,56,11449428.995000001,,,,,,,,,,,,,,,,,
2023-08-18,5254.4000000003725,320,27805254.4,2023-08-18,184652.60500000045,260,22772152.605,2023-08-18,981952.9800000049,67,6802577.980000005,6,2023-08-18,6512188.995000001,56,11377188.995000001,,,,,,,,,,,,,,,,,
2023-08-21,5254.4000000003725,320,27868294.4,2023-08-21,184652.60500000045,260,22823372.605,2023-08-21,981952.9800000049,67,6815776.980000005,6,2023-08-21,6512188.995000001,56,11388220.995000001,,,,,,,,,,,,,,,,,
2023-08-22,5254.4000000003725,320,28211974.4,2023-08-22,184652.60500000045,260,23102612.605,2023-08-22,981952.9800000049,67,6887734.980000005,6,2023-08-22,6512188.995000001,56,11448364.995000001,,,,,,,,,,,,,,,,,
2023-08-23,5254.4000000003725,320,28354054.4,2023-08-23,184652.60500000045,260,23218052.605,2023-08-23,981952.9800000049,67,6917482.980000005,6,2023-08-23,6512188.995000001,56,11473228.995000001,,,,,,,,,,,,,,,,,
2023-08-24,5254.4000000003725,320,28638854.4,2023-08-24,184652.60500000045,260,23449452.605,2023-08-24,981952.9800000049,67,6977112.980000005,6,2023-08-24,6512188.995000001,56,11523068.995000001,,,,,,,,,,,,,,,,,
2023-08-25,5254.4000000003725,320,27678534.4,2023-08-25,184652.60500000045,260,22669192.605,2023-08-25,981952.9800000049,67,6776045.980000005,6,2023-08-25,6512188.995000001,56,11355012.995000001,,,,,,,,,,,,,,,,,
2023-08-28,5254.4000000003725,320,27978694.4,2023-08-28,184652.60500000045,260,22913072.605,2023-08-28,981952.9800000049,67,6838891.980000005,6,2023-08-28,6512188.995000001,56,11407540.995000001,,,,,,,,,,,,,,,,,
2023-08-29,5254.4000000003725,320,28175174.4,2023-08-29,184652.60500000045,260,23072712.605,2023-08-29,981952.9800000049,67,6880029.980000005,6,2023-08-29,6512188.995000001,56,11441924.995000001,,,,,,,,,,,,,,,,,
2023-08-30,5254.4000000003725,320,28764934.4,2023-08-30,184652.60500000045,260,23551892.605,2023-08-30,981952.9800000049,67,7003510.980000005,6,2023-08-30,6512188.995000001,56,11545132.995000001,,,,,,,,,,,,,,,,,
2023-08-31,5254.4000000003725,320,28902854.4,2023-08-31,184652.60500000045,260,23663952.605,2023-08-31,1886809.0800000047,55,6853584.080000005,5,2023-08-31,6512188.995000001,56,11569268.995000001,,,,,,,,,,,,,,,,,
2023-09-01,5254.4000000003725,320,28874374.4,2023-09-01,184652.60500000045,260,23640812.605,2023-09-01,971116.6800000048,65,6835156.680000005,6,2023-09-01,6420619.755000001,57,11562931.755,,,,,,,,,,,,,,,,,
2023-09-04,5254.4000000003725,320,28939654.4,2023-09-04,184652.60500000045,260,23693852.605,2023-09-04,971116.6800000048,65,6848416.680000005,6,2023-09-04,6420619.755000001,57,11574559.755,,,,,,,,,,,,,,,,,
2023-09-05,5254.4000000003725,320,29094214.4,2023-09-05,184652.60500000045,260,23819432.605,2023-09-05,971116.6800000048,65,6879811.680000005,6,2023-09-05,6420619.755000001,57,11602090.755,,,,,,,,,,,,,,,,,
2023-09-06,5254.4000000003725,320,29137414.4,2023-09-06,184652.60500000045,260,23854532.605,2023-09-06,971116.6800000048,65,6888586.680000005,6,2023-09-06,6420619.755000001,57,11609785.755,,,,,,,,,,,,,,,,,
2023-09-07,5254.4000000003725,320,28914054.4,2023-09-07,184652.60500000045,260,23673052.605,2023-09-07,971116.6800000048,65,6843216.680000005,6,2023-09-07,6420619.755000001,57,11569999.755,,,,,,,,,,,,,,,,,
2023-09-08,5254.4000000003725,320,28850694.4,2023-09-08,184652.60500000045,260,23621572.605,2023-09-08,971116.6800000048,65,6830346.680000005,6,2023-09-08,6420619.755000001,57,11558713.755,,,,,,,,,,,,,,,,,
2023-09-11,5254.4000000003725,320,28888774.4,2023-09-11,184652.60500000045,260,23652512.605,2023-09-11,971116.6800000048,65,6838081.680000005,6,2023-09-11,6420619.755000001,57,11565496.755,,,,,,,,,,,,,,,,,
2023-09-12,5254.4000000003725,320,29015494.4,2023-09-12,184652.60500000045,260,23755472.605,2023-09-12,971116.6800000048,65,6863821.680000005,6,2023-09-12,6420619.755000001,57,11588068.755,,,,,,,,,,,,,,,,,
2023-09-13,5254.4000000003725,320,28717894.4,2023-09-13,184652.60500000045,260,23513672.605,2023-09-13,971116.6800000048,65,6803371.680000005,6,2023-09-13,6420619.755000001,57,11535058.755,,,,,,,,,,,,,,,,,
2023-09-14,5254.4000000003725,320,28910854.4,2023-09-14,184652.60500000045,260,23670452.605,2023-09-14,971116.6800000048,65,6842566.680000005,6,2023-09-14,6420619.755000001,57,11569429.755,,,,,,,,,,,,,,,,,
2023-09-15,5254.4000000003725,320,29079814.4,2023-09-15,184652.60500000045,260,23807732.605,2023-09-15,971116.6800000048,65,6876886.680000005,6,2023-09-15,6420619.755000001,57,11599525.755,,,,,,,,,,,,,,,,,
2023-09-18,5254.4000000003725,320,28510854.4,2023-09-18,184652.60500000045,260,23345452.605,2023-09-18,971116.6800000048,65,6761316.680000005,6,2023-09-18,6420619.755000001,57,11498179.755,,,,,,,,,,,,,,,,,
2023-09-19,5254.4000000003725,320,28545414.4,2023-09-19,184652.60500000045,260,23373532.605,2023-09-19,971116.6800000048,65,6768336.680000005,6,2023-09-19,6420619.755000001,57,11504335.755,,,,,,,,,,,,,,,,,
2023-09-20,5254.4000000003725,320,28583814.4,2023-09-20,184652.60500000045,260,23404732.605,2023-09-20,971116.6800000048,65,6776136.680000005,6,2023-09-20,6420619.755000001,57,11511175.755,,,,,,,,,,,,,,,,,
2023-09-21,5254.4000000003725,320,28270214.4,2023-09-21,184652.60500000045,260,23149932.605,2023-09-21,971116.6800000048,65,6712436.680000005,6,2023-09-21,6420619.755000001,57,11455315.755,,,,,,,,,,,,,,,,,
2023-09-22,5254.4000000003725,320,27973894.4,2023-09-22,184652.60500000045,260,22909172.605,2023-09-22,971116.6800000048,65,6652246.680000005,6,2023-09-22,6420619.755000001,57,11402533.755,,,,,,,,,,,,,,,,,
2023-09-25,5254.4000000003725,320,27857414.4,2023-09-25,184652.60500000045,260,22814532.605,2023-09-25,971116.6800000048,65,6628586.680000005,6,2023-09-25,6420619.755000001,57,11381785.755,,,,,,,,,,,,,,,,,
2023-09-26,5254.4000000003725,320,27988294.4,2023-09-26,184652.60500000045,260,22920872.605,2023-09-26,971116.6800000048,65,6655171.680000005,6,2023-09-26,6420619.755000001,57,11405098.755,,,,,,,,,,,,,,,,,
2023-09-27,5254.4000000003725,320,27863814.4,2023-09-27,184652.60500000045,260,22819732.605,2023-09-27,971116.6800000048,65,6629886.680000005,6,2023-09-27,6420619.755000001,57,11382925.755,,,,,,,,,,,,,,,,,
2023-10-04,5254.4000000003725,320,27873094.4,2023-10-04,184652.60500000045,260,22827272.605,2023-10-04,971116.6800000048,65,6631771.680000005,6,2023-10-04,6332226.450000001,58,11383272.450000001,,,,,,,,,,,,,,,,,
2023-10-05,5254.4000000003725,320,28194374.4,2023-10-05,184652.60500000045,260,23088312.605,2023-10-05,971116.6800000048,65,6697031.680000005,6,2023-10-05,6332226.450000001,58,11441504.450000001,,,,,,,,,,,,,,,,,
2023-10-06,5254.4000000003725,320,28099334.4,2023-10-06,184652.60500000045,260,23011092.605,2023-10-06,971116.6800000048,65,6677726.680000005,6,2023-10-06,6332226.450000001,58,11424278.450000001,,,,,,,,,,,,,,,,,
2023-10-10,5254.4000000003725,320,28755334.4,2023-10-10,184652.60500000045,260,23544092.605,2023-10-10,971116.6800000048,65,6810976.680000005,6,2023-10-10,6332226.450000001,58,11543178.450000001,,,,,,,,,,,,,,,,,
2023-10-11,5254.4000000003725,320,28716294.4,2023-10-11,184652.60500000045,260,23512372.605,2023-10-11,971116.6800000048,65,6803046.680000005,6,2023-10-11,6332226.450000001,58,11536102.450000001,,,,,,,,,,,,,,,,,
2023-10-12,5254.4000000003725,320,28969094.4,2023-10-12,184652.60500000045,260,23717772.605,2023-10-12,971116.6800000048,65,6854396.680000005,6,2023-10-12,6332226.450000001,58,11581922.450000001,,,,,,,,,,,,,,,,,
2023-10-13,5254.4000000003725,320,28964614.4,2023-10-13,184652.60500000045,260,23714132.605,2023-10-13,971116.6800000048,65,6853486.680000005,6,2023-10-13,6332226.450000001,58,11581110.450000001,,,,,,,,,,,,,,,,,
2023-10-16,5254.4000000003725,320,28803334.4,2023-10-16,184652.60500000045,260,23583092.605,2023-10-16,971116.6800000048,65,6820726.680000005,6,2023-10-16,6332226.450000001,58,11551878.450000001,,,,,,,,,,,,,,,,,
2023-10-17,5254.4000000003725,320,28993094.4,2023-10-17,184652.60500000045,260,23737272.605,2023-10-17,971116.6800000048,65,6859271.680000005,6,2023-10-17,6332226.450000001,58,11586272.450000001,,,,,,,,,,,,,,,,,
2023-10-18,5254.4000000003725,320,28793734.4,2023-10-18,184652.60500000045,260,23575292.605,2023-10-18,971116.6800000048,65,6818776.680000005,6,2023-10-18,6332226.450000001,58,11550138.450000001,,,,,,,,,,,,,,,,,
2023-10-19,5254.4000000003725,320,28564614.4,2023-10-19,184652.60500000045,260,23389132.605,2023-10-19,971116.6800000048,65,6772236.680000005,6,2023-10-19,6332226.450000001,58,11508610.450000001,,,,,,,,,,,,,,,,,
2023-10-20,5254.4000000003725,320,28132294.4,2023-10-20,184652.60500000045,260,23037872.605,2023-10-20,971116.6800000048,65,6684421.680000005,6,2023-10-20,6332226.450000001,58,11430252.450000001,,,,,,,,,,,,,,,,,
2023-10-23,5254.4000000003725,320,27950854.4,2023-10-23,184652.60500000045,260,22890452.605,2023-10-23,971116.6800000048,65,6647566.680000005,6,2023-10-23,6332226.450000001,58,11397366.450000001,,,,,,,,,,,,,,,,,
2023-10-24,5254.4000000003725,320,27887494.4,2023-10-24,184652.60500000045,260,22838972.605,2023-10-24,971116.6800000048,65,6634696.680000005,6,2023-10-24,6332226.450000001,58,11385882.450000001,,,,,,,,,,,,,,,,,
2023-10-25,5254.4000000003725,320,27997894.4,2023-10-25,184652.60500000045,260,22928672.605,2023-10-25,971116.6800000048,65,6657121.680000005,6,2023-10-25,6332226.450000001,58,11405892.450000001,,,,,,,,,,,,,,,,,
2023-10-26,5254.4000000003725,320,27366854.4,2023-10-26,184652.60500000045,260,22415952.605,2023-10-26,971116.6800000048,65,6528941.680000005,6,2023-10-26,6332226.450000001,58,11291516.450000001,,,,,,,,,,,,,,,,,
2023-10-27,5254.4000000003725,320,27281734.4,2023-10-27,184652.60500000045,260,22346792.605,2023-10-27,971116.6800000048,65,6511651.680000005,6,2023-10-27,6332226.450000001,58,11276088.450000001,,,,,,,,,,,,,,,,,
2023-10-30,5254.4000000003725,320,27246854.4,2023-10-30,184652.60500000045,260,22318452.605,2023-10-30,971116.6800000048,65,6504566.680000005,6,2023-10-30,6332226.450000001,58,11269766.450000001,,,,,,,,,,,,,,,,,
2023-10-31,5254.4000000003725,320,27231174.4,2023-10-31,184652.60500000045,260,22305712.605,2023-10-31,971116.6800000048,65,6501381.680000005,6,2023-10-31,6332226.450000001,58,11266924.450000001,,,,,,,,,,,,,,,,,
2023-11-01,5254.4000000003725,320,27639814.4,2023-11-01,184652.60500000045,260,22637732.605,2023-11-01,971116.6800000048,65,6584386.680000005,6,2023-11-01,6244573.080000001,59,11339695.080000002,,,,,,,,,,,,,,,,,
2023-11-02,5254.4000000003725,320,27950534.4,2023-11-02,184652.60500000045,260,22890192.605,2023-11-02,971116.6800000048,65,6647501.680000005,6,2023-11-02,6244573.080000001,59,11396984.080000002,,,,,,,,,,,,,,,,,
2023-11-03,5254.4000000003725,320,27834694.4,2023-11-03,184652.60500000045,260,22796072.605,2023-11-03,971116.6800000048,65,6623971.680000005,6,2023-11-03,6244573.080000001,59,11375626.080000002,,,,,,,,,,,,,,,,,
2023-11-06,5254.4000000003725,320,27729734.4,2023-11-06,184652.60500000045,260,22710792.605,2023-11-06,971116.6800000048,65,6602651.680000005,6,2023-11-06,6244573.080000001,59,11356274.080000002,,,,,,,,,,,,,,,,,
2023-11-07,5254.4000000003725,320,27973574.4,2023-11-07,184652.60500000045,260,22908912.605,2023-11-07,971116.6800000048,65,6652181.680000005,6,2023-11-07,6244573.080000001,59,11401232.080000002,,,,,,,,,,,,,,,,,
2023-11-08,5254.4000000003725,320,28301574.4,2023-11-08,184652.60500000045,260,23175412.605,2023-11-08,971116.6800000048,65,6718806.680000005,6,2023-11-08,6244573.080000001,59,11461707.080000002,,,,,,,,,,,,,,,,,
2023-11-09,5254.4000000003725,320,28354054.4,2023-11-09,184652.60500000045,260,23218052.605,2023-11-09,971116.6800000048,65,6729466.680000005,6,2023-11-09,6244573.080000001,59,11471383.080000002,,,,,,,,,,,,,,,,,
2023-11-10,5254.4000000003725,320,28274694.4,2023-11-10,184652.60500000045,260,23153572.605,2023-11-10,971116.6800000048,65,6713346.680000005,6,2023-11-10,6244573.080000001,59,11456751.080000002,,,,,,,,,,,,,,,,,
2023-11-13,5254.4000000003725,320,28974854.4,2023-11-13,184652.60500000045,260,23722452.605,2023-11-13,971116.6800000048,65,6855566.680000005,6,2023-11-13,6244573.080000001,59,11585843.080000002,,,,,,,,,,,,,,,,,
2023-11-14,5254.4000000003725,320,29159494.4,2023-11-14,184652.60500000045,260,23872472.605,2023-11-14,971116.6800000048,65,6893071.680000005,6,2023-11-14,6244573.080000001,59,11619886.080000002,,,,,,,,,,,,,,,,,
2023-11-15,5254.4000000003725,320,29201734.4,2023-11-15,184652.60500000045,260,23906792.605,2023-11-15,971116.6800000048,65,6901651.680000005,6,2023-11-15,6244573.080000001,59,11627674.080000002,,,,,,,,,,,,,,,,,
2023-11-16,5254.4000000003725,320,29008454.4,2023-11-16,184652.60500000045,260,23749752.605,2023-11-16,971116.6800000048,65,6862391.680000005,6,2023-11-16,6244573.080000001,59,11592038.080000002,,,,,,,,,,,,,,,,,
2023-11-17,5254.4000000003725,320,29042054.4,2023-11-17,184652.60500000045,260,23777052.605,2023-11-17,971116.6800000048,65,6869216.680000005,6,2023-11-17,6244573.080000001,59,11598233.080000002,,,,,,,,,,,,,,,,,
2023-11-20,5254.4000000003725,320,28860934.4,2023-11-20,184652.60500000045,260,23629892.605,2023-11-20,971116.6800000048,65,6832426.680000005,6,2023-11-20,6244573.080000001,59,11564839.080000002,,,,,,,,,,,,,,,,,
2023-11-21,5254.4000000003725,320,29266054.4,2023-11-21,184652.60500000045,260,23959052.605,2023-11-21,971116.6800000048,65,6914716.680000005,6,2023-11-21,6244573.080000001,59,11639533.080000002,,,,,,,,,,,,,,,,,
2023-11-22,5254.4000000003725,320,29258374.4,2023-11-22,184652.60500000045,260,23952812.605,2023-11-22,971116.6800000048,65,6913156.680000005,6,2023-11-22,6244573.080000001,59,11638117.080000002,,,,,,,,,,,,,,,,,
2023-11-23,5254.4000000003725,320,29425094.4,2023-11-23,184652.60500000045,260,24088272.605,2023-11-23,971116.6800000048,65,6947021.680000005,6,2023-11-23,6244573.080000001,59,11668856.080000002,,,,,,,,,,,,,,,,,
2023-11-24,5254.4000000003725,320,29580294.4,2023-11-24,184652.60500000045,260,24214372.605,2023-11-24,1820012.7500000047,54,6810800.750000005,5,2023-11-24,6244573.080000001,59,11697471.080000002,,,,,,,,,,,,,,,,,
2023-11-27,5254.4000000003725,320,29366534.4,2023-11-27,184652.60500000045,260,24040692.605,2023-11-27,888709.6500000048,64,6760965.650000005,6,2023-11-27,6244573.080000001,59,11658059.080000002,,,,,,,,,,,,,,,,,
2023-11-28,5254.4000000003725,320,29237894.4,2023-11-28,184652.60500000045,260,23936172.605,2023-11-28,888709.6500000048,64,6735237.650000005,6,2023-11-28,6244573.080000001,59,11634341.080000002,,,,,,,,,,,,,,,,,
2023-11-29,5254.4000000003725,320,29250374.4,2023-11-29,184652.60500000045,260,23946312.605,2023-11-29,888709.6500000048,64,6737733.650000005,6,2023-11-29,6244573.080000001,59,11636642.080000002,,,,,,,,,,,,,,,,,
2023-11-30,5254.4000000003725,320,29274054.4,2023-11-30,184652.60500000045,260,23965552.605,2023-11-30,888709.6500000048,64,6742469.650000005,6,2023-11-30,6244573.080000001,59,11641008.080000002,,,,,,,,,,,,,,,,,
2023-12-01,5254.4000000003725,320,29434694.4,2023-12-01,184652.60500000045,260,24096072.605,2023-12-01,888709.6500000048,64,6774597.650000005,6,2023-12-01,6151226.575000001,60,11669246.575000001,,,,,,,,,,,,,,,,,
2023-12-04,5254.4000000003725,320,29462854.4,2023-12-04,184652.60500000045,260,24118952.605,2023-12-04,888709.6500000048,64,6780229.650000005,6,2023-12-04,6151226.575000001,60,11674526.575000001,,,,,,,,,,,,,,,,,
2023-12-05,5254.4000000003725,320,29318854.4,2023-12-05,184652.60500000045,260,24001952.605,2023-12-05,888709.6500000048,64,6751429.650000005,6,2023-12-05,6151226.575000001,60,11647526.575000001,,,,,,,,,,,,,,,,,
2023-12-06,5254.4000000003725,320,29642374.4,2023-12-06,184652.60500000045,260,24264812.605,2023-12-06,888709.6500000048,64,6816133.650000005,6,2023-12-06,6151226.575000001,60,11708186.575000001,,,,,,,,,,,,,,,,,
2023-12-07,5254.4000000003725,320,29623494.4,2023-12-07,184652.60500000045,260,24249472.605,2023-12-07,888709.6500000048,64,6812357.650000005,6,2023-12-07,6151226.575000001,60,11704646.575000001,,,,,,,,,,,,,,,,,
2023-12-08,5254.4000000003725,320,29609094.4,2023-12-08,184652.60500000045,260,24237772.605,2023-12-08,888709.6500000048,64,6809477.650000005,6,2023-12-08,6151226.575000001,60,11701946.575000001,,,,,,,,,,,,,,,,,
2023-12-11,5254.4000000003725,320,29942854.4,2023-12-11,184652.60500000045,260,24508952.605,2023-12-11,1748012.3250000048,53,6706427.325000005,5,2023-12-11,6151226.575000001,60,11764526.575000001,,,,,,,,,,,,,,,,,
2023-12-12,5254.4000000003725,320,30240774.4,2023-12-12,184652.60500000045,260,24751012.605,2023-12-12,788979.4250000049,63,6741597.4250000045,6,2023-12-12,6151226.575000001,60,11820386.575000001,,,,,,,,,,,,,,,,,
2023-12-13,5254.4000000003725,320,30581574.4,2023-12-13,184652.60500000045,260,25027912.605,2023-12-13,1666615.360000005,52,6635267.360000005,5,2023-12-13,6151226.575000001,60,11884286.575000001,,,,,,,,,,,,,,,,,
2023-12-14,5254.4000000003725,320,30562374.4,2023-12-14,184652.60500000045,260,25012312.605,2023-12-14,1666615.360000005,52,6632147.360000005,5,2023-12-14,6151226.575000001,60,11880686.575000001,,,,,,,,,,,,,,,,,
2023-12-15,5254.4000000003725,320,30379014.4,2023-12-15,184652.60500000045,260,24863332.605,2023-12-15,1666615.360000005,52,6602351.360000005,5,2023-12-15,6151226.575000001,60,11846306.575000001,,,,,,,,,,,,,,,,,
2023-12-18,5254.4000000003725,320,30603654.4,2023-12-18,184652.60500000045,260,25045852.605,2023-12-18,1666615.360000005,52,6638855.360000005,5,2023-12-18,6151226.575000001,60,11888426.575000001,,,,,,,,,,,,,,,,,
2023-12-19,5254.4000000003725,320,30945734.4,2023-12-19,184652.60500000045,260,25323792.605,2023-12-19,3442792.2900000047,30,6343462.290000005,3,2023-12-19,6151226.575000001,60,11952566.575000001,,,,,,,,,,,,,,,,,
2023-12-20,5254.4000000003725,320,30944134.4,2023-12-20,184652.60500000045,260,25322492.605,2023-12-20,3442792.2900000047,30,6343312.290000005,3,2023-12-20,6151226.575000001,60,11952266.575000001,,,,,,,,,,,,,,,,,
2023-12-21,5254.4000000003725,320,30749254.4,2023-12-21,184652.60500000045,260,25164152.605,2023-12-21,3442792.2900000047,30,6325042.290000005,3,2023-12-21,6151226.575000001,60,11915726.575000001,,,,,,,,,,,,,,,,,
2023-12-22,5254.4000000003725,320,30796934.4,2023-12-22,184652.60500000045,260,25202892.605,2023-12-22,3442792.2900000047,30,6329512.290000005,3,2023-12-22,6151226.575000001,60,11924666.575000001,,,,,,,,,,,,,,,,,
2023-12-26,5254.4000000003725,320,30839494.4,2023-12-26,184652.60500000045,260,25237472.605,2023-12-26,3442792.2900000047,30,6333502.290000005,3,2023-12-26,6151226.575000001,60,11932646.575000001,,,,,,,,,,,,,,,,,
2023-12-27,5254.4000000003725,320,30958534.4,2023-12-27,184652.60500000045,260,25334192.605,2023-12-27,3442792.2900000047,30,6344662.290000005,3,2023-12-27,6151226.575000001,60,11954966.575000001,,,,,,,,,,,,,,,,,
2023-12-28,5254.4000000003725,320,30933254.4,2023-12-28,184652.60500000045,260,25313652.605,2023-12-28,3442792.2900000047,30,6342292.290000005,3,2023-12-28,6151226.575000001,60,11950226.575000001,,,,,,,,,,,,,,,,,
2024-01-02,5254.4000000003725,320,30993414.4,2024-01-02,184652.60500000045,260,25362532.605,2024-01-02,2459886.5900000045,40,6333406.5900000045,4,2024-01-02,6052936.005000001,61,11960054.005,,,,,,,,,,,,,,,,,
2024-01-03,5254.4000000003725,320,30557574.4,2024-01-03,184652.60500000045,260,25008412.605,2024-01-03,2459886.5900000045,40,6278926.5900000045,4,2024-01-03,6052936.005000001,61,11876972.005,,,,,,,,,,,,,,,,,
2024-01-04,5254.4000000003725,320,30396294.4,2024-01-04,184652.60500000045,260,24877372.605,2024-01-04,2459886.5900000045,40,6258766.5900000045,4,2024-01-04,6052936.005000001,61,11846228.005,,,,,,,,,,,,,,,,,
2024-01-05,5254.4000000003725,320,30298054.4,2024-01-05,184652.60500000045,260,24797552.605,2024-01-05,2459886.5900000045,40,6246486.5900000045,4,2024-01-05,6052936.005000001,61,11827501.005,,,,,,,,,,,,,,,,,
2024-01-08,5254.4000000003725,320,30367814.4,2024-01-08,184652.60500000045,260,24854232.605,2024-01-08,2459886.5900000045,40,6255206.5900000045,4,2024-01-08,6052936.005000001,61,11840799.005,,,,,,,,,,,,,,,,,
2024-01-09,5254.4000000003725,320,30974214.4,2024-01-09,184652.60500000045,260,25346932.605,2024-01-09,2459886.5900000045,40,6331006.5900000045,4,2024-01-09,6052936.005000001,61,11956394.005,,,,,,,,,,,,,,,,,
2024-01-10,5254.4000000003725,320,31167494.4,2024-01-10,184652.60500000045,260,25503972.605,2024-01-10,2459886.5900000045,40,6355166.5900000045,4,2024-01-10,6052936.005000001,61,11993238.005,,,,,,,,,,,,,,,,,
2024-01-11,5254.4000000003725,320,31327494.4,2024-01-11,184652.60500000045,260,25633972.605,2024-01-11,2459886.5900000045,40,6375166.5900000045,4,2024-01-11,6052936.005000001,61,12023738.005,,,,,,,,,,,,,,,,,
2024-01-12,5254.4000000003725,320,31259014.4,2024-01-12,184652.60500000045,260,25578332.605,2024-01-12,2459886.5900000045,40,6366606.5900000045,4,2024-01-12,6052936.005000001,61,12010684.005,,,,,,,,,,,,,,,,,
2024-01-15,5254.4000000003725,320,31521094.4,2024-01-15,184652.60500000045,260,25791272.605,2024-01-15,2459886.5900000045,40,6399366.5900000045,4,2024-01-15,6052936.005000001,61,12060643.005,,,,,,,,,,,,,,,,,
2024-01-16,5254.4000000003725,320,31562374.4,2024-01-16,184652.60500000045,260,25824812.605,2024-01-16,2459886.5900000045,40,6404526.5900000045,4,2024-01-16,6052936.005000001,61,12068512.005,,,,,,,,,,,,,,,,,
2024-01-17,5254.4000000003725,320,31815814.4,2024-01-17,184652.60500000045,260,26030732.605,2024-01-17,3289943.3900000043,30,6272183.390000004,3,2024-01-17,6052936.005000001,61,12116824.005,,,,,,,,,,,,,,,,,
2024-01-18,5254.4000000003725,320,31760134.4,2024-01-18,184652.60500000045,260,25985492.605,2024-01-18,3289943.3900000043,30,6266963.390000004,3,2024-01-18,6052936.005000001,61,12106210.005,,,,,,,,,,,,,,,,,
2024-01-19,5254.4000000003725,320,32273414.4,2024-01-19,184652.60500000045,260,26402532.605,2024-01-19,3289943.3900000043,30,6315083.390000004,3,2024-01-19,6052936.005000001,61,12204054.005,,,,,,,,,,,,,,,,,
2024-01-22,5254.4000000003725,320,32995654.4,2024-01-22,184652.60500000045,260,26989352.605,2024-01-22,4150786.6400000043,20,6212686.640000004,2,2024-01-22,6052936.005000001,61,12341731.005,,,,,,,,,,,,,,,,,
2024-01-23,5254.4000000003725,320,32747334.4,2024-01-23,184652.60500000045,260,26787592.605,2024-01-23,4150786.6400000043,20,6197166.640000004,2,2024-01-23,6052936.005000001,61,12294395.005,,,,,,,,,,,,,,,,,
2024-01-24,5254.4000000003725,320,33100294.4,2024-01-24,184652.60500000045,260,27074372.605,2024-01-24,4150786.6400000043,20,6219226.640000004,2,2024-01-24,6052936.005000001,61,12361678.005,,,,,,,,,,,,,,,,,
2024-01-25,5254.4000000003725,320,33106694.4,2024-01-25,184652.60500000045,260,27079572.605,2024-01-25,4150786.6400000043,20,6219626.640000004,2,2024-01-25,6052936.005000001,61,12362898.005,,,,,,,,,,,,,,,,,
2024-01-26,5254.4000000003725,320,32895814.4,2024-01-26,184652.60500000045,260,26908232.605,2024-01-26,4150786.6400000043,20,6206446.640000004,2,2024-01-26,6052936.005000001,61,12322699.005,,,,,,,,,,,,,,,,,
2024-01-29,5254.4000000003725,320,32981574.4,2024-01-29,184652.60500000045,260,26977912.605,2024-01-29,4150786.6400000043,20,6211806.640000004,2,2024-01-29,6052936.005000001,61,12339047.005,,,,,,,,,,,,,,,,,
2024-01-30,5254.4000000003725,320,33113414.4,2024-01-30,184652.60500000045,260,27085032.605,2024-01-30,4150786.6400000043,20,6220046.640000004,2,2024-01-30,6052936.005000001,61,12364179.005,,,,,,,,,,,,,,,,,
2024-01-31,5254.4000000003725,320,32775174.4,2024-01-31,184652.60500000045,260,26810212.605,2024-01-31,4150786.6400000043,20,6198906.640000004,2,2024-01-31,6052936.005000001,61,12299702.005,,,,,,,,,,,,,,,,,
2024-02-01,5254.4000000003725,320,32408774.4,2024-02-01,184652.60500000045,260,26512512.605,2024-02-01,3225767.4050000045,29,6162336.405000005,3,2024-02-01,5950156.090000001,62,12228338.09,,,,,,,,,,,,,,,,,
2024-02-02,5254.4000000003725,320,32803974.4,2024-02-02,184652.60500000045,260,26833612.605,2024-02-02,3225767.4050000045,29,6198151.405000005,3,2024-02-02,5950156.090000001,62,12304908.09,,,,,,,,,,,,,,,,,
2024-02-05,5254.4000000003725,320,33187974.4,2024-02-05,184652.60500000045,260,27145612.605,2024-02-05,3225767.4050000045,29,6232951.405000005,3,2024-02-05,5950156.090000001,62,12379308.09,,,,,,,,,,,,,,,,,
2024-02-06,5254.4000000003725,320,33164294.4,2024-02-06,184652.60500000045,260,27126372.605,2024-02-06,3225767.4050000045,29,6230805.405000005,3,2024-02-06,5950156.090000001,62,12374720.09,,,,,,,,,,,,,,,,,
2024-02-07,5254.4000000003725,320,33003974.4,2024-02-07,184652.60500000045,260,26996112.605,2024-02-07,3225767.4050000045,29,6216276.405000005,3,2024-02-07,5950156.090000001,62,12343658.09,,,,,,,,,,,,,,,,,
2024-02-08,5254.4000000003725,320,33405254.4,2024-02-08,184652.60500000045,260,27322152.605,2024-02-08,4097298.6550000045,19,6080423.655000005,2,2024-02-08,5950156.090000001,62,12421406.09,,,,,,,,,,,,,,,,,
2024-02-13,5254.4000000003725,320,33624454.4,2024-02-13,184652.60500000045,260,27500252.605,2024-02-13,4097298.6550000045,19,6093438.655000005,2,2024-02-13,5950156.090000001,62,12463876.09,,,,,,,,,,,,,,,,,
2024-02-14,5254.4000000003725,320,33331014.4,2024-02-14,184652.60500000045,260,27261832.605,2024-02-14,4097298.6550000045,19,6076015.655000005,2,2024-02-14,5950156.090000001,62,12407022.09,,,,,,,,,,,,,,,,,
2024-02-15,5254.4000000003725,320,33643334.4,2024-02-15,184652.60500000045,260,27515592.605,2024-02-15,4097298.6550000045,19,6094559.655000005,2,2024-02-15,5950156.090000001,62,12467534.09,,,,,,,,,,,,,,,,,
2024-02-16,5254.4000000003725,320,33791494.4,2024-02-16,184652.60500000045,260,27635972.605,2024-02-16,4097298.6550000045,19,6103356.655000005,2,2024-02-16,5950156.090000001,62,12496240.09,,,,,,,,,,,,,,,,,
2024-02-19,5254.4000000003725,320,33513414.4,2024-02-19,184652.60500000045,260,27410032.605,2024-02-19,4097298.6550000045,19,6086845.655000005,2,2024-02-19,5950156.090000001,62,12442362.09,,,,,,,,,,,,,,,,,
2024-02-20,5254.4000000003725,320,33435334.4,2024-02-20,184652.60500000045,260,27346592.605,2024-02-20,4097298.6550000045,19,6082209.655000005,2,2024-02-20,5950156.090000001,62,12427234.09,,,,,,,,,,,,,,,,,
2024-02-21,5254.4000000003725,320,33081414.4,2024-02-21,184652.60500000045,260,27059032.605,2024-02-21,4097298.6550000045,19,6061195.655000005,2,2024-02-21,5950156.090000001,62,12358662.09,,,,,,,,,,,,,,,,,
2024-02-22,5254.4000000003725,320,33392774.4,2024-02-22,184652.60500000045,260,27312012.605,2024-02-22,4097298.6550000045,19,6079682.655000005,2,2024-02-22,5950156.090000001,62,12418988.09,,,,,,,,,,,,,,,,,
2024-02-23,5254.4000000003725,320,33917894.4,2024-02-23,184652.60500000045,260,27738672.605,2024-02-23,4097298.6550000045,19,6110861.655000005,2,2024-02-23,5950156.090000001,62,12520730.09,,,,,,,,,,,,,,,,,
2024-02-26,5254.4000000003725,320,33751494.4,2024-02-26,184652.60500000045,260,27603472.605,2024-02-26,4097298.6550000045,19,6100981.655000005,2,2024-02-26,5950156.090000001,62,12488490.09,,,,,,,,,,,,,,,,,
2024-02-27,5254.4000000003725,320,33732294.4,2024-02-27,184652.60500000045,260,27587872.605,2024-02-27,4097298.6550000045,19,6099841.655000005,2,2024-02-27,5950156.090000001,62,12484770.09,,,,,,,,,,,,,,,,,
2024-02-28,5254.4000000003725,320,33900294.4,2024-02-28,184652.60500000045,260,27724372.605,2024-02-28,4097298.6550000045,19,6109816.655000005,2,2024-02-28,5950156.090000001,62,12517320.09,,,,,,,,,,,,,,,,,
2024-02-29,5254.4000000003725,320,33706694.4,2024-02-29,184652.60500000045,260,27567072.605,2024-02-29,4097298.6550000045,19,6098321.655000005,2,2024-02-29,5950156.090000001,62,12479810.09,,,,,,,,,,,,,,,,,
2024-03-04,5254.4000000003725,320,34532614.4,2024-03-04,184652.60500000045,260,28238132.605,2024-03-04,4012598.7250000043,18,5954762.725000004,2,2024-03-04,5840639.620000001,63,12638213.620000001,,,,,,,,,,,,,,,,,
2024-03-05,5254.4000000003725,320,34319494.4,2024-03-05,184652.60500000045,260,28064972.605,2024-03-05,4012598.7250000043,18,5942774.725000004,2,2024-03-05,5840639.620000001,63,12596255.620000001,,,,,,,,,,,,,,,,,
2024-03-06,5254.4000000003725,320,33940294.4,2024-03-06,184652.60500000045,260,27756872.605,2024-03-06,4012598.7250000043,18,5921444.725000004,2,2024-03-06,5840639.620000001,63,12521600.620000001,,,,,,,,,,,,,,,,,
2024-03-07,5254.4000000003725,320,33889414.4,2024-03-07,184652.60500000045,260,27715532.605,2024-03-07,4012598.7250000043,18,5918582.725000004,2,2024-03-07,5840639.620000001,63,12511583.620000001,,,,,,,,,,,,,,,,,
2024-03-08,5254.4000000003725,320,34154694.4,2024-03-08,184652.60500000045,260,27931072.605,2024-03-08,4012598.7250000043,18,5933504.725000004,2,2024-03-08,5840639.620000001,63,12563810.620000001,,,,,,,,,,,,,,,,,
2024-03-11,5254.4000000003725,320,33406854.4,2024-03-11,184652.60500000045,260,27323452.605,2024-03-11,4012598.7250000043,18,5891438.725000004,2,2024-03-11,5840639.620000001,63,12416579.620000001,,,,,,,,,,,,,,,,,
2024-03-12,5254.4000000003725,320,33543814.4,2024-03-12,184652.60500000045,260,27434732.605,2024-03-12,4012598.7250000043,18,5899142.725000004,2,2024-03-12,5840639.620000001,63,12443543.620000001,,,,,,,,,,,,,,,,,
2024-03-13,5254.4000000003725,320,33919494.4,2024-03-13,184652.60500000045,260,27739972.605,2024-03-13,4012598.7250000043,18,5920274.725000004,2,2024-03-13,5840639.620000001,63,12517505.620000001,,,,,,,,,,,,,,,,,
2024-03-14,5254.4000000003725,320,33854854.4,2024-03-14,184652.60500000045,260,27687452.605,2024-03-14,4012598.7250000043,18,5916638.725000004,2,2024-03-14,5840639.620000001,63,12504779.620000001,,,,,,,,,,,,,,,,,
2024-03-15,5254.4000000003725,320,33832454.4,2024-03-15,184652.60500000045,260,27669252.605,2024-03-15,4012598.7250000043,18,5915378.725000004,2,2024-03-15,5840639.620000001,63,12500369.620000001,,,,,,,,,,,,,,,,,
2024-03-18,5254.4000000003725,320,33846854.4,2024-03-18,184652.60500000045,260,27680952.605,2024-03-18,4012598.7250000043,18,5916188.725000004,2,2024-03-18,5840639.620000001,63,12503204.620000001,,,,,,,,,,,,,,,,,
2024-03-19,5254.4000000003725,320,34064454.4,2024-03-19,184652.60500000045,260,27857752.605,2024-03-19,4012598.7250000043,18,5928428.725000004,2,2024-03-19,5840639.620000001,63,12546044.620000001,,,,,,,,,,,,,,,,,
2024-03-20,5254.4000000003725,320,34177094.4,2024-03-20,184652.60500000045,260,27949272.605,2024-03-20,4012598.7250000043,18,5934764.725000004,2,2024-03-20,5840639.620000001,63,12568220.620000001,,,,,,,,,,,,,,,,,
2024-03-21,5254.4000000003725,320,34436934.4,2024-03-21,184652.60500000045,260,28160392.605,2024-03-21,4012598.7250000043,18,5949380.725000004,2,2024-03-21,5840639.620000001,63,12619376.620000001,,,,,,,,,,,,,,,,,
2024-03-22,5254.4000000003725,320,34770694.4,2024-03-22,184652.60500000045,260,28431572.605,2024-03-22,4012598.7250000043,18,5968154.725000004,2,2024-03-22,5840639.620000001,63,12685085.620000001,,,,,,,,,,,,,,,,,
2024-03-25,5254.4000000003725,320,34808774.4,2024-03-25,184652.60500000045,260,28462512.605,2024-03-25,4012598.7250000043,18,5970296.725000004,2,2024-03-25,5840639.620000001,63,12692582.620000001,,,,,,,,,,,,,,,,,
2024-03-26,5254.4000000003725,320,34751814.4,2024-03-26,184652.60500000045,260,28416232.605,2024-03-26,4012598.7250000043,18,5967092.725000004,2,2024-03-26,5840639.620000001,63,12681368.620000001,,,,,,,,,,,,,,,,,
2024-03-27,5254.4000000003725,320,34916934.4,2024-03-27,184652.60500000045,260,28550392.605,2024-03-27,4012598.7250000043,18,5976380.725000004,2,2024-03-27,5840639.620000001,63,12713876.620000001,,,,,,,,,,,,,,,,,
2024-03-28,5254.4000000003725,320,34843334.4,2024-03-28,184652.60500000045,260,28490592.605,2024-03-28,4012598.7250000043,18,5972240.725000004,2,2024-03-28,5840639.620000001,63,12699386.620000001,,,,,,,,,,,,,,,,,
2024-03-29,5254.4000000003725,320,34989254.4,2024-03-29,184652.60500000045,260,28609152.605,2024-03-29,4012598.7250000043,18,5980448.725000004,2,2024-03-29,5840639.620000001,63,12728114.620000001,,,,,,,,,,,,,,,,,
2024-04-01,5254.4000000003725,320,35110214.4,2024-04-01,184652.60500000045,260,28707432.605,2024-04-01,3121810.3650000044,26,5974088.365000004,3,2024-04-01,5729291.075000001,64,12750283.075000001,,,,,,,,,,,,,,,,,
2024-04-02,5254.4000000003725,320,35018054.4,2024-04-02,184652.60500000045,260,28632552.605,2024-04-02,3121810.3650000044,26,5966600.365000004,3,2024-04-02,5729291.075000001,64,12731851.075000001,,,,,,,,,,,,,,,,,
2024-04-03,5254.4000000003725,320,34516614.4,2024-04-03,184652.60500000045,260,28225132.605,2024-04-03,3121810.3650000044,26,5925858.365000004,3,2024-04-03,5729291.075000001,64,12631563.075000001,,,,,,,,,,,,,,,,,
2024-04-04,5254.4000000003725,320,34761094.4,2024-04-04,184652.60500000045,260,28423772.605,2024-04-04,3121810.3650000044,26,5945722.365000004,3,2024-04-04,5729291.075000001,64,12680459.075000001,,,,,,,,,,,,,,,,,
2024-04-05,5254.4000000003725,320,34346694.4,2024-04-05,184652.60500000045,260,28087072.605,2024-04-05,3121810.3650000044,26,5912052.365000004,3,2024-04-05,5729291.075000001,64,12597579.075000001,,,,,,,,,,,,,,,,,
2024-04-08,5254.4000000003725,320,34713734.4,2024-04-08,184652.60500000045,260,28385292.605,2024-04-08,3121810.3650000044,26,5941874.365000004,3,2024-04-08,5729291.075000001,64,12670987.075000001,,,,,,,,,,,,,,,,,
2024-04-09,5254.4000000003725,320,34800774.4,2024-04-09,184652.60500000045,260,28456012.605,2024-04-09,3121810.3650000044,26,5948946.365000004,3,2024-04-09,5729291.075000001,64,12688395.075000001,,,,,,,,,,,,,,,,,
2024-04-11,5254.4000000003725,320,34848134.4,2024-04-11,184652.60500000045,260,28494492.605,2024-04-11,3121810.3650000044,26,5952794.365000004,3,2024-04-11,5729291.075000001,64,12697867.075000001,,,,,,,,,,,,,,,,,
2024-04-12,5254.4000000003725,320,35687814.4,2024-04-12,184652.60500000045,260,29176732.605,2024-04-12,3959792.9850000045,17,5855428.985000005,2,2024-04-12,5729291.075000001,64,12865803.075000001,,,,,,,,,,,,,,,,,
2024-04-15,5254.4000000003725,320,35459334.4,2024-04-15,184652.60500000045,260,28991092.605,2024-04-15,3959792.9850000045,17,5843290.985000005,2,2024-04-15,5729291.075000001,64,12820107.075000001,,,,,,,,,,,,,,,,,
2024-04-16,5254.4000000003725,320,34908934.4,2024-04-16,184652.60500000045,260,28543892.605,2024-04-16,3959792.9850000045,17,5814050.985000005,2,2024-04-16,5729291.075000001,64,12710027.075000001,,,,,,,,,,,,,,,,,
2024-04-17,5254.4000000003725,320,34691334.4,2024-04-17,184652.60500000045,260,28367092.605,2024-04-17,3959792.9850000045,17,5802490.985000005,2,2024-04-17,5729291.075000001,64,12666507.075000001,,,,,,,,,,,,,,,,,
2024-04-18,5254.4000000003725,320,34224454.4,2024-04-18,184652.60500000045,260,27987752.605,2024-04-18,3959792.9850000045,17,5777687.985000005,2,2024-04-18,5729291.075000001,64,12573131.075000001,,,,,,,,,,,,,,,,,
2024-04-19,5254.4000000003725,320,33738694.4,2024-04-19,184652.60500000045,260,27593072.605,2024-04-19,3959792.9850000045,17,5751881.985000005,2,2024-04-19,5729291.075000001,64,12475979.075000001,,,,,,,,,,,,,,,,,
2024-04-22,5254.4000000003725,320,33508614.4,2024-04-22,184652.60500000045,260,27406132.605,2024-04-22,3959792.9850000045,17,5739658.985000005,2,2024-04-22,5729291.075000001,64,12429963.075000001,,,,,,,,,,,,,,,,,
2024-04-23,5254.4000000003725,320,33563014.4,2024-04-23,184652.60500000045,260,27450332.605,2024-04-23,3959792.9850000045,17,5742548.985000005,2,2024-04-23,5729291.075000001,64,12440843.075000001,,,,,,,,,,,,,,,,,
2024-04-24,5254.4000000003725,320,34156294.4,2024-04-24,184652.60500000045,260,27932372.605,2024-04-24,3959792.9850000045,17,5774066.985000005,2,2024-04-24,5729291.075000001,64,12559499.075000001,,,,,,,,,,,,,,,,,
2024-04-25,5254.4000000003725,320,33649734.4,2024-04-25,184652.60500000045,260,27520792.605,2024-04-25,3959792.9850000045,17,5747155.985000005,2,2024-04-25,5729291.075000001,64,12458187.075000001,,,,,,,,,,,,,,,,,
2024-04-26,5254.4000000003725,320,34349894.4,2024-04-26,184652.60500000045,260,28089672.605,2024-04-26,3959792.9850000045,17,5784351.985000005,2,2024-04-26,5729291.075000001,64,12598219.075000001,,,,,,,,,,,,,,,,,
2024-04-29,5254.4000000003725,320,34698374.4,2024-04-29,184652.60500000045,260,28372812.605,2024-04-29,3959792.9850000045,17,5802864.985000005,2,2024-04-29,5729291.075000001,64,12667915.075000001,,,,,,,,,,,,,,,,,
2024-04-30,5254.4000000003725,320,34787014.4,2024-04-30,184652.60500000045,260,28444832.605,2024-04-30,3959792.9850000045,17,5807573.985000005,2,2024-04-30,5729291.075000001,64,12685643.075000001,,,,,,,,,,,,,,,,,
2024-05-02,5254.4000000003725,320,33986374.4,2024-05-02,184652.60500000045,260,27794312.605,2024-05-02,2989738.200000005,26,5750704.200000005,3,2024-05-02,5621507.210000001,65,12523922.21,,,,,,,,,,,,,,,,,
2024-05-03,5254.4000000003725,320,34038534.4,2024-05-03,184652.60500000045,260,27836692.605,2024-05-03,2989738.200000005,26,5754942.200000005,3,2024-05-03,5621507.210000001,65,12534517.21,,,,,,,,,,,,,,,,,
2024-05-07,5254.4000000003725,320,34787014.4,2024-05-07,184652.60500000045,260,28444832.605,2024-05-07,2989738.200000005,26,5815756.200000005,3,2024-05-07,5621507.210000001,65,12686552.21,,,,,,,,,,,,,,,,,
2024-05-08,5254.4000000003725,320,34941574.4,2024-05-08,184652.60500000045,260,28570412.605,2024-05-08,2989738.200000005,26,5828314.200000005,3,2024-05-08,5621507.210000001,65,12717947.21,,,,,,,,,,,,,,,,,
2024-05-09,5254.4000000003725,320,35015814.4,2024-05-09,184652.60500000045,260,28630732.605,2024-05-09,2989738.200000005,26,5834346.200000005,3,2024-05-09,5621507.210000001,65,12733027.21,,,,,,,,,,,,,,,,,
2024-05-10,5254.4000000003725,320,35139974.4,2024-05-10,184652.60500000045,260,28731612.605,2024-05-10,2989738.200000005,26,5844434.200000005,3,2024-05-10,5621507.210000001,65,12758247.21,,,,,,,,,,,,,,,,,
2024-05-13,5254.4000000003725,320,35283014.4,2024-05-13,184652.60500000045,260,28847832.605,2024-05-13,2989738.200000005,26,5856056.200000005,3,2024-05-13,5621507.210000001,65,12787302.21,,,,,,,,,,,,,,,,,
2024-05-14,5254.4000000003725,320,35276614.4,2024-05-14,184652.60500000045,260,28842632.605,2024-05-14,2989738.200000005,26,5855536.200000005,3,2024-05-14,5621507.210000001,65,12786002.21,,,,,,,,,,,,,,,,,
2024-05-16,5254.4000000003725,320,35508934.4,2024-05-16,184652.60500000045,260,29031392.605,2024-05-16,2989738.200000005,26,5874412.200000005,3,2024-05-16,5621507.210000001,65,12833192.21,,,,,,,,,,,,,,,,,
2024-05-17,5254.4000000003725,320,35657734.4,2024-05-17,184652.60500000045,260,29152292.605,2024-05-17,2989738.200000005,26,5886502.200000005,3,2024-05-17,5621507.210000001,65,12863417.21,,,,,,,,,,,,,,,,,
2024-05-20,5254.4000000003725,320,35707334.4,2024-05-20,184652.60500000045,260,29192592.605,2024-05-20,2989738.200000005,26,5890532.200000005,3,2024-05-20,5621507.210000001,65,12873492.21,,,,,,,,,,,,,,,,,
2024-05-21,5254.4000000003725,320,36041414.4,2024-05-21,184652.60500000045,260,29464032.605,2024-05-21,2989738.200000005,26,5917676.200000005,3,2024-05-21,5621507.210000001,65,12941352.21,,,,,,,,,,,,,,,,,
2024-05-22,5254.4000000003725,320,36155974.4,2024-05-22,184652.60500000045,260,29557112.605,2024-05-22,2989738.200000005,26,5926984.200000005,3,2024-05-22,5621507.210000001,65,12964622.21,,,,,,,,,,,,,,,,,
2024-05-23,5254.4000000003725,320,36412934.4,2024-05-23,184652.60500000045,260,29765892.605,2024-05-23,2989738.200000005,26,5947862.200000005,3,2024-05-23,5621507.210000001,65,13016817.21,,,,,,,,,,,,,,,,,
2024-05-24,5254.4000000003725,320,36152774.4,2024-05-24,184652.60500000045,260,29554512.605,2024-05-24,2989738.200000005,26,5926724.200000005,3,2024-05-24,5621507.210000001,65,12963972.21,,,,,,,,,,,,,,,,,
2024-05-27,5254.4000000003725,320,36360774.4,2024-05-27,184652.60500000045,260,29723512.605,2024-05-27,2989738.200000005,26,5943624.200000005,3,2024-05-27,5621507.210000001,65,13006222.21,,,,,,,,,,,,,,,,,
2024-05-28,5254.4000000003725,320,36289094.4,2024-05-28,184652.60500000045,260,29665272.605,2024-05-28,2989738.200000005,26,5937800.200000005,3,2024-05-28,5621507.210000001,65,12991662.21,,,,,,,,,,,,,,,,,
2024-05-29,5254.4000000003725,320,36354374.4,2024-05-29,184652.60500000045,260,29718312.605,2024-05-29,2989738.200000005,26,5943104.200000005,3,2024-05-29,5621507.210000001,65,13004922.21,,,,,,,,,,,,,,,,,
2024-05-30,5254.4000000003725,320,36385734.4,2024-05-30,184652.60500000045,260,29743792.605,2024-05-30,2989738.200000005,26,5945652.200000005,3,2024-05-30,5621507.210000001,65,13011292.21,,,,,,,,,,,,,,,,,
2024-05-31,5254.4000000003725,320,36281094.4,2024-05-31,184652.60500000045,260,29658772.605,2024-05-31,2989738.200000005,26,5937150.200000005,3,2024-05-31,5621507.210000001,65,12990037.21,,,,,,,,,,,,,,,,,
2024-06-03,5254.4000000003725,320,36271494.4,2024-06-03,184652.60500000045,260,29650972.605,2024-06-03,2069482.360000005,34,5922770.360000005,4,2024-06-03,5506475.23,66,12986387.23,,,,,,,,,,,,,,,,,
2024-06-04,5254.4000000003725,320,36230214.4,2024-06-04,184652.60500000045,260,29617432.605,2024-06-04,2069482.360000005,34,5918384.360000005,4,2024-06-04,5506475.23,66,12977873.23,,,,,,,,,,,,,,,,,
2024-06-05,5254.4000000003725,320,36363974.4,2024-06-05,184652.60500000045,260,29726112.605,2024-06-05,2069482.360000005,34,5932596.360000005,4,2024-06-05,5506475.23,66,13005461.23,,,,,,,,,,,,,,,,,
2024-06-07,5254.4000000003725,320,36907334.4,2024-06-07,184652.60500000045,260,30167592.605,2024-06-07,2069482.360000005,34,5990328.360000005,4,2024-06-07,5506475.23,66,13117529.23,,,,,,,,,,,,,,,,,
2024-06-10,5254.4000000003725,320,37024774.4,2024-06-10,184652.60500000045,260,30263012.605,2024-06-10,2069482.360000005,34,6002806.360000005,4,2024-06-10,5506475.23,66,13141751.23,,,,,,,,,,,,,,,,,
2024-06-11,5254.4000000003725,320,37284294.4,2024-06-11,184652.60500000045,260,30473872.605,2024-06-11,2069482.360000005,34,6030380.360000005,4,2024-06-11,5506475.23,66,13195277.23,,,,,,,,,,,,,,,,,
2024-06-12,5254.4000000003725,320,37546374.4,2024-06-12,184652.60500000045,260,30686812.605,2024-06-12,2951112.100000005,25,5884012.100000005,3,2024-06-12,5506475.23,66,13249331.23,,,,,,,,,,,,,,,,,
2024-06-13,5254.4000000003725,320,38181894.4,2024-06-13,184652.60500000045,260,31203172.605,2024-06-13,3847666.630000005,16,5756498.630000005,2,2024-06-13,5506475.23,66,13380407.23,,,,,,,,,,,,,,,,,
2024-06-14,5254.4000000003725,320,38382214.4,2024-06-14,184652.60500000045,260,31365932.605,2024-06-14,3847666.630000005,16,5766514.630000005,2,2024-06-14,5506475.23,66,13421723.23,,,,,,,,,,,,,,,,,
2024-06-17,5254.4000000003725,320,38487494.4,2024-06-17,184652.60500000045,260,31451472.605,2024-06-17,3847666.630000005,16,5771778.630000005,2,2024-06-17,5506475.23,66,13443437.23,,,,,,,,,,,,,,,,,
2024-06-18,5254.4000000003725,320,38968774.4,2024-06-18,184652.60500000045,260,31842512.605,2024-06-18,4661030.110000005,8,5635118.110000005,1,2024-06-18,5506475.23,66,13542701.23,,,,,,,,,,,,,,,,,
2024-06-19,5254.4000000003725,320,39051334.4,2024-06-19,184652.60500000045,260,31909592.605,2024-06-19,4661030.110000005,8,5637182.110000005,1,2024-06-19,5506475.23,66,13559729.23,,,,,,,,,,,,,,,,,
2024-06-20,5254.4000000003725,320,39320454.4,2024-06-20,184652.60500000045,260,32128252.605,2024-06-20,4661030.110000005,8,5643910.110000005,1,2024-06-20,5506475.23,66,13615235.23,,,,,,,,,,,,,,,,,
2024-06-21,5254.4000000003725,320,38955974.4,2024-06-21,184652.60500000045,260,31832112.605,2024-06-21,4661030.110000005,8,5634798.110000005,1,2024-06-21,5506475.23,66,13540061.23,,,,,,,,,,,,,,,,,
2024-06-24,5254.4000000003725,320,38854214.4,2024-06-24,184652.60500000045,260,31749432.605,2024-06-24,4661030.110000005,8,5632254.110000005,1,2024-06-24,5506475.23,66,13519073.23,,,,,,,,,,,,,,,,,
2024-06-25,5254.4000000003725,320,38385414.4,2024-06-25,184652.60500000045,260,31368532.605,2024-06-25,4661030.110000005,8,5620534.110000005,1,2024-06-25,5506475.23,66,13422383.23,,,,,,,,,,,,,,,,,
2024-06-26,5254.4000000003725,320,38889414.4,2024-06-26,184652.60500000045,260,31778032.605,2024-06-26,4661030.110000005,8,5633134.110000005,1,2024-06-26,5506475.23,66,13526333.23,,,,,,,,,,,,,,,,,
2024-06-27,5254.4000000003725,320,38716614.4,2024-06-27,184652.60500000045,260,31637632.605,2024-06-27,4661030.110000005,8,5628814.110000005,1,2024-06-27,5506475.23,66,13490693.23,,,,,,,,,,,,,,,,,
2024-06-28,5254.4000000003725,320,38782534.4,2024-06-28,184652.60500000045,260,31691192.605,2024-06-28,4661030.110000005,8,5630462.110000005,1,2024-06-28,5506475.23,66,13504289.23,,,,,,,,,,,,,,,,,
2024-07-01,5254.4000000003725,320,38660614.4,2024-07-01,184652.60500000045,260,31592132.605,2024-07-01,3680150.350000005,16,5612918.350000005,2,2024-07-01,5383865.260000001,67,13477331.260000002,,,,,,,,,,,,,,,,,
2024-07-02,5254.4000000003725,320,38905414.4,2024-07-02,184652.60500000045,260,31791032.605,2024-07-02,3680150.350000005,16,5625158.350000005,2,2024-07-02,5383865.260000001,67,13528586.260000002,,,,,,,,,,,,,,,,,
2024-07-03,5254.4000000003725,320,39445574.4,2024-07-03,184652.60500000045,260,32229912.605,2024-07-03,3680150.350000005,16,5652166.350000005,2,2024-07-03,5383865.260000001,67,13641682.260000002,,,,,,,,,,,,,,,,,
2024-07-04,5254.4000000003725,320,39488454.4,2024-07-04,184652.60500000045,260,32264752.605,2024-07-04,3680150.350000005,16,5654310.350000005,2,2024-07-04,5383865.260000001,67,13650660.260000002,,,,,,,,,,,,,,,,,
2024-07-05,5254.4000000003725,320,39564614.4,2024-07-05,184652.60500000045,260,32326632.605,2024-07-05,3680150.350000005,16,5658118.350000005,2,2024-07-05,5383865.260000001,67,13666606.260000002,,,,,,,,,,,,,,,,,
2024-07-08,5254.4000000003725,320,39952774.4,2024-07-08,184652.60500000045,260,32642012.605,2024-07-08,4514054.830000006,8,5512742.830000006,1,2024-07-08,5383865.260000001,67,13747877.260000002,,,,,,,,,,,,,,,,,
2024-07-09,5254.4000000003725,320,40151174.4,2024-07-09,184652.60500000045,260,32803212.605,2024-07-09,4514054.830000006,8,5517702.830000006,1,2024-07-09,5383865.260000001,67,13789417.260000002,,,,,,,,,,,,,,,,,
2024-07-10,5254.4000000003725,320,40195654.4,2024-07-10,184652.60500000045,260,32839352.605,2024-07-10,4514054.830000006,8,5518814.830000006,1,2024-07-10,5383865.260000001,67,13798730.260000002,,,,,,,,,,,,,,,,,
2024-07-11,5254.4000000003725,320,40402374.4,2024-07-11,184652.60500000045,260,33007312.605,2024-07-11,4514054.830000006,8,5523982.830000006,1,2024-07-11,5383865.260000001,67,13842012.260000002,,,,,,,,,,,,,,,,,
2024-07-12,5254.4000000003725,320,39532934.4,2024-07-12,184652.60500000045,260,32300892.605,2024-07-12,4514054.830000006,8,5502246.830000006,1,2024-07-12,5383865.260000001,67,13659973.260000002,,,,,,,,,,,,,,,,,
2024-07-15,5254.4000000003725,320,40016454.4,2024-07-15,184652.60500000045,260,32693752.605,2024-07-15,4514054.830000006,8,5514334.830000006,1,2024-07-15,5383865.260000001,67,13761210.260000002,,,,,,,,,,,,,,,,,
2024-07-16,5254.4000000003725,320,40125574.4,2024-07-16,184652.60500000045,260,32782412.605,2024-07-16,4514054.830000006,8,5517062.830000006,1,2024-07-16,5383865.260000001,67,13784057.260000002,,,,,,,,,,,,,,,,,
2024-07-17,5254.4000000003725,320,39649414.4,2024-07-17,184652.60500000045,260,32395532.605,2024-07-17,4514054.830000006,8,5505158.830000006,1,2024-07-17,5383865.260000001,67,13684361.260000002,,,,,,,,,,,,,,,,,
2024-07-18,5254.4000000003725,320,39005254.4,2024-07-18,184652.60500000045,260,31872152.605,2024-07-18,4514054.830000006,8,5489054.830000006,1,2024-07-18,5383865.260000001,67,13549490.260000002,,,,,,,,,,,,,,,,,
2024-07-19,5254.4000000003725,320,38908614.4,2024-07-19,184652.60500000045,260,31793632.605,2024-07-19,4514054.830000006,8,5486638.830000006,1,2024-07-19,5383865.260000001,67,13529256.260000002,,,,,,,,,,,,,,,,,
2024-07-22,5254.4000000003725,320,38590534.4,2024-07-22,184652.60500000045,260,31535192.605,2024-07-22,4514054.830000006,8,5478686.830000006,1,2024-07-22,5383865.260000001,67,13462658.260000002,,,,,,,,,,,,,,,,,
2024-07-23,5254.4000000003725,320,38779334.4,2024-07-23,184652.60500000045,260,31688592.605,2024-07-23,4514054.830000006,8,5483406.830000006,1,2024-07-23,5383865.260000001,67,13502188.260000002,,,,,,,,,,,,,,,,,
2024-07-24,5254.4000000003725,320,38403014.4,2024-07-24,184652.60500000045,260,31382832.605,2024-07-24,4514054.830000006,8,5473998.830000006,1,2024-07-24,5383865.260000001,67,13423396.260000002,,,,,,,,,,,,,,,,,
2024-07-25,5254.4000000003725,320,37443014.4,2024-07-25,184652.60500000045,260,30602832.605,2024-07-25,4514054.830000006,8,5449998.830000006,1,2024-07-25,5383865.260000001,67,13222396.260000002,,,,,,,,,,,,,,,,,
2024-07-26,5254.4000000003725,320,37179334.4,2024-07-26,184652.60500000045,260,30388592.605,2024-07-26,4514054.830000006,8,5443406.830000006,1,2024-07-26,5383865.260000001,67,13167188.260000002,,,,,,,,,,,,,,,,,
2024-07-29,5254.4000000003725,320,37549574.4,2024-07-29,184652.60500000045,260,30689412.605,2024-07-29,4514054.830000006,8,5452662.830000006,1,2024-07-29,5383865.260000001,67,13244707.260000002,,,,,,,,,,,,,,,,,
2024-07-30,5254.4000000003725,320,37433414.4,2024-07-30,184652.60500000045,260,30595032.605,2024-07-30,4514054.830000006,8,5449758.830000006,1,2024-07-30,5383865.260000001,67,13220386.260000002,,,,,,,,,,,,,,,,,
2024-07-31,5254.4000000003725,320,37188614.4,2024-07-31,184652.60500000045,260,30396132.605,2024-07-31,4514054.830000006,8,5443638.830000006,1,2024-07-31,5383865.260000001,67,13169131.260000002,,,,,,,,,,,,,,,,,
2024-08-01,5254.4000000003725,320,37723014.4,2024-08-01,184652.60500000045,260,30830332.605,2024-08-01,3556966.6700000055,16,5442854.6700000055,2,2024-08-01,5264229.240000001,68,13279253.240000002,,,,,,,,,,,,,,,,,
2024-08-02,5254.4000000003725,320,36116934.4,2024-08-02,184652.60500000045,260,29525392.605,2024-08-02,3556966.6700000055,16,5362550.6700000055,2,2024-08-02,5264229.240000001,68,12937961.240000002,,,,,,,,,,,,,,,,,
2024-08-05,5254.4000000003725,320,33762374.4,2024-08-05,184652.60500000045,260,27612312.605,2024-08-05,3556966.6700000055,16,5244822.6700000055,2,2024-08-05,5264229.240000001,68,12437617.240000002,,,,,,,,,,,,,,,,,
2024-08-06,5254.4000000003725,320,35516934.4,2024-08-06,184652.60500000045,260,29037892.605,2024-08-06,3556966.6700000055,16,5332550.6700000055,2,2024-08-06,5264229.240000001,68,12810461.240000002,,,,,,,,,,,,,,,,,
2024-08-07,5254.4000000003725,320,35547014.4,2024-08-07,184652.60500000045,260,29062332.605,2024-08-07,3556966.6700000055,16,5334054.6700000055,2,2024-08-07,5264229.240000001,68,12816853.240000002,,,,,,,,,,,,,,,,,
2024-08-08,5254.4000000003725,320,35015174.4,2024-08-08,184652.60500000045,260,28630212.605,2024-08-08,3556966.6700000055,16,5307462.6700000055,2,2024-08-08,5264229.240000001,68,12703837.240000002,,,,,,,,,,,,,,,,,
2024-08-09,5254.4000000003725,320,35639494.4,2024-08-09,184652.60500000045,260,29137472.605,2024-08-09,3556966.6700000055,16,5338678.6700000055,2,2024-08-09,5264229.240000001,68,12836505.240000002,,,,,,,,,,,,,,,,,
2024-08-12,5254.4000000003725,320,36072454.4,2024-08-12,184652.60500000045,260,29489252.605,2024-08-12,3556966.6700000055,16,5360326.6700000055,2,2024-08-12,5264229.240000001,68,12928509.240000002,,,,,,,,,,,,,,,,,
2024-08-13,5254.4000000003725,320,36129734.4,2024-08-13,184652.60500000045,260,29535792.605,2024-08-13,3556966.6700000055,16,5363190.6700000055,2,2024-08-13,5264229.240000001,68,12940681.240000002,,,,,,,,,,,,,,,,,
2024-08-14,5254.4000000003725,320,36728454.4,2024-08-14,184652.60500000045,260,30022252.605,2024-08-14,3556966.6700000055,16,5393126.6700000055,2,2024-08-14,5264229.240000001,68,13067909.240000002,,,,,,,,,,,,,,,,,
2024-08-16,5254.4000000003725,320,37702534.4,2024-08-16,184652.60500000045,260,30813692.605,2024-08-16,3556966.6700000055,16,5441830.6700000055,2,2024-08-16,5264229.240000001,68,13274901.240000002,,,,,,,,,,,,,,,,,
2024-08-19,5254.4000000003725,320,36857414.4,2024-08-19,184652.60500000045,260,30127032.605,2024-08-19,3556966.6700000055,16,5399574.6700000055,2,2024-08-19,5264229.240000001,68,13095313.240000002,,,,,,,,,,,,,,,,,
2024-08-20,5254.4000000003725,320,37435014.4,2024-08-20,184652.60500000045,260,30596332.605,2024-08-20,3556966.6700000055,16,5428454.6700000055,2,2024-08-20,5264229.240000001,68,13218053.240000002,,,,,,,,,,,,,,,,,
2024-08-21,5254.4000000003725,320,37412934.4,2024-08-21,184652.60500000045,260,30578392.605,2024-08-21,3556966.6700000055,16,5427350.6700000055,2,2024-08-21,5264229.240000001,68,13213361.240000002,,,,,,,,,,,,,,,,,
2024-08-22,5254.4000000003725,320,37535174.4,2024-08-22,184652.60500000045,260,30677712.605,2024-08-22,3556966.6700000055,16,5433462.6700000055,2,2024-08-22,5264229.240000001,68,13239337.240000002,,,,,,,,,,,,,,,,,
2024-08-23,5254.4000000003725,320,37218374.4,2024-08-23,184652.60500000045,260,30420312.605,2024-08-23,3556966.6700000055,16,5417622.6700000055,2,2024-08-23,5264229.240000001,68,13172017.240000002,,,,,,,,,,,,,,,,,
2024-08-26,5254.4000000003725,320,37145414.4,2024-08-26,184652.60500000045,260,30361032.605,2024-08-26,3556966.6700000055,16,5413974.6700000055,2,2024-08-26,5264229.240000001,68,13156513.240000002,,,,,,,,,,,,,,,,,
2024-08-27,5254.4000000003725,320,36873094.4,2024-08-27,184652.60500000045,260,30139772.605,2024-08-27,3556966.6700000055,16,5400358.6700000055,2,2024-08-27,5264229.240000001,68,13098645.240000002,,,,,,,,,,,,,,,,,
2024-08-28,5254.4000000003725,320,37171014.4,2024-08-28,184652.60500000045,260,30381832.605,2024-08-28,3556966.6700000055,16,5415254.6700000055,2,2024-08-28,5264229.240000001,68,13161953.240000002,,,,,,,,,,,,,,,,,
2024-08-29,5254.4000000003725,320,36419334.4,2024-08-29,184652.60500000045,260,29771092.605,2024-08-29,3556966.6700000055,16,5377670.6700000055,2,2024-08-29,5264229.240000001,68,13002221.240000002,,,,,,,,,,,,,,,,,
2024-08-30,5254.4000000003725,320,36804614.4,2024-08-30,184652.60500000045,260,30084132.605,2024-08-30,3556966.6700000055,16,5396934.6700000055,2,2024-08-30,5264229.240000001,68,13084093.240000002,,,,,,,,,,,,,,,,,
2024-09-02,5254.4000000003725,320,37086534.4,2024-09-02,184652.60500000045,260,30313192.605,2024-09-02,2616029.1900000055,24,5397125.190000005,3,2024-09-02,5146612.055000002,69,13142263.055000002,,,,,,,,,,,,,,,,,
2024-09-03,5254.4000000003725,320,37103814.4,2024-09-03,184652.60500000045,260,30327232.605,2024-09-03,2616029.1900000055,24,5398421.190000005,3,2024-09-03,5146612.055000002,69,13145989.055000002,,,,,,,,,,,,,,,,,
2024-09-04,5254.4000000003725,320,35882694.4,2024-09-04,184652.60500000045,260,29335072.605,2024-09-04,2616029.1900000055,24,5306837.190000005,3,2024-09-04,5146612.055000002,69,12882685.055000002,,,,,,,,,,,,,,,,,
2024-09-05,5254.4000000003725,320,35776134.4,2024-09-05,184652.60500000045,260,29248492.605,2024-09-05,2616029.1900000055,24,5298845.190000005,3,2024-09-05,5146612.055000002,69,12859708.055000002,,,,,,,,,,,,,,,,,
2024-09-06,5254.4000000003725,320,35424774.4,2024-09-06,184652.60500000045,260,28963012.605,2024-09-06,2616029.1900000055,24,5272493.190000005,3,2024-09-06,5146612.055000002,69,12783946.055000002,,,,,,,,,,,,,,,,,
2024-09-09,5254.4000000003725,320,35239494.4,2024-09-09,184652.60500000045,260,28812472.605,2024-09-09,2616029.1900000055,24,5258597.190000005,3,2024-09-09,5146612.055000002,69,12743995.055000002,,,,,,,,,,,,,,,,,
2024-09-10,5254.4000000003725,320,35470534.4,2024-09-10,184652.60500000045,260,29000192.605,2024-09-10,2616029.1900000055,24,5275925.190000005,3,2024-09-10,5146612.055000002,69,12793813.055000002,,,,,,,,,,,,,,,,,
2024-09-11,5254.4000000003725,320,35631494.4,2024-09-11,184652.60500000045,260,29130972.605,2024-09-11,2616029.1900000055,24,5287997.190000005,3,2024-09-11,5146612.055000002,69,12828520.055000002,,,,,,,,,,,,,,,,,
2024-09-12,5254.4000000003725,320,36634374.4,2024-09-12,184652.60500000045,260,29945812.605,2024-09-12,2616029.1900000055,24,5363213.190000005,3,2024-09-12,5146612.055000002,69,13044766.055000002,,,,,,,,,,,,,,,,,
2024-09-13,5254.4000000003725,320,36642374.4,2024-09-13,184652.60500000045,260,29952312.605,2024-09-13,2616029.1900000055,24,5363813.190000005,3,2024-09-13,5146612.055000002,69,13046491.055000002,,,,,,,,,,,,,,,,,
2024-09-19,5254.4000000003725,320,37102214.4,2024-09-19,184652.60500000045,260,30325932.605,2024-09-19,2616029.1900000055,24,5398301.190000005,3,2024-09-19,5146612.055000002,69,13145644.055000002,,,,,,,,,,,,,,,,,
2024-09-20,5254.4000000003725,320,37366854.4,2024-09-20,184652.60500000045,260,30540952.605,2024-09-20,2616029.1900000055,24,5418149.190000005,3,2024-09-20,5146612.055000002,69,13202707.055000002,,,,,,,,,,,,,,,,,
2024-09-23,5254.4000000003725,320,37652934.4,2024-09-23,184652.60500000045,260,30773392.605,2024-09-23,2616029.1900000055,24,5439605.190000005,3,2024-09-23,5146612.055000002,69,13264393.055000002,,,,,,,,,,,,,,,,,
2024-09-24,5254.4000000003725,320,37652934.4,2024-09-24,184652.60500000045,260,30773392.605,2024-09-24,2616029.1900000055,24,5439605.190000005,3,2024-09-24,5146612.055000002,69,13264393.055000002,,,,,,,,,,,,,,,,,
2024-09-25,5254.4000000003725,320,37507974.4,2024-09-25,184652.60500000045,260,30655612.605,2024-09-25,2616029.1900000055,24,5428733.190000005,3,2024-09-25,5146612.055000002,69,13233136.055000002,,,,,,,,,,,,,,,,,
2024-09-26,5254.4000000003725,320,38086534.4,2024-09-26,184652.60500000045,260,31125692.605,2024-09-26,2616029.1900000055,24,5472125.190000005,3,2024-09-26,5146612.055000002,69,13357888.055000002,,,,,,,,,,,,,,,,,
2024-09-27,5254.4000000003725,320,37515974.4,2024-09-27,184652.60500000045,260,30662112.605,2024-09-27,2616029.1900000055,24,5429333.190000005,3,2024-09-27,5146612.055000002,69,13234861.055000002,,,,,,,,,,,,,,,,,
2024-09-30,5254.4000000003725,320,37003334.4,2024-09-30,184652.60500000045,260,30245592.605,2024-09-30,2616029.1900000055,24,5390885.190000005,3,2024-09-30,5146612.055000002,69,13124323.055000002,,,,,,,,,,,,,,,,,
2024-10-02,5254.4000000003725,320,36911174.4,2024-10-02,184652.60500000045,260,30170712.605,2024-10-02,1679541.4700000058,32,5370133.470000006,4,2024-10-02,5029551.090000002,70,13102721.090000002,,,,,,,,,,,,,,,,,
2024-10-04,5254.4000000003725,320,37503494.4,2024-10-04,184652.60500000045,260,30651972.605,2024-10-04,1679541.4700000058,32,5429365.470000006,4,2024-10-04,5029551.090000002,70,13232291.090000002,,,,,,,,,,,,,,,,,
2024-10-07,5254.4000000003725,320,38229254.4,2024-10-07,184652.60500000045,260,31241652.605,2024-10-07,1679541.4700000058,32,5501941.470000006,4,2024-10-07,5029551.090000002,70,13391051.090000002,,,,,,,,,,,,,,,,,
2024-10-08,5254.4000000003725,320,37890374.4,2024-10-08,184652.60500000045,260,30966312.605,2024-10-08,1679541.4700000058,32,5468053.470000006,4,2024-10-08,5029551.090000002,70,13316921.090000002,,,,,,,,,,,,,,,,,
2024-10-10,5254.4000000003725,320,38779974.4,2024-10-10,184652.60500000045,260,31689112.605,2024-10-10,1679541.4700000058,32,5557013.470000006,4,2024-10-10,5029551.090000002,70,13511521.090000002,,,,,,,,,,,,,,,,,
2024-10-11,5254.4000000003725,320,38753414.4,2024-10-11,184652.60500000045,260,31667532.605,2024-10-11,1679541.4700000058,32,5554357.470000006,4,2024-10-11,5029551.090000002,70,13505711.090000002,,,,,,,,,,,,,,,,,
2024-10-14,5254.4000000003725,320,38961734.4,2024-10-14,184652.60500000045,260,31836792.605,2024-10-14,1679541.4700000058,32,5575189.470000006,4,2024-10-14,5029551.090000002,70,13551281.090000002,,,,,,,,,,,,,,,,,
2024-10-15,5254.4000000003725,320,39445574.4,2024-10-15,184652.60500000045,260,32229912.605,2024-10-15,1679541.4700000058,32,5623573.470000006,4,2024-10-15,5029551.090000002,70,13657121.090000002,,,,,,,,,,,,,,,,,
2024-10-16,5254.4000000003725,320,39052294.4,2024-10-16,184652.60500000045,260,31910372.605,2024-10-16,1679541.4700000058,32,5584245.470000006,4,2024-10-16,5029551.090000002,70,13571091.090000002,,,,,,,,,,,,,,,,,
2024-10-17,5254.4000000003725,320,39318534.4,2024-10-17,184652.60500000045,260,32126692.605,2024-10-17,1679541.4700000058,32,5610869.470000006,4,2024-10-17,5029551.090000002,70,13629331.090000002,,,,,,,,,,,,,,,,,
2024-10-18,5254.4000000003725,320,39352134.4,2024-10-18,184652.60500000045,260,32153992.605,2024-10-18,1679541.4700000058,32,5614229.470000006,4,2024-10-18,5029551.090000002,70,13636681.090000002,,,,,,,,,,,,,,,,,
2024-10-21,5254.4000000003725,320,39590534.4,2024-10-21,184652.60500000045,260,32347692.605,2024-10-21,1679541.4700000058,32,5638069.470000006,4,2024-10-21,5029551.090000002,70,13688831.090000002,,,,,,,,,,,,,,,,,
2024-10-22,5254.4000000003725,320,39721094.4,2024-10-22,184652.60500000045,260,32453772.605,2024-10-22,1679541.4700000058,32,5651125.470000006,4,2024-10-22,5029551.090000002,70,13717391.090000002,,,,,,,,,,,,,,,,,
2024-10-23,5254.4000000003725,320,39904134.4,2024-10-23,184652.60500000045,260,32602492.605,2024-10-23,1679541.4700000058,32,5669429.470000006,4,2024-10-23,5029551.090000002,70,13757431.090000002,,,,,,,,,,,,,,,,,
2024-10-24,5254.4000000003725,320,39533254.4,2024-10-24,184652.60500000045,260,32301152.605,2024-10-24,1679541.4700000058,32,5632341.470000006,4,2024-10-24,5029551.090000002,70,13676301.090000002,,,,,,,,,,,,,,,,,
2024-10-25,5254.4000000003725,320,39924934.4,2024-10-25,184652.60500000045,260,32619392.605,2024-10-25,1679541.4700000058,32,5671509.470000006,4,2024-10-25,5029551.090000002,70,13761981.090000002,,,,,,,,,,,,,,,,,
2024-10-28,5254.4000000003725,320,40236934.4,2024-10-28,184652.60500000045,260,32872892.605,2024-10-28,1679541.4700000058,32,5702709.470000006,4,2024-10-28,5029551.090000002,70,13830231.090000002,,,,,,,,,,,,,,,,,
2024-10-29,5254.4000000003725,320,40103174.4,2024-10-29,184652.60500000045,260,32764212.605,2024-10-29,1679541.4700000058,32,5689333.470000006,4,2024-10-29,5029551.090000002,70,13800971.090000002,,,,,,,,,,,,,,,,,
2024-10-30,5254.4000000003725,320,40398214.4,2024-10-30,184652.60500000045,260,33003932.605,2024-10-30,1679541.4700000058,32,5718837.470000006,4,2024-10-30,5029551.090000002,70,13865511.090000002,,,,,,,,,,,,,,,,,
2024-10-31,5254.4000000003725,320,39634694.4,2024-10-31,184652.60500000045,260,32383572.605,2024-10-31,1679541.4700000058,32,5642485.470000006,4,2024-10-31,5029551.090000002,70,13698491.090000002,,,,,,,,,,,,,,,,,
2024-11-01,5254.4000000003725,320,39083014.4,2024-11-01,184652.60500000045,260,31935332.605,2024-11-01,687943.3100000059,40,5572663.310000006,5,2024-11-01,4905601.320000002,71,13575979.320000002,,,,,,,,,,,,,,,,,
