매달_정액_매수,매달_정액_매수,매달_정액_매수,매달_정액_매수,정액매수_수익_매도,정액매수_수익_매도,정액매수_수익_매도,정액매수_수익_매도,정액매수_수익_매도,정액매수_보유,정액매수_보유,정액매수_보유,정액매수_보유
date,remaining_capital,shares_held,total_value,date,remaining_capital,shares_held,total_value,보유종목수,date,remaining_capital,shares_held,total_value
2019-01-02,9968766.42,1,9999538.42,2019-01-02,9000525.44,32,9985229.44,1,2019-01-02,9000525.44,32,9985229.44
2019-01-03,9937800.8,2,9998816.8,2019-01-03,8009625.6,64,9962137.6,2,2019-01-03,8009625.6,64,9962137.6
2019-01-04,9906744.845,3,9998535.845,2019-01-04,7015835.04,96,9953147.04,3,2019-01-04,7015835.04,96,9953147.04
2019-01-07,9874684.040000001,4,10001032.040000001,2019-01-07,6021950.085,127,10033499.085,4,2019-01-07,6021950.085,127,10033499.085
2019-01-08,9842161.41,5,10002371.41,2019-01-08,5046271.1850000005,157,10076865.185,5,2019-01-08,5046271.1850000005,157,10076865.185
2019-01-09,9809278.455,6,10003660.455,2019-01-09,4059782.5350000006,187,10118021.535,6,2019-01-09,4059782.5350000006,187,10118021.535
2019-01-10,9776711.165000001,7,10001313.165000001,2019-01-10,3082763.835000001,217,10045425.835,7,2019-01-10,3082763.835000001,217,10045425.835
2019-01-11,9743996.700000001,8,10001844.700000001,2019-01-11,2101329.8850000007,247,10062386.885000002,8,2019-01-11,2101329.8850000007,247,10062386.885000002
2019-01-14,9711474.07,9,9999852.07,2019-01-14,1125650.9850000008,277,10001284.985000001,9,2019-01-14,1125650.9850000008,277,10001284.985000001
2019-01-15,9678671.3,10,10001851.3,2019-01-15,141567.88500000094,307,10063193.885000002,10,2019-01-15,141567.88500000094,307,10063193.885000002
2019-01-16,9645514.295,11,10004851.295,2019-01-16,141567.88500000094,307,10170336.885000002,10,2019-01-16,141567.88500000094,307,10170336.885000002
2019-01-17,9612396.875,12,10003932.875,2019-01-17,141567.88500000094,307,10158363.885000002,10,2019-01-17,141567.88500000094,307,10158363.885000002
2019-01-18,9578753.685,13,10009651.685,2019-01-18,141567.88500000094,307,10317389.885000002,10,2019-01-18,141567.88500000094,307,10317389.885000002
2019-01-21,9544814.115,14,10012946.115,2019-01-21,141567.88500000094,307,10407033.885000002,10,2019-01-21,141567.88500000094,307,10407033.885000002
2019-01-22,9511136.415000001,15,10008836.415000001,2019-01-22,141567.88500000094,307,10327827.885000002,10,2019-01-22,141567.88500000094,307,10327827.885000002
2019-01-23,9477806.860000001,16,10003198.860000001,2019-01-23,141567.88500000094,307,10222526.885000002,10,2019-01-23,141567.88500000094,307,10222526.885000002
2019-01-24,9444284.455000002,17,10005743.455000002,2019-01-24,141567.88500000094,307,10280856.885000002,10,2019-01-24,141567.88500000094,307,10280856.885000002
2019-01-25,9410502.210000003,18,10009596.210000003,2019-01-25,141567.88500000094,307,10359448.885000002,10,2019-01-25,141567.88500000094,307,10359448.885000002
2019-01-28,9376894.545000004,19,10006003.545000004,2019-01-28,141567.88500000094,307,10306644.885000002,10,2019-01-28,141567.88500000094,307,10306644.885000002
2019-01-29,9343807.575000003,20,9995767.575000003,2019-01-29,141567.88500000094,307,10149153.885000002,10,2019-01-29,141567.88500000094,307,10149153.885000002
2019-01-30,9310630.270000003,21,9997057.270000003,2019-01-30,141567.88500000094,307,10176476.885000002,10,2019-01-30,141567.88500000094,307,10176476.885000002
2019-01-31,9276863.250000004,22,10008759.250000004,2019-01-31,141567.88500000094,307,10354843.885000002,10,2019-01-31,141567.88500000094,307,10354843.885000002
2019-02-01,9242643.540000003,23,10018065.540000003,2019-02-01,1943244.0450000009,243,10135746.045000002,8,2019-02-01,141567.88500000094,307,10491765.885000002
2019-02-07,9207755.960000003,24,10032683.960000003,2019-02-07,1884811.645000001,239,10099719.645000001,8,2019-02-07,141567.88500000094,307,10693771.885000002
2019-02-08,9173536.250000002,25,10016386.250000002,2019-02-08,892440.0550000011,268,9927792.055000002,9,2019-02-08,141567.88500000094,307,10491765.885000002
2019-02-11,9138981.590000002,26,10024125.590000002,2019-02-11,892440.0550000011,268,10016232.055000002,9,2019-02-11,141567.88500000094,307,10593075.885000002
2019-02-12,9104184.345000003,27,10029825.345000003,2019-02-12,892440.0550000011,268,10080284.055000002,9,2019-02-12,141567.88500000094,307,10666448.885000002
2019-02-13,9069038.955000002,28,10038566.955000002,2019-02-13,892440.0550000011,268,10172208.055000002,9,2019-02-13,141567.88500000094,307,10771749.885000002
2019-02-14,9033828.605000002,29,10039838.605000002,2019-02-14,892440.0550000011,268,10189360.055000002,9,2019-02-14,141567.88500000094,307,10791397.885000002
2019-02-15,8998832.420000002,30,10033202.420000002,2019-02-15,892440.0550000011,268,10132812.055000002,9,2019-02-15,141567.88500000094,307,10726620.885000002
2019-02-18,8963591.620000001,31,10039911.620000001,2019-02-18,892440.0550000011,268,10197400.055000002,9,2019-02-18,141567.88500000094,307,10800607.885000002
2019-02-19,8928211.765,32,10043635.765,2019-02-19,1794713.500000001,237,10055822.5,8,2019-02-19,141567.88500000094,307,10842666.885000002
2019-02-20,8892816.685,33,10043592.685,2019-02-20,803651.260000001,265,10044731.260000002,9,2019-02-20,141567.88500000094,307,10847271.885000002
2019-02-21,8857469.31,34,10041519.31,2019-02-21,803651.260000001,265,10032276.260000002,9,2019-02-21,141567.88500000094,307,10832842.885000002
2019-02-22,8822328.995000001,35,10034063.995000001,2019-02-22,803651.260000001,265,9978216.260000002,9,2019-02-22,141567.88500000094,307,10770214.885000002
2019-02-25,8786793.845,36,10047153.845,2019-02-25,803651.260000001,265,10081301.260000002,9,2019-02-25,141567.88500000094,307,10889637.885000002
2019-02-26,8751648.455,37,10032810.455,2019-02-26,803651.260000001,265,9979541.260000002,9,2019-02-26,141567.88500000094,307,10771749.885000002
2019-02-27,8716222.925,38,10042498.925,2019-02-27,803651.260000001,265,10052681.260000002,9,2019-02-27,141567.88500000094,307,10856481.885000002
2019-02-28,8680865.4,39,10039430.4,2019-02-28,803651.260000001,265,10034926.260000002,9,2019-02-28,141567.88500000094,307,10835912.885000002
2019-03-04,8644833.915000001,40,10064793.915000001,2019-03-04,4360651.060000001,145,9508006.060000002,5,2019-03-04,141567.88500000094,307,11039760.885000002
2019-03-05,8608949.605,41,10058463.605,2019-03-05,3391774.6900000013,172,9472662.690000001,6,2019-03-05,141567.88500000094,307,10995245.885000002
2019-03-06,8573070.370000001,42,10057728.370000001,2019-03-06,2423035.3450000016,199,9457486.345000003,7,2019-03-06,141567.88500000094,307,10993710.885000002
2019-03-07,8537374.850000001,43,10049598.850000001,2019-03-07,1423560.7850000015,227,9406696.785000002,8,2019-03-07,141567.88500000094,307,10938143.885000002
2019-03-08,8502099.540000001,44,10031275.540000001,2019-03-08,435852.1050000016,255,9298122.105000002,9,2019-03-08,141567.88500000094,307,10811045.885000002
2019-03-11,8466694.31,45,10036384.31,2019-03-11,435852.1050000016,255,9330762.105000002,9,2019-03-11,141567.88500000094,307,10850341.885000002
2019-03-12,8430618.165000001,46,10065596.165000001,2019-03-12,435852.1050000016,255,9499317.105000002,9,2019-03-12,141567.88500000094,307,11053268.885000002
2019-03-13,8394432.4,47,10070029.4,2019-03-13,2221967.2050000015,195,9173912.205000002,7,2019-03-13,141567.88500000094,307,11086424.885000002
2019-03-14,8357933.0,48,10084013.0,2019-03-14,1236483.4050000017,222,9219603.405000001,8,2019-03-14,141567.88500000094,307,11181287.885000002
2019-03-15,8321132.145,49,10097725.145,2019-03-15,242860.3200000018,249,9270853.320000002,9,2019-03-15,141567.88500000094,307,11272466.885000002
2019-03-18,8284236.895,50,10101736.895,2019-03-18,242860.3200000018,249,9294010.320000002,9,2019-03-18,141567.88500000094,307,11301017.885000002
2019-03-19,8247436.039999999,51,10096543.04,2019-03-19,242860.3200000018,249,9270853.320000002,9,2019-03-19,141567.88500000094,307,11272466.885000002
2019-03-20,8210511.3549999995,52,10102219.355,2019-03-20,242860.3200000018,249,9301231.320000002,9,2019-03-20,141567.88500000094,307,11309920.885000002
2019-03-21,8173433.404999999,53,10109523.405,2019-03-21,242860.3200000018,249,9338830.320000002,9,2019-03-21,141567.88500000094,307,11356277.885000002
2019-03-22,8135840.85,54,10135838.85,2019-03-22,242860.3200000018,249,9465073.320000002,9,2019-03-22,141567.88500000094,307,11511926.885000002
2019-03-25,8099124.239999999,55,10088694.239999998,2019-03-25,242860.3200000018,249,9250186.320000002,9,2019-03-25,141567.88500000094,307,11246985.885000002
2019-03-26,8062244.214999999,56,10097004.215,2019-03-26,242860.3200000018,249,9290275.320000002,9,2019-03-26,141567.88500000094,307,11296412.885000002
2019-03-27,8025031.269999999,57,10114822.27,2019-03-27,242860.3200000018,249,9371947.320000002,9,2019-03-27,141567.88500000094,307,11397108.885000002
2019-03-28,7988141.094999999,58,10096151.094999999,2019-03-28,242860.3200000018,249,9292765.320000002,9,2019-03-28,141567.88500000094,307,11299482.885000002
2019-03-29,7950844.919999999,59,10118799.919999998,2019-03-29,242860.3200000018,249,9392365.320000002,9,2019-03-29,141567.88500000094,307,11422282.885000002
2019-04-01,7913238.154999999,60,10136298.155,2019-04-01,242860.3200000018,249,9468559.320000002,9,2019-04-01,141567.88500000094,307,11516224.885000002
2019-04-02,7875664.885,61,10133762.885,2019-04-02,242860.3200000018,249,9460342.320000002,9,2019-04-02,141567.88500000094,307,11506093.885000002
2019-04-03,7837684.6,62,10157662.6,2019-04-03,1148961.4050000017,220,9381141.405000001,8,2019-04-03,141567.88500000094,307,11629200.885000002
2019-04-04,7799684.015,63,10158341.015,2019-04-04,160946.1950000017,246,9370940.195000002,9,2019-04-04,141567.88500000094,307,11635340.885000002
2019-04-05,7761642.83,64,10160298.83,2019-04-05,160946.1950000017,246,9380780.195000002,9,2019-04-05,141567.88500000094,307,11647620.885000002
2019-04-08,7723335.715,65,10176500.715,2019-04-08,160946.1950000017,246,9445232.195000002,9,2019-04-08,141567.88500000094,307,11728054.885000002
2019-04-09,7684913.905,66,10183277.905000001,2019-04-09,1045972.7150000017,218,9298144.715000002,8,2019-04-09,141567.88500000094,307,11762745.885000002
2019-04-10,7646700.17,67,10169183.17,2019-04-10,52415.605000001844,244,9238771.605000002,9,2019-04-10,141567.88500000094,307,11699810.885000002
2019-04-11,7608324.035,68,10179336.035,2019-04-11,52415.605000001844,244,9277811.605000002,9,2019-04-11,141567.88500000094,307,11748930.885000002
2019-04-12,7569986.47,69,10176185.469999999,2019-04-12,52415.605000001844,244,9268539.605000002,9,2019-04-12,141567.88500000094,307,11737264.885000002
2019-04-15,7531534.21,70,10183414.21,2019-04-15,52415.605000001844,244,9296111.605000002,9,2019-04-15,141567.88500000094,307,11771955.885000002
2019-04-16,7493076.875,71,10183195.875,2019-04-16,52415.605000001844,244,9297331.605000002,9,2019-04-16,141567.88500000094,307,11773490.885000002
2019-04-17,7454415.525,72,10196895.525,2019-04-17,52415.605000001844,244,9346375.605000002,9,2019-04-17,141567.88500000094,307,11835197.885000002
2019-04-18,7415838.42,73,10190349.42,2019-04-18,52415.605000001844,244,9326123.605000002,9,2019-04-18,141567.88500000094,307,11809716.885000002
2019-04-19,7376999.445,74,10208609.445,2019-04-19,947051.3050000018,216,9212291.305000002,8,2019-04-19,141567.88500000094,307,11888922.885000002
2019-04-22,7338008.220000001,75,10219133.22,2019-04-22,1845194.0050000018,188,9067214.005000003,7,2019-04-22,141567.88500000094,307,11934972.885000002
2019-04-23,7298921.585000001,76,10225605.585,2019-04-23,868028.1300000019,213,9070445.130000003,8,2019-04-23,141567.88500000094,307,11963830.885000002
2019-04-24,7259281.775000001,77,10266439.775000002,2019-04-24,3542055.510000002,131,8658129.510000002,5,2019-04-24,141567.88500000094,307,12131145.885000002
2019-04-25,7219133.450000001,78,10304423.450000001,2019-04-25,2578495.7100000023,155,8709520.710000003,6,2019-04-25,141567.88500000094,307,12284952.885000002
2019-04-26,7178900.880000001,79,10310302.88,2019-04-26,2506552.740000002,152,8531528.740000002,6,2019-04-26,141567.88500000094,307,12310433.885000002
2019-04-29,7138737.330000001,80,10304337.330000002,2019-04-29,1542627.5400000021,176,8506947.540000003,7,2019-04-29,141567.88500000094,307,12289557.885000002
2019-04-30,7098308.865000001,81,10324619.865000002,2019-04-30,572344.3800000022,200,8538544.380000003,8,2019-04-30,141567.88500000094,307,12369684.885000002
2019-05-02,7058125.0150000015,82,10304505.015,2019-05-02,572344.3800000022,200,8490344.380000003,8,2019-05-02,141567.88500000094,307,12295697.885000002
2019-05-03,7017887.370000002,83,10308256.370000001,2019-05-03,572344.3800000022,200,8500944.380000003,8,2019-05-03,141567.88500000094,307,12311968.885000002
2019-05-07,6977728.895000002,84,10301188.895000003,2019-05-07,572344.3800000022,200,8485344.380000003,8,2019-05-07,141567.88500000094,307,12288022.885000002
2019-05-08,6938159.120000002,85,10251884.120000001,2019-05-08,572344.3800000022,200,8369344.380000003,8,2019-05-08,141567.88500000094,307,12109962.885000002
2019-05-09,6898574.120000002,86,10252574.120000001,2019-05-09,572344.3800000022,200,8372344.380000003,8,2019-05-09,141567.88500000094,307,12114567.885000002
2019-05-10,6859028.705000002,87,10248635.705000002,2019-05-10,572344.3800000022,200,8364544.380000003,8,2019-05-10,141567.88500000094,307,12102594.885000002
2019-05-13,6819571.595000002,88,10240483.595000003,2019-05-13,572344.3800000022,200,8347144.380000003,8,2019-05-13,141567.88500000094,307,12075885.885000002
2019-05-14,6780808.745000002,89,10179718.745000001,2019-05-14,572344.3800000022,200,8210344.380000003,8,2019-05-14,141567.88500000094,307,11865897.885000002
2019-05-15,6741478.510000002,90,10228888.510000002,2019-05-15,572344.3800000022,200,8322144.380000003,8,2019-05-15,141567.88500000094,307,12037510.885000002
2019-05-16,6701928.020000001,91,10247834.020000001,2019-05-16,572344.3800000022,200,8365544.380000003,8,2019-05-16,141567.88500000094,307,12104129.885000002
2019-05-17,6661847.700000001,92,10294743.700000001,2019-05-17,572344.3800000022,200,8469944.380000003,8,2019-05-17,141567.88500000094,307,12264383.885000002
2019-05-20,6621822.190000001,93,10289184.190000001,2019-05-20,572344.3800000022,200,8459144.380000003,8,2019-05-20,141567.88500000094,307,12247805.885000002
2019-05-21,6582391.470000002,94,10234103.470000003,2019-05-21,572344.3800000022,200,8341944.380000003,8,2019-05-21,141567.88500000094,307,12067903.885000002
2019-05-22,6542939.435000001,95,10235494.435000002,2019-05-22,572344.3800000022,200,8346144.380000003,8,2019-05-22,141567.88500000094,307,12074350.885000002
2019-05-23,6503963.435000001,96,10190363.435000002,2019-05-23,572344.3800000022,200,8252344.380000003,8,2019-05-23,141567.88500000094,307,11930367.885000002
2019-05-24,6465170.135000002,97,10172510.135000002,2019-05-24,572344.3800000022,200,8216344.380000003,8,2019-05-24,141567.88500000094,307,11875107.885000002
2019-05-27,6426682.3500000015,98,10142744.350000001,2019-05-27,572344.3800000022,200,8156144.380000003,8,2019-05-27,141567.88500000094,307,11782700.885000002
2019-05-28,6388026.075000001,99,10158441.075000001,2019-05-28,572344.3800000022,200,8189344.380000003,8,2019-05-28,141567.88500000094,307,11833662.885000002
2019-05-29,6349718.960000001,100,10123818.96,2019-05-29,572344.3800000022,200,8120544.380000003,8,2019-05-29,141567.88500000094,307,11728054.885000002
2019-05-30,6311575.260000001,101,10107155.260000002,2019-05-30,572344.3800000022,200,8088344.380000003,8,2019-05-30,141567.88500000094,307,11678627.885000002
2019-05-31,6273554.375000001,102,10094372.375,2019-05-31,572344.3800000022,200,8064144.380000003,8,2019-05-31,141567.88500000094,307,11641480.885000002
2019-06-03,6236297.785000001,103,10017015.785,2019-06-03,572344.3800000022,200,7913544.380000003,8,2019-06-03,141567.88500000094,307,11410309.885000002
2019-06-04,6199586.250000001,104,9961162.25,2019-06-04,572344.3800000022,200,7806144.380000003,8,2019-06-04,141567.88500000094,307,11245450.885000002
2019-06-05,6161888.135000001,105,10061693.135000002,2019-06-05,572344.3800000022,200,8000544.380000003,8,2019-06-05,141567.88500000094,307,11543854.885000002
2019-06-07,6123814.470000001,106,10099980.47,2019-06-07,572344.3800000022,200,8074544.380000003,8,2019-06-07,141567.88500000094,307,11657444.885000002
2019-06-10,6084494.385000001,107,10229567.385000002,2019-06-10,572344.3800000022,200,8320144.380000003,8,2019-06-10,141567.88500000094,307,12034440.885000002
2019-06-11,6045164.15,108,10230056.15,2019-06-11,572344.3800000022,200,8322144.380000003,8,2019-06-11,141567.88500000094,307,12037510.885000002
2019-06-12,6005988.195,109,10213061.195,2019-06-12,572344.3800000022,200,8291744.380000003,8,2019-06-12,141567.88500000094,307,11990846.885000002
2019-06-13,5966877.2,110,10205507.2,2019-06-13,572344.3800000022,200,8278944.380000003,8,2019-06-13,141567.88500000094,307,11971198.885000002
2019-06-14,5927487.08,111,10235175.08,2019-06-14,572344.3800000022,200,8333944.380000003,8,2019-06-14,141567.88500000094,307,12055623.885000002
2019-06-17,5887897.005,112,10256457.004999999,2019-06-17,572344.3800000022,200,8373344.380000003,8,2019-06-17,141567.88500000094,307,12116102.885000002
2019-06-18,5848277.495,113,10259119.495000001,2019-06-18,572344.3800000022,200,8379144.380000003,8,2019-06-18,141567.88500000094,307,12125005.885000002
2019-06-19,5808352.47,114,10292542.469999999,2019-06-19,572344.3800000022,200,8439344.380000003,8,2019-06-19,141567.88500000094,307,12217412.885000002
2019-06-20,5768321.885,115,10303806.885,2019-06-20,572344.3800000022,200,8460144.380000003,8,2019-06-20,141567.88500000094,307,12249340.885000002
2019-06-21,5728576.515,116,10270904.515,2019-06-21,572344.3800000022,200,8403944.380000003,8,2019-06-21,141567.88500000094,307,12163073.885000002
2019-06-24,5688576.38,117,10299429.379999999,2019-06-24,572344.3800000022,200,8454144.380000003,8,2019-06-24,141567.88500000094,307,12240130.885000002
2019-06-25,5648921.345,118,10259063.344999999,2019-06-25,572344.3800000022,200,8386144.380000003,8,2019-06-25,141567.88500000094,307,12135750.885000002
2019-06-26,5609764.675,119,10200546.675,2019-06-26,572344.3800000022,200,8287944.380000003,8,2019-06-26,141567.88500000094,307,11985013.885000002
2019-06-27,5570189.825,120,10248989.825,2019-06-27,572344.3800000022,200,8370344.380000003,8,2019-06-27,141567.88500000094,307,12111497.885000002
2019-06-28,5530830.155,121,10222968.155000001,2019-06-28,572344.3800000022,200,8327944.380000003,8,2019-06-28,141567.88500000094,307,12046413.885000002
2019-07-01,5490628.035,122,10322804.035,2019-07-01,572344.3800000022,200,8493944.380000003,8,2019-07-01,141567.88500000094,307,12301223.885000002
2019-07-02,5450174.195,123,10352462.195,2019-07-02,572344.3800000022,200,8543544.380000003,8,2019-07-02,141567.88500000094,307,12377359.885000002
2019-07-03,5409626.975000001,124,10363178.975000001,2019-07-03,1472972.0400000021,173,8383976.040000002,7,2019-07-03,141567.88500000094,307,12405603.885000002
2019-07-04,5368746.835000001,125,10403246.835,2019-07-04,491848.68000000226,197,8426220.680000002,8,2019-07-04,141567.88500000094,307,12506299.885000002
2019-07-05,5327623.095000001,126,10432639.095,2019-07-05,491848.68000000226,197,8473500.680000002,8,2019-07-05,141567.88500000094,307,12579979.885000002
2019-07-08,5286727.73,127,10403684.73,2019-07-08,491848.68000000226,197,8429175.680000002,8,2019-07-08,141567.88500000094,307,12510904.885000002
2019-07-09,5246081.04,128,10371969.04,2019-07-09,491848.68000000226,197,8380910.6800000025,8,2019-07-09,141567.88500000094,307,12435689.885000002
2019-07-10,5204986.735,129,10427809.735,2019-07-10,491848.68000000226,197,8467787.680000002,8,2019-07-10,141567.88500000094,307,12571076.885000002
2019-07-11,5163744.24,130,10446034.24,2019-07-11,491848.68000000226,197,8496549.680000002,8,2019-07-11,141567.88500000094,307,12615898.885000002
2019-07-12,5122217.545,131,10481820.545,2019-07-12,491848.68000000226,197,8551709.680000002,8,2019-07-12,141567.88500000094,307,12701858.885000002
2019-07-15,5080488.865,132,10507272.865,2019-07-15,491848.68000000226,197,8590912.680000002,8,2019-07-15,141567.88500000094,307,12762951.885000002
2019-07-16,5038705.375,133,10513783.375,2019-07-16,491848.68000000226,197,8601550.680000002,8,2019-07-16,141567.88500000094,307,12779529.885000002
2019-07-17,4997078.195,134,10492686.195,2019-07-17,491848.68000000226,197,8571212.680000002,8,2019-07-17,141567.88500000094,307,12732251.885000002
2019-07-18,4955945.32,135,10426820.32,2019-07-18,491848.68000000226,197,8475273.680000002,8,2019-07-18,141567.88500000094,307,12582742.885000002
2019-07-19,4914577.98,136,10457393.98,2019-07-19,491848.68000000226,197,8520780.680000002,8,2019-07-19,141567.88500000094,307,12653659.885000002
2019-07-22,4873632.880000001,137,10400212.88,2019-07-22,491848.68000000226,197,8438828.680000002,8,2019-07-22,141567.88500000094,307,12525947.885000002
2019-07-23,4832284.825000001,138,10453990.825000001,2019-07-23,491848.68000000226,197,8517037.680000002,8,2019-07-23,141567.88500000094,307,12647826.885000002
2019-07-24,4790742.905000001,139,10479734.905000001,2019-07-24,491848.68000000226,197,8554664.680000002,8,2019-07-24,141567.88500000094,307,12706463.885000002
2019-07-25,4748861.9750000015,140,10525541.975000001,2019-07-25,1387646.7000000023,171,8443448.700000003,7,2019-07-25,141567.88500000094,307,12809001.885000002
2019-07-26,4706896.800000002,141,10536541.8,2019-07-26,422447.6750000024,194,8443377.675000003,8,2019-07-26,141567.88500000094,307,12834482.885000002
2019-07-29,4664897.115000002,142,10540715.115000002,2019-07-29,422447.6750000024,194,8449973.675000003,8,2019-07-29,141567.88500000094,307,12844920.885000002
2019-07-30,4622874.085000002,143,10543360.085,2019-07-30,422447.6750000024,194,8454435.675000003,8,2019-07-30,141567.88500000094,307,12851981.885000002
2019-07-31,4580998.230000001,144,10522006.23,2019-07-31,422447.6750000024,194,8426305.675000003,8,2019-07-31,141567.88500000094,307,12807466.885000002
2019-08-01,4539559.840000002,145,10459329.840000002,2019-08-01,422447.6750000024,194,8342691.675000003,8,2019-08-01,141567.88500000094,307,12675149.885000002
2019-08-02,4498356.930000002,146,10425080.930000002,2019-08-02,422447.6750000024,194,8297683.675000003,8,2019-08-02,141567.88500000094,307,12603925.885000002
2019-08-05,4457351.945000001,147,10396004.945,2019-08-05,422447.6750000024,194,8259853.675000003,8,2019-08-05,141567.88500000094,307,12544060.885000002
2019-08-06,4417227.980000001,148,10267815.98,2019-08-06,422447.6750000024,194,8091461.675000003,8,2019-08-06,141567.88500000094,307,12277584.885000002
2019-08-07,4376839.1000000015,149,10305847.100000001,2019-08-07,422447.6750000024,194,8142095.675000003,8,2019-08-07,141567.88500000094,307,12357711.885000002
2019-08-08,4335958.960000002,150,10377358.96,2019-08-08,422447.6750000024,194,8235991.675000003,8,2019-08-08,141567.88500000094,307,12506299.885000002
2019-08-09,4294655.565000002,151,10439298.565000001,2019-08-09,422447.6750000024,194,8316889.675000003,8,2019-08-09,141567.88500000094,307,12634318.885000002
2019-08-12,4253118.7200000025,152,10473414.720000003,2019-08-12,422447.6750000024,194,8361509.675000003,8,2019-08-12,141567.88500000094,307,12704928.885000002
2019-08-13,4212074.150000002,153,10399088.150000002,2019-08-13,422447.6750000024,194,8267419.675000003,8,2019-08-13,141567.88500000094,307,12556033.885000002
2019-08-14,4170472.345000002,154,10482470.345000003,2019-08-14,422447.6750000024,194,8373925.675000003,8,2019-08-14,141567.88500000094,307,12724576.885000002
2019-08-16,4129759.680000002,155,10346964.680000002,2019-08-16,422447.6750000024,194,8203981.675000003,8,2019-08-16,141567.88500000094,307,12455644.885000002
2019-08-19,4088451.210000002,156,10437339.21,2019-08-19,422447.6750000024,194,8317859.675000003,8,2019-08-19,141567.88500000094,307,12635853.885000002
2019-08-20,4046972.2200000016,157,10462934.220000003,2019-08-20,422447.6750000024,194,8350451.675000003,8,2019-08-20,141567.88500000094,307,12687429.885000002
2019-08-21,4005824.1200000015,158,10411144.120000001,2019-08-21,422447.6750000024,194,8287207.675000003,8,2019-08-21,141567.88500000094,307,12587347.885000002
2019-08-22,3964495.3500000015,159,10438657.350000001,2019-08-22,422447.6750000024,194,8321739.675000003,8,2019-08-22,141567.88500000094,307,12641993.885000002
2019-08-23,3922797.1200000015,160,10495917.120000001,2019-08-23,422447.6750000024,194,8392355.675000003,8,2019-08-23,141567.88500000094,307,12753741.885000002
2019-08-26,3882604.1350000016,161,10258043.135000002,2019-08-26,422447.6750000024,194,8104653.675000003,8,2019-08-26,141567.88500000094,307,12298460.885000002
2019-08-27,3841812.3000000017,162,10352430.3,2019-08-27,422447.6750000024,194,8219113.675000003,8,2019-08-27,141567.88500000094,307,12479590.885000002
2019-08-28,3800872.275000002,163,10375477.275000002,2019-08-28,422447.6750000024,194,8247437.675000003,8,2019-08-28,141567.88500000094,307,12524412.885000002
2019-08-29,3759917.025000002,164,10377317.025000002,2019-08-29,422447.6750000024,194,8250347.675000003,8,2019-08-29,141567.88500000094,307,12529017.885000002
2019-08-30,3718593.330000002,165,10436238.330000002,2019-08-30,422447.6750000024,194,8320769.675000003,8,2019-08-30,141567.88500000094,307,12640458.885000002
2019-09-02,3677514.250000002,166,10395866.250000002,2019-09-02,422447.6750000024,194,8274015.675000003,8,2019-09-02,141567.88500000094,307,12566471.885000002
2019-09-03,3636336.7150000017,167,10411359.715000002,2019-09-03,422447.6750000024,194,8292833.675000003,8,2019-09-03,141567.88500000094,307,12596250.885000002
2019-09-04,3595033.3200000017,168,10431457.320000002,2019-09-04,422447.6750000024,194,8316889.675000003,8,2019-09-04,141567.88500000094,307,12634318.885000002
2019-09-05,3553376.7050000015,169,10489305.705000002,2019-09-05,422447.6750000024,194,8384401.675000003,8,2019-09-05,141567.88500000094,307,12741154.885000002
2019-09-06,3511632.8000000017,170,10503222.8,2019-09-06,422447.6750000024,194,8401085.675000003,8,2019-09-06,141567.88500000094,307,12767556.885000002
2019-09-09,3469919.3450000016,171,10497506.345000003,2019-09-09,422447.6750000024,194,8395265.675000003,8,2019-09-09,141567.88500000094,307,12758346.885000002
2019-09-10,3428406.8600000017,172,10463034.860000001,2019-09-10,422447.6750000024,194,8356853.675000003,8,2019-09-10,141567.88500000094,307,12697560.885000002
2019-09-11,3386948.170000002,173,10453306.170000002,2019-09-11,422447.6750000024,194,8346571.675000003,8,2019-09-11,141567.88500000094,307,12681289.885000002
2019-09-16,3345654.9250000017,174,10424496.925,2019-09-16,422447.6750000024,194,8314949.675000003,8,2019-09-16,141567.88500000094,307,12631248.885000002
2019-09-17,3304361.6800000016,175,10423886.680000002,2019-09-17,422447.6750000024,194,8314949.675000003,8,2019-09-17,141567.88500000094,307,12631248.885000002
2019-09-18,3262680.7050000015,176,10490120.705000002,2019-09-18,422447.6750000024,194,8389057.675000003,8,2019-09-18,141567.88500000094,307,12748522.885000002
2019-09-19,3220926.6500000013,177,10502175.650000002,2019-09-19,422447.6750000024,194,8403025.675000003,8,2019-09-19,141567.88500000094,307,12770626.885000002
2019-09-20,3179138.0850000014,178,10507576.085,2019-09-20,422447.6750000024,194,8409621.675000003,8,2019-09-20,141567.88500000094,307,12781064.885000002
2019-09-23,3137349.5200000014,179,10506958.520000001,2019-09-23,422447.6750000024,194,8409621.675000003,8,2019-09-23,141567.88500000094,307,12781064.885000002
2019-09-24,3095646.2150000012,180,10491306.215000002,2019-09-24,422447.6750000024,194,8393325.675000003,8,2019-09-24,141567.88500000094,307,12755276.885000002
2019-09-25,3054517.4000000013,181,10388818.400000002,2019-09-25,422447.6750000024,194,8283521.675000003,8,2019-09-25,141567.88500000094,307,12581514.885000002
2019-09-26,3013023.1850000015,182,10453365.185000002,2019-09-26,422447.6750000024,194,8353361.675000003,8,2019-09-26,141567.88500000094,307,12692034.885000002
2019-09-27,2971655.8450000016,183,10430003.845000003,2019-09-27,422447.6750000024,194,8329111.675000003,8,2019-09-27,141567.88500000094,307,12653659.885000002
2019-09-30,2930655.9350000015,184,10363151.935000002,2019-09-30,422447.6750000024,194,8258883.675000003,8,2019-09-30,141567.88500000094,307,12542525.885000002
2019-10-01,2889217.5450000013,185,10442027.545000002,2019-10-01,422447.6750000024,194,8342691.675000003,8,2019-10-01,141567.88500000094,307,12675149.885000002
2019-10-02,2847984.1850000015,186,10404048.185000002,2019-10-02,422447.6750000024,194,8303503.675000003,8,2019-10-02,141567.88500000094,307,12613135.885000002
2019-10-04,2807342.570000001,187,10295009.57,2019-10-04,422447.6750000024,194,8190401.675000003,8,2019-10-04,141567.88500000094,307,12434154.885000002
2019-10-07,2766298.0000000014,188,10368642.000000002,2019-10-07,422447.6750000024,194,8267419.675000003,8,2019-10-07,141567.88500000094,307,12556033.885000002
2019-10-08,2725125.5400000014,189,10391721.540000001,2019-10-08,422447.6750000024,194,8291863.675000003,8,2019-10-08,141567.88500000094,307,12594715.885000002
2019-10-10,2684230.175000001,190,10339520.175,2019-10-10,422447.6750000024,194,8238901.675000003,8,2019-10-10,141567.88500000094,307,12510904.885000002
2019-10-11,2643146.0200000014,191,10374253.020000001,2019-10-11,422447.6750000024,194,8274985.675000003,8,2019-10-11,141567.88500000094,307,12568006.885000002
2019-10-14,2601917.7350000013,192,10400765.735000001,2019-10-14,422447.6750000024,194,8302533.675000003,8,2019-10-14,141567.88500000094,307,12611600.885000002
2019-10-15,2560385.9650000012,193,10457559.965000002,2019-10-15,422447.6750000024,194,8360539.675000003,8,2019-10-15,141567.88500000094,307,12703393.885000002
2019-10-16,2518558.8300000015,194,10513104.830000002,2019-10-16,422447.6750000024,194,8416993.675000003,8,2019-10-16,141567.88500000094,307,12792730.885000002
2019-10-17,2476877.8550000014,195,10484552.855,2019-10-17,422447.6750000024,194,8389057.675000003,8,2019-10-17,141567.88500000094,307,12748522.885000002
2019-10-18,2435231.3900000015,196,10477307.39,2019-10-18,422447.6750000024,194,8382461.675000003,8,2019-10-18,141567.88500000094,307,12738084.885000002
2019-10-21,2394008.1800000016,197,10394966.180000002,2019-10-21,422447.6750000024,194,8301563.675000003,8,2019-10-21,141567.88500000094,307,12610065.885000002
2019-10-22,2352539.3400000017,198,10442027.340000002,2019-10-22,422447.6750000024,194,8348511.675000003,8,2019-10-22,141567.88500000094,307,12684359.885000002
2019-10-23,2311529.2800000017,199,10351925.280000001,2019-10-23,422447.6750000024,194,8260823.675000003,8,2019-10-23,141567.88500000094,307,12545595.885000002
2019-10-24,2270261.4100000015,200,10401861.410000002,2019-10-24,422447.6750000024,194,8310099.675000003,8,2019-10-24,141567.88500000094,307,12623573.885000002
2019-10-25,2228563.1800000016,201,10486045.180000002,2019-10-25,422447.6750000024,194,8392355.675000003,8,2019-10-25,141567.88500000094,307,12753741.885000002
2019-10-28,2186716.7600000016,202,10514772.760000002,2019-10-28,422447.6750000024,194,8420679.675000003,8,2019-10-28,141567.88500000094,307,12798563.885000002
2019-10-29,2144637.9050000017,203,10560408.905000001,2019-10-29,1322479.1450000023,168,8287255.145000002,7,2019-10-29,141567.88500000094,307,12868866.885000002
2019-10-30,2102805.6950000017,204,10510461.695000002,2019-10-30,360338.3150000024,191,8232212.315000002,8,2019-10-30,141567.88500000094,307,12794265.885000002
2019-10-31,2060894.3150000018,205,10525754.315000001,2019-10-31,360338.3150000024,191,8247110.315000002,8,2019-10-31,141567.88500000094,307,12818211.885000002
2019-11-01,2018740.3500000017,206,10574126.350000001,2019-11-01,360338.3150000024,191,8292759.315000002,8,2019-11-01,141567.88500000094,307,12891584.885000002
2019-11-04,1976445.3000000017,207,10602135.3,2019-11-04,360338.3150000024,191,8319308.315000002,8,2019-11-04,141567.88500000094,307,12934257.885000002
2019-11-05,1934028.4500000016,208,10626348.450000001,2019-11-05,360338.3150000024,191,8342228.315000002,8,2019-11-05,141567.88500000094,307,12971097.885000002
2019-11-06,1891713.1000000015,209,10604923.100000001,2019-11-06,360338.3150000024,191,8323128.315000002,8,2019-11-06,141567.88500000094,307,12940397.885000002
2019-11-07,1849418.0500000014,210,10600118.05,2019-11-07,360338.3150000024,191,8319308.315000002,8,2019-11-07,141567.88500000094,307,12934257.885000002
2019-11-08,1807238.7100000014,211,10575554.71,2019-11-08,360338.3150000024,191,8297534.315000002,8,2019-11-08,141567.88500000094,307,12899259.885000002
2019-11-11,1764717.3150000013,212,10646033.315000001,2019-11-11,360338.3150000024,191,8361901.315000002,8,2019-11-11,141567.88500000094,307,13002718.885000002
2019-11-12,1721945.2150000012,213,10697765.215000002,2019-11-12,360338.3150000024,191,8409078.315000003,8,2019-11-12,141567.88500000094,307,13078547.885000002
2019-11-13,1679213.7150000012,214,10688613.715000002,2019-11-13,360338.3150000024,191,8401438.315000003,8,2019-11-13,141567.88500000094,307,13066267.885000002
2019-11-14,1636240.6450000012,215,10738910.645000001,2019-11-14,360338.3150000024,191,8446896.315000003,8,2019-11-14,141567.88500000094,307,13139333.885000002
2019-11-15,1593237.1250000012,216,10744725.125000002,2019-11-15,1244770.3150000023,166,8277858.315000002,7,2019-11-15,141567.88500000094,307,13148543.885000002
2019-11-18,1550224.4700000011,217,10746033.47,2019-11-18,255479.25000000233,189,8264732.250000002,8,2019-11-18,141567.88500000094,307,13151306.885000002
2019-11-19,1506904.2700000012,218,10811144.270000001,2019-11-19,255479.25000000233,189,8321999.250000002,8,2019-11-19,141567.88500000094,307,13244327.885000002
2019-11-20,1463569.8600000013,219,10813555.860000001,2019-11-20,255479.25000000233,189,8324645.250000002,8,2019-11-20,141567.88500000094,307,13248625.885000002
2019-11-21,1420159.3250000014,220,10829339.325000001,2019-11-21,255479.25000000233,189,8338820.250000002,8,2019-11-21,141567.88500000094,307,13271650.885000002
2019-11-22,1376683.8300000015,221,10842776.830000002,2019-11-22,255479.25000000233,189,8350916.250000002,8,2019-11-22,141567.88500000094,307,13291298.885000002
2019-11-25,1333188.0350000015,222,10846554.035000002,2019-11-25,255479.25000000233,189,8354696.250000002,8,2019-11-25,141567.88500000094,307,13297438.885000002
2019-11-26,1289352.2150000015,223,10920276.215000002,2019-11-26,255479.25000000233,189,8418011.250000002,8,2019-11-26,141567.88500000094,307,13400283.885000002
2019-11-27,1245363.1300000015,224,10953299.13,2019-11-27,255479.25000000233,189,8446550.250000002,8,2019-11-27,141567.88500000094,307,13446640.885000002
2019-11-28,1201132.4750000015,225,11005957.475000001,2019-11-28,2002045.4100000025,141,8146402.410000002,6,2019-11-28,141567.88500000094,307,13519706.885000002
2019-11-29,1156872.3850000014,226,11011828.385000002,2019-11-29,1902187.6700000027,139,7963421.670000003,6,2019-11-29,141567.88500000094,307,13528609.885000002
2019-12-02,1112429.5950000014,227,11051851.595,2019-12-02,924446.2900000028,161,7973992.290000003,7,2019-12-02,141567.88500000094,307,13583869.885000002
2019-12-03,1068528.8150000013,228,10929984.815000001,2019-12-03,924446.2900000028,161,7888018.290000003,7,2019-12-03,141567.88500000094,307,13419931.885000002
2019-12-04,1024549.8800000013,229,10946890.88,2019-12-04,924446.2900000028,161,7900415.290000003,7,2019-12-04,141567.88500000094,307,13443570.885000002
2019-12-05,980600.3800000013,230,10939600.38,2019-12-05,924446.2900000028,161,7895746.290000003,7,2019-12-05,141567.88500000094,307,13434667.885000002
2019-12-06,936390.0250000013,231,10998057.025000002,2019-12-06,924446.2900000028,161,7937123.290000003,7,2019-12-06,141567.88500000094,307,13513566.885000002
2019-12-09,891995.9550000014,232,11039211.955000002,2019-12-09,924446.2900000028,161,7966264.290000003,7,2019-12-09,141567.88500000094,307,13569133.885000002
2019-12-10,847543.0150000014,233,11052011.015,2019-12-10,924446.2900000028,161,7975602.290000003,7,2019-12-10,141567.88500000094,307,13586939.885000002
2019-12-11,803109.3600000014,234,11046927.360000001,2019-12-11,924446.2900000028,161,7972543.290000003,7,2019-12-11,141567.88500000094,307,13581106.885000002
2019-12-12,758705.1400000014,235,11039485.14,2019-12-12,924446.2900000028,161,7967874.290000003,7,2019-12-12,141567.88500000094,307,13572203.885000002
2019-12-13,714280.6200000014,236,11043528.620000001,2019-12-13,924446.2900000028,161,7971094.290000003,7,2019-12-13,141567.88500000094,307,13578343.885000002
2019-12-16,669797.2300000014,237,11056559.23,2019-12-16,1802719.3300000029,137,7806881.330000003,6,2019-12-16,141567.88500000094,307,13596149.885000002
2019-12-17,625224.5200000014,238,11076756.520000001,2019-12-17,822119.710000003,159,7804445.710000003,7,2019-12-17,141567.88500000094,307,13623165.885000002
2019-12-18,580641.6600000014,239,11078477.660000002,2019-12-18,822119.710000003,159,7806035.710000003,7,2019-12-18,141567.88500000094,307,13626235.885000002
2019-12-19,536109.5500000014,240,11065869.55,2019-12-19,822119.710000003,159,7798085.710000003,7,2019-12-19,141567.88500000094,307,13610885.885000002
2019-12-20,491455.64000000147,241,11094009.64,2019-12-20,822119.710000003,159,7817165.710000003,7,2019-12-20,141567.88500000094,307,13647725.885000002
2019-12-23,446454.6000000015,242,11175766.600000001,2019-12-23,1710613.150000003,135,7695973.150000003,6,2019-12-23,141567.88500000094,307,13752719.885000002
2019-12-24,401382.5100000015,243,11192040.510000002,2019-12-24,719027.1700000031,157,7690769.170000003,7,2019-12-24,141567.88500000094,307,13774209.885000002
2019-12-26,356315.4950000015,244,11190159.495000001,2019-12-26,719027.1700000031,157,7689984.170000003,7,2019-12-26,141567.88500000094,307,13772674.885000002
2019-12-27,310787.6700000015,245,11300262.670000002,2019-12-27,719027.1700000031,157,7761262.170000003,7,2019-12-27,141567.88500000094,307,13912052.885000002
2019-12-30,265529.8350000015,246,11234423.835,2019-12-30,719027.1700000031,157,7719500.170000003,7,2019-12-30,141567.88500000094,307,13830390.885000002
2020-01-02,220296.36000000147,247,11227851.360000001,2020-01-02,719027.1700000031,157,7715732.170000003,7,2020-01-02,141567.88500000094,307,13823022.885000002
2020-01-03,174635.57000000146,248,11331163.570000002,2020-01-03,719027.1700000031,157,7781829.170000003,7,2020-01-03,141567.88500000094,307,13952269.885000002
2020-01-06,129112.82000000146,249,11296762.820000002,2020-01-06,719027.1700000031,157,7760477.170000003,7,2020-01-06,141567.88500000094,307,13910517.885000002
2020-01-07,83145.50000000147,250,11405145.500000002,2020-01-07,719027.1700000031,157,7829243.170000003,7,2020-01-07,141567.88500000094,307,14044983.885000002
2020-01-08,37271.560000001475,251,11381467.560000002,2020-01-08,719027.1700000031,157,7814799.170000003,7,2020-01-08,141567.88500000094,307,14016739.885000002
2020-01-09,37271.560000001475,251,11433926.560000002,2020-01-09,1591030.195000003,134,7675300.195000003,6,2020-01-09,141567.88500000094,307,14080902.885000002
2020-01-10,37271.560000001475,251,11574737.560000002,2020-01-10,1494041.935000003,132,7561553.935000003,6,2020-01-10,141567.88500000094,307,14253129.885000002
2020-01-13,37271.560000001475,251,11501947.560000002,2020-01-13,520457.99500000314,153,7508885.995000003,7,2020-01-13,141567.88500000094,307,14164099.885000002
2020-01-14,37271.560000001475,251,11584526.560000002,2020-01-14,520457.99500000314,153,7559222.995000003,7,2020-01-14,141567.88500000094,307,14265102.885000002
2020-01-15,37271.560000001475,251,11534828.560000002,2020-01-15,520457.99500000314,153,7528928.995000003,7,2020-01-15,141567.88500000094,307,14204316.885000002
2020-01-16,37271.560000001475,251,11609877.560000002,2020-01-16,520457.99500000314,153,7574675.995000003,7,2020-01-16,141567.88500000094,307,14296109.885000002
2020-01-17,37271.560000001475,251,11693711.560000002,2020-01-17,520457.99500000314,153,7625777.995000003,7,2020-01-17,141567.88500000094,307,14398647.885000002
2020-01-20,37271.560000001475,251,11739644.560000002,2020-01-20,1415852.7100000032,130,7476842.710000003,6,2020-01-20,141567.88500000094,307,14454828.885000002
2020-01-21,37271.560000001475,251,11761732.560000002,2020-01-21,420207.7450000034,151,7473568.745000003,7,2020-01-21,141567.88500000094,307,14481844.885000002
2020-01-22,37271.560000001475,251,11875937.560000002,2020-01-22,420207.7450000034,151,7542273.745000003,7,2020-01-22,141567.88500000094,307,14621529.885000002
2020-01-23,37271.560000001475,251,11841299.560000002,2020-01-23,420207.7450000034,151,7521435.745000003,7,2020-01-23,141567.88500000094,307,14579163.885000002
2020-01-28,37271.560000001475,251,11657065.560000002,2020-01-28,420207.7450000034,151,7410601.745000003,7,2020-01-28,141567.88500000094,307,14353825.885000002
2020-01-29,37271.560000001475,251,11872172.560000002,2020-01-29,420207.7450000034,151,7540008.745000003,7,2020-01-29,141567.88500000094,307,14616924.885000002
2020-01-30,37271.560000001475,251,11833267.560000002,2020-01-30,420207.7450000034,151,7516603.745000003,7,2020-01-30,141567.88500000094,307,14569339.885000002
2020-01-31,37271.560000001475,251,12001688.560000002,2020-01-31,420207.7450000034,151,7617924.745000003,7,2020-01-31,141567.88500000094,307,14775336.885000002
2020-02-03,37271.560000001475,251,11985122.560000002,2020-02-03,420207.7450000034,151,7607958.745000003,7,2020-02-03,141567.88500000094,307,14755074.885000002
2020-02-04,37271.560000001475,251,12079498.560000002,2020-02-04,1301545.2350000034,129,7490578.235000003,6,2020-02-04,141567.88500000094,307,14870506.885000002
2020-02-05,37271.560000001475,251,12274274.560000002,2020-02-05,2103044.5550000034,105,7222109.555000003,5,2020-02-05,141567.88500000094,307,15108738.885000002
2020-02-06,37271.560000001475,251,12316442.560000002,2020-02-06,2008627.0250000036,103,7047490.025000004,5,2020-02-06,141567.88500000094,307,15160314.885000002
2020-02-07,37271.560000001475,251,12384714.560000002,2020-02-07,1010009.1250000037,123,7060748.125000004,6,2020-02-07,141567.88500000094,307,15243818.885000002
2020-02-10,37271.560000001475,251,12363881.560000002,2020-02-10,1010009.1250000037,123,7050539.125000004,6,2020-02-10,141567.88500000094,307,15218337.885000002
2020-02-11,37271.560000001475,251,12498668.560000002,2020-02-11,1010009.1250000037,123,7116590.125000004,6,2020-02-11,141567.88500000094,307,15383196.885000002
2020-02-12,37271.560000001475,251,12454492.560000002,2020-02-12,1010009.1250000037,123,7094942.125000004,6,2020-02-12,141567.88500000094,307,15329164.885000002
2020-02-13,37271.560000001475,251,12516238.560000002,2020-02-13,1010009.1250000037,123,7125200.125000004,6,2020-02-13,141567.88500000094,307,15404686.885000002
2020-02-14,37271.560000001475,251,12556649.560000002,2020-02-14,1010009.1250000037,123,7145003.125000004,6,2020-02-14,141567.88500000094,307,15454113.885000002
2020-02-17,37271.560000001475,251,12661818.560000002,2020-02-17,1891967.0200000037,102,7022261.020000003,5,2020-02-17,141567.88500000094,307,15582746.885000002
2020-02-18,37271.560000001475,251,12583757.560000002,2020-02-18,927987.0100000039,121,6976293.0100000035,6,2020-02-18,141567.88500000094,307,15487269.885000002
2020-02-19,37271.560000001475,251,12710010.560000002,2020-02-19,927987.0100000039,121,7037156.0100000035,6,2020-02-19,141567.88500000094,307,15641690.885000002
2020-02-20,37271.560000001475,251,12875419.560000002,2020-02-20,1824867.1900000037,100,6939667.190000003,5,2020-02-20,141567.88500000094,307,15844003.885000002
2020-02-21,37271.560000001475,251,12776274.560000002,2020-02-21,846095.5850000038,119,6885702.585000004,6,2020-02-21,141567.88500000094,307,15722738.885000002
2020-02-24,37271.560000001475,251,12443448.560000002,2020-02-24,846095.5850000038,119,6727908.585000004,6,2020-02-24,141567.88500000094,307,15315656.885000002
2020-02-25,37271.560000001475,251,12323721.560000002,2020-02-25,846095.5850000038,119,6671145.585000004,6,2020-02-25,141567.88500000094,307,15169217.885000002
2020-02-26,37271.560000001475,251,11947221.560000002,2020-02-26,846095.5850000038,119,6492645.585000004,6,2020-02-26,141567.88500000094,307,14708717.885000002
2020-02-27,37271.560000001475,251,11745668.560000002,2020-02-27,846095.5850000038,119,6397088.585000004,6,2020-02-27,141567.88500000094,307,14462196.885000002
2020-02-28,37271.560000001475,251,11074745.560000002,2020-02-28,846095.5850000038,119,6079001.585000004,6,2020-02-28,141567.88500000094,307,13641585.885000002
2020-03-02,37271.560000001475,251,11218317.560000002,2020-03-02,846095.5850000038,119,6147069.585000004,6,2020-03-02,141567.88500000094,307,13817189.885000002
2020-03-03,37271.560000001475,251,11665599.560000002,2020-03-03,846095.5850000038,119,6359127.585000004,6,2020-03-03,141567.88500000094,307,14364263.885000002
2020-03-04,37271.560000001475,251,11453755.560000002,2020-03-04,846095.5850000038,119,6258691.585000004,6,2020-03-04,141567.88500000094,307,14105155.885000002
2020-03-05,37271.560000001475,251,11594064.560000002,2020-03-05,846095.5850000038,119,6325212.585000004,6,2020-03-05,141567.88500000094,307,14276768.885000002
2020-03-06,37271.560000001475,251,11298386.560000002,2020-03-06,846095.5850000038,119,6185030.585000004,6,2020-03-06,141567.88500000094,307,13915122.885000002
2020-03-09,37271.560000001475,251,10731126.560000002,2020-03-09,846095.5850000038,119,5916090.585000004,6,2020-03-09,141567.88500000094,307,13221302.885000002
2020-03-10,37271.560000001475,251,10879718.560000002,2020-03-10,846095.5850000038,119,5986538.585000004,6,2020-03-10,141567.88500000094,307,13403046.885000002
2020-03-11,37271.560000001475,251,10744680.560000002,2020-03-11,846095.5850000038,119,5922516.585000004,6,2020-03-11,141567.88500000094,307,13237880.885000002
2020-03-12,37271.560000001475,251,10213564.560000002,2020-03-12,846095.5850000038,119,5670712.585000004,6,2020-03-12,141567.88500000094,307,12588268.885000002
2020-03-13,37271.560000001475,251,9909854.560000002,2020-03-13,846095.5850000038,119,5526722.585000004,6,2020-03-13,141567.88500000094,307,12216798.885000002
2020-03-16,37271.560000001475,251,10093335.560000002,2020-03-16,846095.5850000038,119,5613711.585000004,6,2020-03-16,141567.88500000094,307,12441215.885000002
2020-03-17,37271.560000001475,251,10077271.560000002,2020-03-17,846095.5850000038,119,5606095.585000004,6,2020-03-17,141567.88500000094,307,12421567.885000002
2020-03-18,37271.560000001475,251,9701022.560000002,2020-03-18,846095.5850000038,119,5427714.585000004,6,2020-03-18,141567.88500000094,307,11961374.885000002
2020-03-19,37271.560000001475,251,9953277.560000002,2020-03-19,846095.5850000038,119,5547309.585000004,6,2020-03-19,141567.88500000094,307,12269909.885000002
2020-03-20,37271.560000001475,251,10193986.560000002,2020-03-20,846095.5850000038,119,5661430.585000004,6,2020-03-20,141567.88500000094,307,12564322.885000002
2020-03-23,37271.560000001475,251,9544147.560000002,2020-03-23,846095.5850000038,119,5353339.585000004,6,2020-03-23,141567.88500000094,307,11769499.885000002
2020-03-24,37271.560000001475,251,10187962.560000002,2020-03-24,846095.5850000038,119,5658574.585000004,6,2020-03-24,141567.88500000094,307,12556954.885000002
2020-03-25,37271.560000001475,251,10240672.560000002,2020-03-25,846095.5850000038,119,5683564.585000004,6,2020-03-25,141567.88500000094,307,12621424.885000002
2020-03-26,37271.560000001475,251,10120443.560000002,2020-03-26,846095.5850000038,119,5626563.585000004,6,2020-03-26,141567.88500000094,307,12474371.885000002
2020-03-27,37271.560000001475,251,10431432.560000002,2020-03-27,846095.5850000038,119,5774004.585000004,6,2020-03-27,141567.88500000094,307,12854744.885000002
2020-03-30,37271.560000001475,251,10308442.560000002,2020-03-30,846095.5850000038,119,5715694.585000004,6,2020-03-30,141567.88500000094,307,12704314.885000002
2020-03-31,37271.560000001475,251,10548398.560000002,2020-03-31,846095.5850000038,119,5829458.585000004,6,2020-03-31,141567.88500000094,307,12997806.885000002
2020-04-01,37271.560000001475,251,10292880.560000002,2020-04-01,846095.5850000038,119,5708316.585000004,6,2020-04-01,141567.88500000094,307,12685280.885000002
2020-04-02,37271.560000001475,251,10224608.560000002,2020-04-02,846095.5850000038,119,5675948.585000004,6,2020-04-02,141567.88500000094,307,12601776.885000002
2020-04-03,37271.560000001475,251,10253222.560000002,2020-04-03,846095.5850000038,119,5689514.585000004,6,2020-04-03,141567.88500000094,307,12636774.885000002
2020-04-06,37271.560000001475,251,10639511.560000002,2020-04-06,846095.5850000038,119,5872655.585000004,6,2020-04-06,141567.88500000094,307,13109247.885000002
2020-04-07,37271.560000001475,251,10943974.560000002,2020-04-07,846095.5850000038,119,6017002.585000004,6,2020-04-07,141567.88500000094,307,13481638.885000002
2020-04-08,37271.560000001475,251,10865160.560000002,2020-04-08,846095.5850000038,119,5979636.585000004,6,2020-04-08,141567.88500000094,307,13385240.885000002
2020-04-09,37271.560000001475,251,11074745.560000002,2020-04-09,846095.5850000038,119,6079001.585000004,6,2020-04-09,141567.88500000094,307,13641585.885000002
2020-04-10,37271.560000001475,251,11074745.560000002,2020-04-10,846095.5850000038,119,6079001.585000004,6,2020-04-10,141567.88500000094,307,13641585.885000002
2020-04-13,37271.560000001475,251,10898041.560000002,2020-04-13,846095.5850000038,119,5995225.585000004,6,2020-04-13,141567.88500000094,307,13425457.885000002
2020-04-14,37271.560000001475,251,11333777.560000002,2020-04-14,846095.5850000038,119,6201809.585000004,6,2020-04-14,141567.88500000094,307,13958409.885000002
2020-04-16,37271.560000001475,251,11686181.560000002,2020-04-16,846095.5850000038,119,6368885.585000004,6,2020-04-16,141567.88500000094,307,14389437.885000002
2020-04-17,37271.560000001475,251,11934671.560000002,2020-04-17,846095.5850000038,119,6486695.585000004,6,2020-04-17,141567.88500000094,307,14693367.885000002
2020-04-20,37271.560000001475,251,11812434.560000002,2020-04-20,846095.5850000038,119,6428742.585000004,6,2020-04-20,141567.88500000094,307,14543858.885000002
2020-04-21,37271.560000001475,251,11808669.560000002,2020-04-21,846095.5850000038,119,6426957.585000004,6,2020-04-21,141567.88500000094,307,14539253.885000002
2020-04-22,37271.560000001475,251,11590550.560000002,2020-04-22,846095.5850000038,119,6323546.585000004,6,2020-04-22,141567.88500000094,307,14272470.885000002
2020-04-23,37271.560000001475,251,11802394.560000002,2020-04-23,846095.5850000038,119,6423982.585000004,6,2020-04-23,141567.88500000094,307,14531578.885000002
2020-04-24,37271.560000001475,251,11717305.560000002,2020-04-24,846095.5850000038,119,6383641.585000004,6,2020-04-24,141567.88500000094,307,14427505.885000002
2020-04-27,37271.560000001475,251,12006457.560000002,2020-04-27,846095.5850000038,119,6520729.585000004,6,2020-04-27,141567.88500000094,307,14781169.885000002
2020-04-28,37271.560000001475,251,11986377.560000002,2020-04-28,846095.5850000038,119,6511209.585000004,6,2020-04-28,141567.88500000094,307,14756609.885000002
2020-04-29,37271.560000001475,251,11851088.560000002,2020-04-29,846095.5850000038,119,6447068.585000004,6,2020-04-29,141567.88500000094,307,14591136.885000002
2020-05-04,37271.560000001475,251,11751943.560000002,2020-05-04,846095.5850000038,119,6400063.585000004,6,2020-05-04,141567.88500000094,307,14469871.885000002
2020-05-06,37271.560000001475,251,12089287.560000002,2020-05-06,846095.5850000038,119,6559999.585000004,6,2020-05-06,141567.88500000094,307,14882479.885000002
2020-05-07,37271.560000001475,251,12197217.560000002,2020-05-07,846095.5850000038,119,6611169.585000004,6,2020-05-07,141567.88500000094,307,15014489.885000002
2020-05-08,37271.560000001475,251,12362626.560000002,2020-05-08,846095.5850000038,119,6689590.585000004,6,2020-05-08,141567.88500000094,307,15216802.885000002
2020-05-11,37271.560000001475,251,12428890.560000002,2020-05-11,846095.5850000038,119,6721006.585000004,6,2020-05-11,141567.88500000094,307,15297850.885000002
2020-05-12,37271.560000001475,251,12492644.560000002,2020-05-12,846095.5850000038,119,6751232.585000004,6,2020-05-12,141567.88500000094,307,15375828.885000002
2020-05-13,37271.560000001475,251,12329996.560000002,2020-05-13,846095.5850000038,119,6674120.585000004,6,2020-05-13,141567.88500000094,307,15176892.885000002
2020-05-14,37271.560000001475,251,12139487.560000002,2020-05-14,846095.5850000038,119,6583799.585000004,6,2020-05-14,141567.88500000094,307,14943879.885000002
2020-05-15,37271.560000001475,251,12328741.560000002,2020-05-15,846095.5850000038,119,6673525.585000004,6,2020-05-15,141567.88500000094,307,15175357.885000002
2020-05-18,37271.560000001475,251,12517493.560000002,2020-05-18,846095.5850000038,119,6763013.585000004,6,2020-05-18,141567.88500000094,307,15406221.885000002
2020-05-19,37271.560000001475,251,12669348.560000002,2020-05-19,846095.5850000038,119,6835008.585000004,6,2020-05-19,141567.88500000094,307,15591956.885000002
2020-05-20,37271.560000001475,251,12697711.560000002,2020-05-20,846095.5850000038,119,6848455.585000004,6,2020-05-20,141567.88500000094,307,15626647.885000002
2020-05-21,37271.560000001475,251,12841785.560000002,2020-05-21,846095.5850000038,119,6916761.585000004,6,2020-05-21,141567.88500000094,307,15802865.885000002
2020-05-22,37271.560000001475,251,12689428.560000002,2020-05-22,846095.5850000038,119,6844528.585000004,6,2020-05-22,141567.88500000094,307,15616516.885000002
2020-05-25,37271.560000001475,251,12993389.560000002,2020-05-25,1751217.2150000038,98,6809781.215000004,5,2020-05-25,141567.88500000094,307,15988293.885000002
2020-05-26,37271.560000001475,251,13077976.560000002,2020-05-26,801999.365000004,116,6828779.365000004,6,2020-05-26,141567.88500000094,307,16091752.885000002
2020-05-27,37271.560000001475,251,12908049.560000002,2020-05-27,801999.365000004,116,6750247.365000004,6,2020-05-27,141567.88500000094,307,15883913.885000002
2020-05-28,37271.560000001475,251,12937667.560000002,2020-05-28,801999.365000004,116,6763935.365000004,6,2020-05-28,141567.88500000094,307,15920139.885000002
2020-05-29,37271.560000001475,251,12851072.560000002,2020-05-29,801999.365000004,116,6723915.365000004,6,2020-05-29,141567.88500000094,307,15814224.885000002
2020-06-01,37271.560000001475,251,12957747.560000002,2020-06-01,801999.365000004,116,6773215.365000004,6,2020-06-01,141567.88500000094,307,15944699.885000002
2020-06-02,37271.560000001475,251,12996903.560000002,2020-06-02,801999.365000004,116,6791311.365000004,6,2020-06-02,141567.88500000094,307,15992591.885000002
2020-06-03,37271.560000001475,251,13017987.560000002,2020-06-03,801999.365000004,116,6801055.365000004,6,2020-06-03,141567.88500000094,307,16018379.885000002
2020-06-04,37271.560000001475,251,13015477.560000002,2020-06-04,801999.365000004,116,6799895.365000004,6,2020-06-04,141567.88500000094,307,16015309.885000002
2020-06-05,37271.560000001475,251,12921854.560000002,2020-06-05,801999.365000004,116,6756627.365000004,6,2020-06-05,141567.88500000094,307,15900798.885000002
2020-06-08,37271.560000001475,251,13067936.560000002,2020-06-08,801999.365000004,116,6824139.365000004,6,2020-06-08,141567.88500000094,307,16079472.885000002
2020-06-09,37271.560000001475,251,13074211.560000002,2020-06-09,801999.365000004,116,6827039.365000004,6,2020-06-09,141567.88500000094,307,16087147.885000002
2020-06-10,37271.560000001475,251,13133949.560000002,2020-06-10,801999.365000004,116,6854647.365000004,6,2020-06-10,141567.88500000094,307,16160213.885000002
2020-06-11,37271.560000001475,251,13161057.560000002,2020-06-11,801999.365000004,116,6867175.365000004,6,2020-06-11,141567.88500000094,307,16193369.885000002
2020-06-12,37271.560000001475,251,12868391.560000002,2020-06-12,801999.365000004,116,6731919.365000004,6,2020-06-12,141567.88500000094,307,15835407.885000002
2020-06-15,37271.560000001475,251,12591036.560000002,2020-06-15,801999.365000004,116,6603739.365000004,6,2020-06-15,141567.88500000094,307,15496172.885000002
2020-06-16,37271.560000001475,251,13162312.560000002,2020-06-16,801999.365000004,116,6867755.365000004,6,2020-06-16,141567.88500000094,307,16194904.885000002
2020-06-17,37271.560000001475,251,13359096.560000002,2020-06-17,801999.365000004,116,6958699.365000004,6,2020-06-17,141567.88500000094,307,16435592.885000002
2020-06-18,37271.560000001475,251,13286557.560000002,2020-06-18,801999.365000004,116,6925175.365000004,6,2020-06-18,141567.88500000094,307,16346869.885000002
2020-06-19,37271.560000001475,251,13417579.560000002,2020-06-19,801999.365000004,116,6985727.365000004,6,2020-06-19,141567.88500000094,307,16507123.885000002
2020-06-22,37271.560000001475,251,13412559.560000002,2020-06-22,801999.365000004,116,6983407.365000004,6,2020-06-22,141567.88500000094,307,16500983.885000002
2020-06-23,37271.560000001475,251,13508190.560000002,2020-06-23,1698271.6650000038,96,6850495.665000004,5,2020-06-23,141567.88500000094,307,16617950.885000002
2020-06-24,37271.560000001475,251,13564665.560000002,2020-06-24,1613658.0850000037,94,6679694.085000004,5,2020-06-24,141567.88500000094,307,16687025.885000002
2020-06-25,37271.560000001475,251,13306135.560000002,2020-06-25,647832.8050000038,112,6568600.805000003,6,2020-06-25,141567.88500000094,307,16370815.885000002
2020-06-26,37271.560000001475,251,13386706.560000002,2020-06-26,647832.8050000038,112,6604552.805000003,6,2020-06-26,141567.88500000094,307,16469362.885000002
2020-06-29,37271.560000001475,251,13033047.560000002,2020-06-29,647832.8050000038,112,6446744.805000003,6,2020-06-29,141567.88500000094,307,16036799.885000002
2020-06-30,37271.560000001475,251,13236859.560000002,2020-06-30,647832.8050000038,112,6537688.805000003,6,2020-06-30,141567.88500000094,307,16286083.885000002
2020-07-01,37271.560000001475,251,13426364.560000002,2020-07-01,647832.8050000038,112,6622248.805000003,6,2020-07-01,141567.88500000094,307,16517868.885000002
2020-07-02,37271.560000001475,251,13642224.560000002,2020-07-02,1553022.9050000038,92,6539698.905000004,5,2020-07-02,141567.88500000094,307,16781888.885
2020-07-03,37271.560000001475,251,13725054.560000002,2020-07-03,556704.9950000038,110,6555334.995000004,6,2020-07-03,141567.88500000094,307,16883198.885
2020-07-06,37271.560000001475,251,13813155.560000002,2020-07-06,556704.9950000038,110,6593944.995000004,6,2020-07-06,141567.88500000094,307,16990955.885
2020-07-07,37271.560000001475,251,13945181.560000002,2020-07-07,1435784.6450000037,91,6478094.645000003,5,2020-07-07,141567.88500000094,307,17152437.885
2020-07-08,37271.560000001475,251,13857582.560000002,2020-07-08,485707.0900000038,108,6432295.090000004,6,2020-07-08,141567.88500000094,307,17045294.885
2020-07-09,37271.560000001475,251,14062147.560000002,2020-07-09,1372179.8300000038,89,6345143.830000004,5,2020-07-09,141567.88500000094,307,17295499.885
2020-07-10,37271.560000001475,251,14172085.560000002,2020-07-10,400481.76000000385,106,6369765.7600000035,6,2020-07-10,141567.88500000094,307,17429965.885
2020-07-13,37271.560000001475,251,14436890.560000002,2020-07-13,1262737.8300000038,88,6311209.830000004,5,2020-07-13,141567.88500000094,307,17753850.885
2020-07-14,37271.560000001475,251,14189153.560000002,2020-07-14,289866.4200000039,105,6209976.420000004,6,2020-07-14,141567.88500000094,307,17450841.885
2020-07-15,37271.560000001475,251,14212245.560000002,2020-07-15,289866.4200000039,105,6219636.420000004,6,2020-07-15,141567.88500000094,307,17479085.885
2020-07-16,37271.560000001475,251,14121132.560000002,2020-07-16,289866.4200000039,105,6181521.420000004,6,2020-07-16,141567.88500000094,307,17367644.885
2020-07-17,37271.560000001475,251,14141212.560000002,2020-07-17,289866.4200000039,105,6189921.420000004,6,2020-07-17,141567.88500000094,307,17392204.885
2020-07-20,37271.560000001475,251,14065661.560000002,2020-07-20,289866.4200000039,105,6158316.420000004,6,2020-07-20,141567.88500000094,307,17299797.885
2020-07-21,37271.560000001475,251,14573434.560000002,2020-07-21,289866.4200000039,105,6370731.420000004,6,2020-07-21,141567.88500000094,307,17920858.885
2020-07-22,37271.560000001475,251,14294824.560000002,2020-07-22,289866.4200000039,105,6254181.420000004,6,2020-07-22,141567.88500000094,307,17580088.885
2020-07-23,37271.560000001475,251,14395475.560000002,2020-07-23,289866.4200000039,105,6296286.420000004,6,2020-07-23,141567.88500000094,307,17703195.885
2020-07-24,37271.560000001475,251,13915312.560000002,2020-07-24,289866.4200000039,105,6095421.420000004,6,2020-07-24,141567.88500000094,307,17115904.885
2020-07-27,37271.560000001475,251,13856327.560000002,2020-07-27,289866.4200000039,105,6070746.420000004,6,2020-07-27,141567.88500000094,307,17043759.885
2020-07-28,37271.560000001475,251,14114857.560000002,2020-07-28,289866.4200000039,105,6178896.420000004,6,2020-07-28,141567.88500000094,307,17359969.885
2020-07-29,37271.560000001475,251,13909037.560000002,2020-07-29,289866.4200000039,105,6092796.420000004,6,2020-07-29,141567.88500000094,307,17108229.885
2020-07-30,37271.560000001475,251,14029517.560000002,2020-07-30,289866.4200000039,105,6143196.420000004,6,2020-07-30,141567.88500000094,307,17255589.885
2020-07-31,37271.560000001475,251,14271732.560000002,2020-07-31,289866.4200000039,105,6244521.420000004,6,2020-07-31,141567.88500000094,307,17551844.885
2020-08-03,37271.560000001475,251,14387192.560000002,2020-08-03,289866.4200000039,105,6292821.420000004,6,2020-08-03,141567.88500000094,307,17693064.885
2020-08-04,37271.560000001475,251,14562390.560000002,2020-08-04,289866.4200000039,105,6366111.420000004,6,2020-08-04,141567.88500000094,307,17907350.885
2020-08-05,37271.560000001475,251,14554860.560000002,2020-08-05,289866.4200000039,105,6362961.420000004,6,2020-08-05,141567.88500000094,307,17898140.885
2020-08-06,37271.560000001475,251,14489349.560000002,2020-08-06,289866.4200000039,105,6335556.420000004,6,2020-08-06,141567.88500000094,307,17818013.885
2020-08-07,37271.560000001475,251,14653001.560000002,2020-08-07,1165063.3200000038,87,6231073.320000004,5,2020-08-07,141567.88500000094,307,18018177.885
2020-08-10,37271.560000001475,251,14549840.560000002,2020-08-10,167396.47500000393,104,6180572.475000004,6,2020-08-10,141567.88500000094,307,17892000.885
2020-08-11,37271.560000001475,251,14536286.560000002,2020-08-11,167396.47500000393,104,6174956.475000004,6,2020-08-11,141567.88500000094,307,17875422.885
2020-08-12,37271.560000001475,251,14313398.560000002,2020-08-12,167396.47500000393,104,6082604.475000004,6,2020-08-12,141567.88500000094,307,17602806.885
2020-08-13,37271.560000001475,251,14507421.560000002,2020-08-13,167396.47500000393,104,6162996.475000004,6,2020-08-13,141567.88500000094,307,17840117.885
2020-08-14,37271.560000001475,251,14656766.560000002,2020-08-14,167396.47500000393,104,6224876.475000004,6,2020-08-14,141567.88500000094,307,18022782.885
2020-08-18,37271.560000001475,251,14739094.560000002,2020-08-18,167396.47500000393,104,6258988.475000004,6,2020-08-18,141567.88500000094,307,18123478.885
2020-08-19,37271.560000001475,251,14867104.560000002,2020-08-19,167396.47500000393,104,6312028.475000004,6,2020-08-19,141567.88500000094,307,18280048.885
2020-08-20,37271.560000001475,251,14737839.560000002,2020-08-20,167396.47500000393,104,6258468.475000004,6,2020-08-20,141567.88500000094,307,18121943.885
2020-08-21,37271.560000001475,251,15067402.560000002,2020-08-21,1067407.905000004,86,6217173.905000004,5,2020-08-21,141567.88500000094,307,18525034.885
2020-08-24,37271.560000001475,251,15242600.560000002,2020-08-24,1854026.220000004,67,5912819.220000004,4,2020-08-24,141567.88500000094,307,18739320.885
2020-08-25,37271.560000001475,251,15268704.560000002,2020-08-25,868534.300000004,83,5905223.3000000045,5,2020-08-25,141567.88500000094,307,18771248.885
2020-08-26,37271.560000001475,251,15373120.560000002,2020-08-26,868534.300000004,83,5939751.3000000045,5,2020-08-26,141567.88500000094,307,18898960.885
2020-08-27,37271.560000001475,251,15626128.560000002,2020-08-27,2631752.030000004,49,5674995.030000004,3,2020-08-27,141567.88500000094,307,19208416.885
2020-08-28,37271.560000001475,251,15669551.560000002,2020-08-28,1683539.030000004,64,5669459.030000004,4,2020-08-28,141567.88500000094,307,19261527.885
2020-08-31,37271.560000001475,251,15785011.560000002,2020-08-31,728322.5300000041,79,5684782.530000004,5,2020-08-31,141567.88500000094,307,19402747.885
2020-09-01,37271.560000001475,251,15876626.560000002,2020-09-01,728322.5300000041,79,5713617.530000004,5,2020-09-01,141567.88500000094,307,19514802.885
2020-09-02,37271.560000001475,251,16199663.560000002,2020-09-02,1642366.970000004,62,5634670.970000004,4,2020-09-02,141567.88500000094,307,19909911.885
2020-09-03,37271.560000001475,251,16203177.560000002,2020-09-03,661785.6200000041,77,5621047.620000004,5,2020-09-03,141567.88500000094,307,19914209.885
2020-09-04,37271.560000001475,251,15296816.560000002,2020-09-04,661785.6200000041,77,5343000.620000004,5,2020-09-04,141567.88500000094,307,18805632.885
2020-09-07,37271.560000001475,251,14912786.560000002,2020-09-07,661785.6200000041,77,5225190.620000004,5,2020-09-07,141567.88500000094,307,18335922.885
2020-09-08,37271.560000001475,251,15090494.560000002,2020-09-08,661785.6200000041,77,5279706.620000004,5,2020-09-08,141567.88500000094,307,18553278.885
2020-09-09,37271.560000001475,251,14533776.560000002,2020-09-09,661785.6200000041,77,5108920.620000004,5,2020-09-09,141567.88500000094,307,17872352.885
2020-09-10,37271.560000001475,251,14929854.560000002,2020-09-10,661785.6200000041,77,5230426.620000004,5,2020-09-10,141567.88500000094,307,18356798.885
2020-09-11,37271.560000001475,251,14770469.560000002,2020-09-11,661785.6200000041,77,5181531.620000004,5,2020-09-11,141567.88500000094,307,18161853.885
2020-09-14,37271.560000001475,251,14676093.560000002,2020-09-14,661785.6200000041,77,5152579.620000004,5,2020-09-14,141567.88500000094,307,18046421.885
2020-09-15,37271.560000001475,251,14721524.560000002,2020-09-15,661785.6200000041,77,5166516.620000004,5,2020-09-15,141567.88500000094,307,18101988.885
2020-09-16,37271.560000001475,251,14878399.560000002,2020-09-16,661785.6200000041,77,5214641.620000004,5,2020-09-16,141567.88500000094,307,18293863.885
2020-09-17,37271.560000001475,251,14284784.560000002,2020-09-17,661785.6200000041,77,5032536.620000004,5,2020-09-17,141567.88500000094,307,17567808.885
2020-09-18,37271.560000001475,251,14260437.560000002,2020-09-18,661785.6200000041,77,5025067.620000004,5,2020-09-18,141567.88500000094,307,17538029.885
2020-09-21,37271.560000001475,251,13896738.560000002,2020-09-21,661785.6200000041,77,4913494.620000004,5,2020-09-21,141567.88500000094,307,17093186.885
2020-09-22,37271.560000001475,251,14045832.560000002,2020-09-22,661785.6200000041,77,4959232.620000004,5,2020-09-22,141567.88500000094,307,17275544.885
2020-09-23,37271.560000001475,251,14287294.560000002,2020-09-23,661785.6200000041,77,5033306.620000004,5,2020-09-23,141567.88500000094,307,17570878.885
2020-09-24,37271.560000001475,251,13921587.560000002,2020-09-24,661785.6200000041,77,4921117.620000004,5,2020-09-24,141567.88500000094,307,17123579.885
2020-09-25,37271.560000001475,251,14094275.560000002,2020-09-25,661785.6200000041,77,4974093.620000004,5,2020-09-25,141567.88500000094,307,17334795.885
2020-09-28,37271.560000001475,251,14508676.560000002,2020-09-28,661785.6200000041,77,5101220.620000004,5,2020-09-28,141567.88500000094,307,17841652.885
2020-09-29,37271.560000001475,251,14710480.560000002,2020-09-29,661785.6200000041,77,5163128.620000004,5,2020-09-29,141567.88500000094,307,18088480.885
2020-10-05,37271.560000001475,251,14518716.560000002,2020-10-05,661785.6200000041,77,5104300.620000004,5,2020-10-05,141567.88500000094,307,17853932.885
2020-10-06,37271.560000001475,251,14660531.560000002,2020-10-06,661785.6200000041,77,5147805.620000004,5,2020-10-06,141567.88500000094,307,18027387.885
2020-10-07,37271.560000001475,251,14455213.560000002,2020-10-07,661785.6200000041,77,5084819.620000004,5,2020-10-07,141567.88500000094,307,17776261.885
2020-10-08,37271.560000001475,251,14679858.560000002,2020-10-08,661785.6200000041,77,5153734.620000004,5,2020-10-08,141567.88500000094,307,18051026.885
2020-10-12,37271.560000001475,251,14896722.560000002,2020-10-12,661785.6200000041,77,5220262.620000004,5,2020-10-12,141567.88500000094,307,18316274.885
2020-10-13,37271.560000001475,251,15304346.560000002,2020-10-13,661785.6200000041,77,5345310.620000004,5,2020-10-13,141567.88500000094,307,18814842.885
2020-10-14,37271.560000001475,251,15334466.560000002,2020-10-14,661785.6200000041,77,5354550.620000004,5,2020-10-14,141567.88500000094,307,18851682.885
2020-10-15,37271.560000001475,251,14989090.560000002,2020-10-15,661785.6200000041,77,5248598.620000004,5,2020-10-15,141567.88500000094,307,18429250.885
2020-10-16,37271.560000001475,251,14998879.560000002,2020-10-16,661785.6200000041,77,5251601.620000004,5,2020-10-16,141567.88500000094,307,18441223.885
2020-10-19,37271.560000001475,251,14971771.560000002,2020-10-19,661785.6200000041,77,5243285.620000004,5,2020-10-19,141567.88500000094,307,18408067.885
2020-10-20,37271.560000001475,251,14711735.560000002,2020-10-20,661785.6200000041,77,5163513.620000004,5,2020-10-20,141567.88500000094,307,18090015.885
2020-10-21,37271.560000001475,251,14641957.560000002,2020-10-21,661785.6200000041,77,5142107.620000004,5,2020-10-21,141567.88500000094,307,18004669.885
2020-10-22,37271.560000001475,251,14531266.560000002,2020-10-22,661785.6200000041,77,5108150.620000004,5,2020-10-22,141567.88500000094,307,17869282.885
2020-10-23,37271.560000001475,251,14537541.560000002,2020-10-23,661785.6200000041,77,5110075.620000004,5,2020-10-23,141567.88500000094,307,17876957.885
2020-10-26,37271.560000001475,251,14435635.560000002,2020-10-26,661785.6200000041,77,5078813.620000004,5,2020-10-26,141567.88500000094,307,17752315.885
2020-10-27,37271.560000001475,251,14310888.560000002,2020-10-27,661785.6200000041,77,5040544.620000004,5,2020-10-27,141567.88500000094,307,17599736.885
2020-10-28,37271.560000001475,251,14405264.560000002,2020-10-28,661785.6200000041,77,5069496.620000004,5,2020-10-28,141567.88500000094,307,17715168.885
2020-10-29,37271.560000001475,251,14080721.560000002,2020-10-29,661785.6200000041,77,4969935.620000004,5,2020-10-29,141567.88500000094,307,17318217.885
2020-10-30,37271.560000001475,251,13831729.560000002,2020-10-30,661785.6200000041,77,4893551.620000004,5,2020-10-30,141567.88500000094,307,17013673.885
2020-11-02,37271.560000001475,251,13842271.560000002,2020-11-02,661785.6200000041,77,4896785.620000004,5,2020-11-02,141567.88500000094,307,17026567.885
2020-11-03,37271.560000001475,251,13871136.560000002,2020-11-03,661785.6200000041,77,4905640.620000004,5,2020-11-03,141567.88500000094,307,17061872.885
2020-11-04,37271.560000001475,251,14461488.560000002,2020-11-04,661785.6200000041,77,5086744.620000004,5,2020-11-04,141567.88500000094,307,17783936.885
2020-11-05,37271.560000001475,251,14820669.560000002,2020-11-05,661785.6200000041,77,5196931.620000004,5,2020-11-05,141567.88500000094,307,18223253.885
2020-11-06,37271.560000001475,251,14762939.560000002,2020-11-06,661785.6200000041,77,5179221.620000004,5,2020-11-06,141567.88500000094,307,18152643.885
2020-11-09,37271.560000001475,251,15146718.560000002,2020-11-09,661785.6200000041,77,5296954.620000004,5,2020-11-09,141567.88500000094,307,18622046.885
2020-11-10,37271.560000001475,251,14425595.560000002,2020-11-10,661785.6200000041,77,5075733.620000004,5,2020-11-10,141567.88500000094,307,17740035.885
2020-11-11,37271.560000001475,251,14297083.560000002,2020-11-11,661785.6200000041,77,5036309.620000004,5,2020-11-11,141567.88500000094,307,17582851.885
2020-11-12,37271.560000001475,251,14561135.560000002,2020-11-12,661785.6200000041,77,5117313.620000004,5,2020-11-12,141567.88500000094,307,17905815.885
2020-11-13,37271.560000001475,251,14595020.560000002,2020-11-13,661785.6200000041,77,5127708.620000004,5,2020-11-13,141567.88500000094,307,17947260.885
2020-11-16,37271.560000001475,251,14712990.560000002,2020-11-16,661785.6200000041,77,5163898.620000004,5,2020-11-16,141567.88500000094,307,18091550.885
2020-11-17,37271.560000001475,251,14666304.560000002,2020-11-17,661785.6200000041,77,5149576.620000004,5,2020-11-17,141567.88500000094,307,18034448.885
2020-11-18,37271.560000001475,251,14523736.560000002,2020-11-18,661785.6200000041,77,5105840.620000004,5,2020-11-18,141567.88500000094,307,17860072.885
2020-11-19,37271.560000001475,251,14621877.560000002,2020-11-19,661785.6200000041,77,5135947.620000004,5,2020-11-19,141567.88500000094,307,17980109.885
2020-11-20,37271.560000001475,251,14727799.560000002,2020-11-20,661785.6200000041,77,5168441.620000004,5,2020-11-20,141567.88500000094,307,18109663.885
2020-11-23,37271.560000001475,251,14636937.560000002,2020-11-23,661785.6200000041,77,5140567.620000004,5,2020-11-23,141567.88500000094,307,17998529.885
2020-11-24,37271.560000001475,251,14667308.560000002,2020-11-24,661785.6200000041,77,5149884.620000004,5,2020-11-24,141567.88500000094,307,18035676.885
2020-11-25,37271.560000001475,251,14816151.560000002,2020-11-25,661785.6200000041,77,5195545.620000004,5,2020-11-25,141567.88500000094,307,18217727.885
2020-11-26,37271.560000001475,251,14856060.560000002,2020-11-26,661785.6200000041,77,5207788.620000004,5,2020-11-26,141567.88500000094,307,18266540.885
2020-11-27,37271.560000001475,251,14838992.560000002,2020-11-27,661785.6200000041,77,5202552.620000004,5,2020-11-27,141567.88500000094,307,18245664.885
2020-11-30,37271.560000001475,251,14891702.560000002,2020-11-30,661785.6200000041,77,5218722.620000004,5,2020-11-30,141567.88500000094,307,18310134.885
2020-12-01,37271.560000001475,251,15103295.560000002,2020-12-01,661785.6200000041,77,5283633.620000004,5,2020-12-01,141567.88500000094,307,18568935.885
2020-12-02,37271.560000001475,251,15102040.560000002,2020-12-02,661785.6200000041,77,5283248.620000004,5,2020-12-02,141567.88500000094,307,18567400.885
2020-12-03,37271.560000001475,251,15096518.560000002,2020-12-03,661785.6200000041,77,5281554.620000004,5,2020-12-03,141567.88500000094,307,18560646.885
2020-12-04,37271.560000001475,251,14929854.560000002,2020-12-04,661785.6200000041,77,5230426.620000004,5,2020-12-04,141567.88500000094,307,18356798.885
2020-12-07,37271.560000001475,251,14945918.560000002,2020-12-07,661785.6200000041,77,5235354.620000004,5,2020-12-07,141567.88500000094,307,18376446.885
2020-12-08,37271.560000001475,251,15033517.560000002,2020-12-08,661785.6200000041,77,5262227.620000004,5,2020-12-08,141567.88500000094,307,18483589.885
2020-12-09,37271.560000001475,251,15117100.560000002,2020-12-09,661785.6200000041,77,5287868.620000004,5,2020-12-09,141567.88500000094,307,18585820.885
2020-12-10,37271.560000001475,251,14800087.560000002,2020-12-10,661785.6200000041,77,5190617.620000004,5,2020-12-10,141567.88500000094,307,18198079.885
2020-12-11,37271.560000001475,251,14887184.560000002,2020-12-11,661785.6200000041,77,5217336.620000004,5,2020-12-11,141567.88500000094,307,18304608.885
2020-12-14,37271.560000001475,251,14931109.560000002,2020-12-14,661785.6200000041,77,5230811.620000004,5,2020-12-14,141567.88500000094,307,18358333.885
2020-12-15,37271.560000001475,251,15022222.560000002,2020-12-15,661785.6200000041,77,5258762.620000004,5,2020-12-15,141567.88500000094,307,18469774.885
2020-12-16,37271.560000001475,251,15208715.560000002,2020-12-16,661785.6200000041,77,5315973.620000004,5,2020-12-16,141567.88500000094,307,18697875.885
2020-12-17,37271.560000001475,251,15314888.560000002,2020-12-17,661785.6200000041,77,5348544.620000004,5,2020-12-17,141567.88500000094,307,18827736.885
2020-12-18,37271.560000001475,251,15427085.560000002,2020-12-18,661785.6200000041,77,5382963.620000004,5,2020-12-18,141567.88500000094,307,18964965.885
2020-12-21,37271.560000001475,251,15527485.560000002,2020-12-21,661785.6200000041,77,5413763.620000004,5,2020-12-21,141567.88500000094,307,19087765.885
2020-12-22,37271.560000001475,251,15446161.560000002,2020-12-22,661785.6200000041,77,5388815.620000004,5,2020-12-22,141567.88500000094,307,18988297.885
2020-12-23,37271.560000001475,251,15518700.560000002,2020-12-23,661785.6200000041,77,5411068.620000004,5,2020-12-23,141567.88500000094,307,19077020.885
2020-12-24,37271.560000001475,251,15415037.560000002,2020-12-24,661785.6200000041,77,5379267.620000004,5,2020-12-24,141567.88500000094,307,18950229.885
2020-12-28,37271.560000001475,251,15468249.560000002,2020-12-28,661785.6200000041,77,5395591.620000004,5,2020-12-28,141567.88500000094,307,19015313.885
2020-12-29,37271.560000001475,251,15536270.560000002,2020-12-29,661785.6200000041,77,5416458.620000004,5,2020-12-29,141567.88500000094,307,19098510.885
2020-12-30,37271.560000001475,251,15457205.560000002,2020-12-30,661785.6200000041,77,5392203.620000004,5,2020-12-30,141567.88500000094,307,19001805.885
2021-01-04,37271.560000001475,251,15389184.560000002,2021-01-04,661785.6200000041,77,5371336.620000004,5,2021-01-04,141567.88500000094,307,18918608.885
2021-01-05,37271.560000001475,251,15249879.560000002,2021-01-05,661785.6200000041,77,5328601.620000004,5,2021-01-05,141567.88500000094,307,18748223.885
2021-01-06,37271.560000001475,251,15168806.560000002,2021-01-06,661785.6200000041,77,5303730.620000004,5,2021-01-06,141567.88500000094,307,18649062.885
2021-01-07,37271.560000001475,251,15258664.560000002,2021-01-07,661785.6200000041,77,5331296.620000004,5,2021-01-07,141567.88500000094,307,18758968.885
2021-01-08,37271.560000001475,251,15605797.560000002,2021-01-08,661785.6200000041,77,5437787.620000004,5,2021-01-08,141567.88500000094,307,19183549.885
2021-01-11,37271.560000001475,251,15775473.560000002,2021-01-11,661785.6200000041,77,5489839.620000004,5,2021-01-11,141567.88500000094,307,19391081.885
2021-01-12,37271.560000001475,251,15676077.560000002,2021-01-12,661785.6200000041,77,5459347.620000004,5,2021-01-12,141567.88500000094,307,19269509.885
2021-01-13,37271.560000001475,251,15620606.560000002,2021-01-13,661785.6200000041,77,5442330.620000004,5,2021-01-13,141567.88500000094,307,19201662.885
2021-01-14,37271.560000001475,251,15697914.560000002,2021-01-14,661785.6200000041,77,5466046.620000004,5,2021-01-14,141567.88500000094,307,19296218.885
2021-01-15,37271.560000001475,251,15593749.560000002,2021-01-15,661785.6200000041,77,5434091.620000004,5,2021-01-15,141567.88500000094,307,19168813.885
2021-01-18,37271.560000001475,251,15561872.560000002,2021-01-18,661785.6200000041,77,5424312.620000004,5,2021-01-18,141567.88500000094,307,19129824.885
2021-01-19,37271.560000001475,251,15720002.560000002,2021-01-19,661785.6200000041,77,5472822.620000004,5,2021-01-19,141567.88500000094,307,19323234.885
2021-01-20,37271.560000001475,251,15845502.560000002,2021-01-20,661785.6200000041,77,5511322.620000004,5,2021-01-20,141567.88500000094,307,19476734.885
2021-01-21,37271.560000001475,251,16189121.560000002,2021-01-21,661785.6200000041,77,5616735.620000004,5,2021-01-21,141567.88500000094,307,19897017.885
2021-01-22,37271.560000001475,251,16233548.560000002,2021-01-22,661785.6200000041,77,5630364.620000004,5,2021-01-22,141567.88500000094,307,19951356.885
2021-01-25,37271.560000001475,251,16338968.560000002,2021-01-25,661785.6200000041,77,5662704.620000004,5,2021-01-25,141567.88500000094,307,20080296.885
2021-01-26,37271.560000001475,251,16364821.560000002,2021-01-26,661785.6200000041,77,5670635.620000004,5,2021-01-26,141567.88500000094,307,20111917.885
2021-01-27,37271.560000001475,251,16516676.560000002,2021-01-27,661785.6200000041,77,5717220.620000004,5,2021-01-27,141567.88500000094,307,20297652.885
2021-01-28,37271.560000001475,251,16093239.560000002,2021-01-28,661785.6200000041,77,5587321.620000004,5,2021-01-28,141567.88500000094,307,19779743.885
2021-01-29,37271.560000001475,251,16033501.560000002,2021-01-29,661785.6200000041,77,5568995.620000004,5,2021-01-29,141567.88500000094,307,19706677.885
2021-02-01,37271.560000001475,251,15966986.560000002,2021-02-01,661785.6200000041,77,5548590.620000004,5,2021-02-01,141567.88500000094,307,19625322.885
2021-02-02,37271.560000001475,251,16389419.560000002,2021-02-02,661785.6200000041,77,5678181.620000004,5,2021-02-02,141567.88500000094,307,20142003.885
2021-02-03,37271.560000001475,251,16644184.560000002,2021-02-03,661785.6200000041,77,5756336.620000004,5,2021-02-03,141567.88500000094,307,20453608.885
2021-02-04,37271.560000001475,251,16501867.560000002,2021-02-04,661785.6200000041,77,5712677.620000004,5,2021-02-04,141567.88500000094,307,20279539.885
2021-02-05,37271.560000001475,251,16873849.560000002,2021-02-05,2454109.780000004,45,5472619.780000004,3,2021-02-05,141567.88500000094,307,20734513.885
2021-02-08,37271.560000001475,251,16888658.560000002,2021-02-08,1500093.010000004,59,5461176.0100000035,4,2021-02-08,141567.88500000094,307,20752626.885
2021-02-09,37271.560000001475,251,16836952.560000002,2021-02-09,549003.5000000041,73,5434966.500000004,5,2021-02-09,141567.88500000094,307,20689384.885
2021-02-10,37271.560000001475,251,16781230.560000002,2021-02-10,549003.5000000041,73,5418760.500000004,5,2021-02-10,141567.88500000094,307,20621230.885
2021-02-15,37271.560000001475,251,16815868.560000002,2021-02-15,549003.5000000041,73,5428834.500000004,5,2021-02-15,141567.88500000094,307,20663596.885
2021-02-16,37271.560000001475,251,16850255.560000002,2021-02-16,549003.5000000041,73,5438835.500000004,5,2021-02-16,141567.88500000094,307,20705655.885
2021-02-17,37271.560000001475,251,16828167.560000002,2021-02-17,549003.5000000041,73,5432411.500000004,5,2021-02-17,141567.88500000094,307,20678639.885
2021-02-18,37271.560000001475,251,16681332.560000002,2021-02-18,549003.5000000041,73,5389706.500000004,5,2021-02-18,141567.88500000094,307,20499044.885
2021-02-19,37271.560000001475,251,16617578.560000002,2021-02-19,549003.5000000041,73,5371164.500000004,5,2021-02-19,141567.88500000094,307,20421066.885
2021-02-22,37271.560000001475,251,16562107.560000002,2021-02-22,549003.5000000041,73,5355031.500000004,5,2021-02-22,141567.88500000094,307,20353219.885
2021-02-23,37271.560000001475,251,16301820.560000002,2021-02-23,549003.5000000041,73,5279330.500000004,5,2021-02-23,141567.88500000094,307,20034860.885
2021-02-24,37271.560000001475,251,16017437.560000002,2021-02-24,549003.5000000041,73,5196621.500000004,5,2021-02-24,141567.88500000094,307,19687029.885
2021-02-25,37271.560000001475,251,16298055.560000002,2021-02-25,549003.5000000041,73,5278235.500000004,5,2021-02-25,141567.88500000094,307,20030255.885
2021-02-26,37271.560000001475,251,15807350.560000002,2021-02-26,549003.5000000041,73,5135520.500000004,5,2021-02-26,141567.88500000094,307,19430070.885
2021-03-02,37271.560000001475,251,16415272.560000002,2021-03-02,549003.5000000041,73,5312326.500000004,5,2021-03-02,141567.88500000094,307,20173624.885
2021-03-03,37271.560000001475,251,16254130.560000002,2021-03-03,549003.5000000041,73,5265460.500000004,5,2021-03-03,141567.88500000094,307,19976530.885
2021-03-04,37271.560000001475,251,15666037.560000002,2021-03-04,549003.5000000041,73,5094421.500000004,5,2021-03-04,141567.88500000094,307,19257229.885
2021-03-05,37271.560000001475,251,15464484.560000002,2021-03-05,549003.5000000041,73,5035802.500000004,5,2021-03-05,141567.88500000094,307,19010708.885
2021-03-08,37271.560000001475,251,15677332.560000002,2021-03-08,549003.5000000041,73,5097706.500000004,5,2021-03-08,141567.88500000094,307,19271044.885
2021-03-09,37271.560000001475,251,15592494.560000002,2021-03-09,549003.5000000041,73,5073032.500000004,5,2021-03-09,141567.88500000094,307,19167278.885
2021-03-10,37271.560000001475,251,16058350.560000002,2021-03-10,549003.5000000041,73,5208520.500000004,5,2021-03-10,141567.88500000094,307,19737070.885
2021-03-11,37271.560000001475,251,16095749.560000002,2021-03-11,549003.5000000041,73,5219397.500000004,5,2021-03-11,141567.88500000094,307,19782813.885
2021-03-12,37271.560000001475,251,16246851.560000002,2021-03-12,549003.5000000041,73,5263343.500000004,5,2021-03-12,141567.88500000094,307,19967627.885
2021-03-15,37271.560000001475,251,16177826.560000002,2021-03-15,549003.5000000041,73,5243268.500000004,5,2021-03-15,141567.88500000094,307,19883202.885
2021-03-16,37271.560000001475,251,16368586.560000002,2021-03-16,549003.5000000041,73,5298748.500000004,5,2021-03-16,141567.88500000094,307,20116522.885
2021-03-17,37271.560000001475,251,16407742.560000002,2021-03-17,549003.5000000041,73,5310136.500000004,5,2021-03-17,141567.88500000094,307,20164414.885
2021-03-18,37271.560000001475,251,16386909.560000002,2021-03-18,549003.5000000041,73,5304077.500000004,5,2021-03-18,141567.88500000094,307,20138933.885
2021-03-19,37271.560000001475,251,15939878.560000002,2021-03-19,549003.5000000041,73,5174064.500000004,5,2021-03-19,141567.88500000094,307,19592166.885
2021-03-22,37271.560000001475,251,16102024.560000002,2021-03-22,549003.5000000041,73,5221222.500000004,5,2021-03-22,141567.88500000094,307,19790488.885
2021-03-23,37271.560000001475,251,16226018.560000002,2021-03-23,549003.5000000041,73,5257284.500000004,5,2021-03-23,141567.88500000094,307,19942146.885
2021-03-24,37271.560000001475,251,16308095.560000002,2021-03-24,549003.5000000041,73,5281155.500000004,5,2021-03-24,141567.88500000094,307,20042535.885
2021-03-25,37271.560000001475,251,16043290.560000002,2021-03-25,549003.5000000041,73,5204140.500000004,5,2021-03-25,141567.88500000094,307,19718650.885
2021-03-26,37271.560000001475,251,16067135.560000002,2021-03-26,549003.5000000041,73,5211075.500000004,5,2021-03-26,141567.88500000094,307,19747815.885
2021-03-29,37271.560000001475,251,16065880.560000002,2021-03-29,549003.5000000041,73,5210710.500000004,5,2021-03-29,141567.88500000094,307,19746280.885
2021-03-30,37271.560000001475,251,16163017.560000002,2021-03-30,549003.5000000041,73,5238961.500000004,5,2021-03-30,141567.88500000094,307,19865089.885
2021-03-31,37271.560000001475,251,16113821.560000002,2021-03-31,549003.5000000041,73,5224653.500000004,5,2021-03-31,141567.88500000094,307,19804917.885
2021-04-01,37271.560000001475,251,16440623.560000002,2021-04-01,549003.5000000041,73,5319699.500000004,5,2021-04-01,141567.88500000094,307,20204631.885
2021-04-02,37271.560000001475,251,16611303.560000002,2021-04-02,549003.5000000041,73,5369339.500000004,5,2021-04-02,141567.88500000094,307,20413391.885
2021-04-05,37271.560000001475,251,16590721.560000002,2021-04-05,549003.5000000041,73,5363353.500000004,5,2021-04-05,141567.88500000094,307,20388217.885
2021-04-06,37271.560000001475,251,16766672.560000002,2021-04-06,549003.5000000041,73,5414526.500000004,5,2021-04-06,141567.88500000094,307,20603424.885
2021-04-07,37271.560000001475,251,16741823.560000002,2021-04-07,549003.5000000041,73,5407299.500000004,5,2021-04-07,141567.88500000094,307,20573031.885
2021-04-08,37271.560000001475,251,16925555.560000002,2021-04-08,549003.5000000041,73,5460735.500000004,5,2021-04-08,141567.88500000094,307,20797755.885
2021-04-09,37271.560000001475,251,17007632.560000002,2021-04-09,549003.5000000041,73,5484606.500000004,5,2021-04-09,141567.88500000094,307,20898144.885
2021-04-12,37271.560000001475,251,17142168.560000002,2021-04-12,549003.5000000041,73,5523734.500000004,5,2021-04-12,141567.88500000094,307,21062696.885
2021-04-13,37271.560000001475,251,17142168.560000002,2021-04-13,549003.5000000041,73,5523734.500000004,5,2021-04-13,141567.88500000094,307,21062696.885
2021-04-14,37271.560000001475,251,17227759.560000002,2021-04-14,549003.5000000041,73,5548627.500000004,5,2021-04-14,141567.88500000094,307,21167383.885
2021-04-15,37271.560000001475,251,17094980.560000002,2021-04-15,549003.5000000041,73,5510010.500000004,5,2021-04-15,141567.88500000094,307,21004980.885
2021-04-16,37271.560000001475,251,17218974.560000002,2021-04-16,549003.5000000041,73,5546072.500000004,5,2021-04-16,141567.88500000094,307,21156638.885
2021-04-19,37271.560000001475,251,17324896.560000002,2021-04-19,1411662.8750000042,58,5406412.875000004,4,2021-04-19,141567.88500000094,307,21286192.885
2021-04-20,37271.560000001475,251,17098745.560000002,2021-04-20,445752.33500000427,72,5339880.335000005,5,2021-04-20,141567.88500000094,307,21009585.885
2021-04-21,37271.560000001475,251,16989309.560000002,2021-04-21,445752.33500000427,72,5308488.335000005,5,2021-04-21,141567.88500000094,307,20875733.885
2021-04-22,37271.560000001475,251,17191615.560000002,2021-04-22,445752.33500000427,72,5366520.335000005,5,2021-04-22,141567.88500000094,307,21123175.885
2021-04-23,37271.560000001475,251,16969229.560000002,2021-04-23,445752.33500000427,72,5302728.335000005,5,2021-04-23,141567.88500000094,307,20851173.885
2021-04-26,37271.560000001475,251,17110040.560000002,2021-04-26,445752.33500000427,72,5343120.335000005,5,2021-04-26,141567.88500000094,307,21023400.885
2021-04-27,37271.560000001475,251,17196384.560000002,2021-04-27,445752.33500000427,72,5367888.335000005,5,2021-04-27,141567.88500000094,307,21129008.885
2021-04-28,37271.560000001475,251,17153212.560000002,2021-04-28,445752.33500000427,72,5355504.335000005,5,2021-04-28,141567.88500000094,307,21076204.885
2021-04-29,37271.560000001475,251,17150702.560000002,2021-04-29,445752.33500000427,72,5354784.335000005,5,2021-04-29,141567.88500000094,307,21073134.885
2021-04-30,37271.560000001475,251,17086446.560000002,2021-04-30,445752.33500000427,72,5336352.335000005,5,2021-04-30,141567.88500000094,307,20994542.885
2021-05-03,37271.560000001475,251,17196384.560000002,2021-05-03,445752.33500000427,72,5367888.335000005,5,2021-05-03,141567.88500000094,307,21129008.885
2021-05-04,37271.560000001475,251,17061597.560000002,2021-05-04,445752.33500000427,72,5329224.335000005,5,2021-05-04,141567.88500000094,307,20964149.885
2021-05-06,37271.560000001475,251,16796290.560000002,2021-05-06,445752.33500000427,72,5253120.335000005,5,2021-05-06,141567.88500000094,307,20639650.885
2021-05-07,37271.560000001475,251,16867323.560000002,2021-05-07,445752.33500000427,72,5273496.335000005,5,2021-05-07,141567.88500000094,307,20726531.885
2021-05-10,37271.560000001475,251,16856279.560000002,2021-05-10,445752.33500000427,72,5270328.335000005,5,2021-05-10,141567.88500000094,307,20713023.885
2021-05-11,37271.560000001475,251,16393435.560000002,2021-05-11,445752.33500000427,72,5137560.335000005,5,2021-05-11,141567.88500000094,307,20146915.885
2021-05-12,37271.560000001475,251,16493584.560000002,2021-05-12,445752.33500000427,72,5166288.335000005,5,2021-05-12,141567.88500000094,307,20269408.885
2021-05-13,37271.560000001475,251,16282995.560000002,2021-05-13,445752.33500000427,72,5105880.335000005,5,2021-05-13,141567.88500000094,307,20011835.885
2021-05-14,37271.560000001475,251,16426316.560000002,2021-05-14,445752.33500000427,72,5146992.335000005,5,2021-05-14,141567.88500000094,307,20187132.885
2021-05-17,37271.560000001475,251,16763911.560000002,2021-05-17,445752.33500000427,72,5243832.335000005,5,2021-05-17,141567.88500000094,307,20600047.885
2021-05-18,37271.560000001475,251,16722496.560000002,2021-05-18,445752.33500000427,72,5231952.335000005,5,2021-05-18,141567.88500000094,307,20549392.885
2021-05-20,37271.560000001475,251,16539517.560000002,2021-05-20,445752.33500000427,72,5179464.335000005,5,2021-05-20,141567.88500000094,307,20325589.885
2021-05-21,37271.560000001475,251,16808589.560000002,2021-05-21,445752.33500000427,72,5256648.335000005,5,2021-05-21,141567.88500000094,307,20654693.885
2021-05-24,37271.560000001475,251,16721241.560000002,2021-05-24,445752.33500000427,72,5231592.335000005,5,2021-05-24,141567.88500000094,307,20547857.885
2021-05-25,37271.560000001475,251,16992823.560000002,2021-05-25,445752.33500000427,72,5309496.335000005,5,2021-05-25,141567.88500000094,307,20880031.885
2021-05-26,37271.560000001475,251,16885897.560000002,2021-05-26,445752.33500000427,72,5278824.335000005,5,2021-05-26,141567.88500000094,307,20749249.885
2021-05-27,37271.560000001475,251,16879622.560000002,2021-05-27,445752.33500000427,72,5277024.335000005,5,2021-05-27,141567.88500000094,307,20741574.885
2021-05-28,37271.560000001475,251,16832936.560000002,2021-05-28,445752.33500000427,72,5263632.335000005,5,2021-05-28,141567.88500000094,307,20684472.885
2021-05-31,37271.560000001475,251,16807334.560000002,2021-05-31,445752.33500000427,72,5256288.335000005,5,2021-05-31,141567.88500000094,307,20653158.885
2021-06-01,37271.560000001475,251,16725006.560000002,2021-06-01,445752.33500000427,72,5232672.335000005,5,2021-06-01,141567.88500000094,307,20552462.885
2021-06-02,37271.560000001475,251,16768680.560000002,2021-06-02,445752.33500000427,72,5245200.335000005,5,2021-06-02,141567.88500000094,307,20605880.885
2021-06-03,37271.560000001475,251,16814362.560000002,2021-06-03,445752.33500000427,72,5258304.335000005,5,2021-06-03,141567.88500000094,307,20661754.885
2021-06-04,37271.560000001475,251,16645941.560000002,2021-06-04,445752.33500000427,72,5209992.335000005,5,2021-06-04,141567.88500000094,307,20455757.885
2021-06-07,37271.560000001475,251,16867323.560000002,2021-06-07,445752.33500000427,72,5273496.335000005,5,2021-06-07,141567.88500000094,307,20726531.885
2021-06-08,37271.560000001475,251,17008636.560000002,2021-06-08,445752.33500000427,72,5314032.335000005,5,2021-06-08,141567.88500000094,307,20899372.885
2021-06-09,37271.560000001475,251,17005122.560000002,2021-06-09,445752.33500000427,72,5313024.335000005,5,2021-06-09,141567.88500000094,307,20895074.885
2021-06-10,37271.560000001475,251,17017421.560000002,2021-06-10,445752.33500000427,72,5316552.335000005,5,2021-06-10,141567.88500000094,307,20910117.885
2021-06-11,37271.560000001475,251,17126104.560000002,2021-06-11,445752.33500000427,72,5347728.335000005,5,2021-06-11,141567.88500000094,307,21043048.885
2021-06-14,37271.560000001475,251,17266915.560000002,2021-06-14,445752.33500000427,72,5388120.335000005,5,2021-06-14,141567.88500000094,307,21215275.885
2021-06-15,37271.560000001475,251,17438850.560000002,2021-06-15,1314098.0600000042,57,5265851.060000004,4,2021-06-15,141567.88500000094,307,21425570.885
2021-06-16,37271.560000001475,251,17328912.560000002,2021-06-16,335156.9500000044,71,5226417.950000005,5,2021-06-16,141567.88500000094,307,21291104.885
2021-06-17,37271.560000001475,251,17366060.560000002,2021-06-17,335156.9500000044,71,5236925.950000005,5,2021-06-17,141567.88500000094,307,21336540.885
2021-06-18,37271.560000001475,251,17733775.560000002,2021-06-18,335156.9500000044,71,5340940.950000005,5,2021-06-18,141567.88500000094,307,21786295.885
2021-06-21,37271.560000001475,251,17621076.560000002,2021-06-21,335156.9500000044,71,5309061.950000005,5,2021-06-21,141567.88500000094,307,21648452.885
2021-06-22,37271.560000001475,251,17682069.560000002,2021-06-22,335156.9500000044,71,5326314.950000005,5,2021-06-22,141567.88500000094,307,21723053.885
2021-06-23,37271.560000001475,251,17955157.560000002,2021-06-23,1229266.6000000043,56,5226882.600000004,4,2021-06-23,141567.88500000094,307,22057069.885
2021-06-24,37271.560000001475,251,17936834.560000002,2021-06-24,288291.56500000437,69,5208888.565000004,5,2021-06-24,141567.88500000094,307,22034658.885
2021-06-25,37271.560000001475,251,17890148.560000002,2021-06-25,288291.56500000437,69,5196054.565000004,5,2021-06-25,141567.88500000094,307,21977556.885
2021-06-28,37271.560000001475,251,17927045.560000002,2021-06-28,288291.56500000437,69,5206197.565000004,5,2021-06-28,141567.88500000094,307,22022685.885
2021-06-29,37271.560000001475,251,18062836.560000002,2021-06-29,288291.56500000437,69,5243526.565000004,5,2021-06-29,141567.88500000094,307,22188772.885
2021-06-30,37271.560000001475,251,18136128.560000002,2021-06-30,288291.56500000437,69,5263674.565000004,5,2021-06-30,141567.88500000094,307,22278416.885
2021-07-01,37271.560000001475,251,18216950.560000002,2021-07-01,288291.56500000437,69,5285892.565000004,5,2021-07-01,141567.88500000094,307,22377270.885
2021-07-02,37271.560000001475,251,18214440.560000002,2021-07-02,288291.56500000437,69,5285202.565000004,5,2021-07-02,141567.88500000094,307,22374200.885
2021-07-05,37271.560000001475,251,18376837.560000002,2021-07-05,288291.56500000437,69,5329845.565000004,5,2021-07-05,141567.88500000094,307,22572829.885
2021-07-06,37271.560000001475,251,18353243.560000002,2021-07-06,288291.56500000437,69,5323359.565000004,5,2021-07-06,141567.88500000094,307,22543971.885
2021-07-07,37271.560000001475,251,18585669.560000002,2021-07-07,2016026.8050000044,41,5045844.805000004,3,2021-07-07,141567.88500000094,307,22828253.885
2021-07-08,37271.560000001475,251,18701129.560000002,2021-07-08,1034872.9950000044,54,5050204.995000005,4,2021-07-08,141567.88500000094,307,22969473.885
2021-07-09,37271.560000001475,251,18651180.560000002,2021-07-09,56344.99000000453,67,5024997.990000005,5,2021-07-09,141567.88500000094,307,22908380.885
2021-07-12,37271.560000001475,251,18776178.560000002,2021-07-12,56344.99000000453,67,5058363.990000005,5,2021-07-12,141567.88500000094,307,23061266.885
2021-07-13,37271.560000001475,251,18819099.560000002,2021-07-13,931084.3100000045,53,4896968.310000004,4,2021-07-13,141567.88500000094,307,23113763.885
2021-07-14,37271.560000001475,251,18862271.560000002,2021-07-14,931084.3100000045,53,4906084.310000004,4,2021-07-14,141567.88500000094,307,23166567.885
2021-07-15,37271.560000001475,251,18830143.560000002,2021-07-15,931084.3100000045,53,4899300.310000004,4,2021-07-15,141567.88500000094,307,23127271.885
2021-07-16,37271.560000001475,251,18635618.560000002,2021-07-16,931084.3100000045,53,4858225.310000004,4,2021-07-16,141567.88500000094,307,22889346.885
2021-07-19,37271.560000001475,251,18589183.560000002,2021-07-19,931084.3100000045,53,4848420.310000004,4,2021-07-19,141567.88500000094,307,22832551.885
2021-07-20,37271.560000001475,251,18599223.560000002,2021-07-20,931084.3100000045,53,4850540.310000004,4,2021-07-20,141567.88500000094,307,22844831.885
2021-07-21,37271.560000001475,251,18770154.560000002,2021-07-21,931084.3100000045,53,4886633.310000004,4,2021-07-21,141567.88500000094,307,23053898.885
2021-07-22,37271.560000001475,251,18859761.560000002,2021-07-22,931084.3100000045,53,4905554.310000004,4,2021-07-22,141567.88500000094,307,23163497.885
2021-07-23,37271.560000001475,251,19054788.560000002,2021-07-23,931084.3100000045,53,4946735.310000004,4,2021-07-23,141567.88500000094,307,23402036.885
2021-07-26,37271.560000001475,251,19253831.560000002,2021-07-26,1826070.7100000044,39,4811910.710000005,3,2021-07-26,141567.88500000094,307,23645487.885
2021-07-27,37271.560000001475,251,19190077.560000002,2021-07-27,896663.6300000044,51,4788269.630000005,4,2021-07-27,141567.88500000094,307,23567509.885
2021-07-28,37271.560000001475,251,19064828.560000002,2021-07-28,896663.6300000044,51,4762820.630000005,4,2021-07-28,141567.88500000094,307,23414316.885
2021-07-29,37271.560000001475,251,18998313.560000002,2021-07-29,896663.6300000044,51,4749305.630000005,4,2021-07-29,141567.88500000094,307,23332961.885
2021-07-30,37271.560000001475,251,18867793.560000002,2021-07-30,896663.6300000044,51,4722785.630000005,4,2021-07-30,141567.88500000094,307,23173321.885
2021-08-02,37271.560000001475,251,19122307.560000002,2021-08-02,896663.6300000044,51,4774499.630000005,4,2021-08-02,141567.88500000094,307,23484619.885
2021-08-03,37271.560000001475,251,19015632.560000002,2021-08-03,896663.6300000044,51,4752824.630000005,4,2021-08-03,141567.88500000094,307,23354144.885
2021-08-04,37271.560000001475,251,19043493.560000002,2021-08-04,896663.6300000044,51,4758485.630000005,4,2021-08-04,141567.88500000094,307,23388221.885
2021-08-05,37271.560000001475,251,19047258.560000002,2021-08-05,896663.6300000044,51,4759250.630000005,4,2021-08-05,141567.88500000094,307,23392826.885
2021-08-06,37271.560000001475,251,19132096.560000002,2021-08-06,896663.6300000044,51,4776488.630000005,4,2021-08-06,141567.88500000094,307,23496592.885
2021-08-09,37271.560000001475,251,19037469.560000002,2021-08-09,896663.6300000044,51,4757261.630000005,4,2021-08-09,141567.88500000094,307,23380853.885
2021-08-10,37271.560000001475,251,19203631.560000002,2021-08-10,896663.6300000044,51,4791023.630000005,4,2021-08-10,141567.88500000094,307,23584087.885
2021-08-11,37271.560000001475,251,19214675.560000002,2021-08-11,896663.6300000044,51,4793267.630000005,4,2021-08-11,141567.88500000094,307,23597595.885
2021-08-12,37271.560000001475,251,19244293.560000002,2021-08-12,896663.6300000044,51,4799285.630000005,4,2021-08-12,141567.88500000094,307,23633821.885
2021-08-13,37271.560000001475,251,19477723.560000002,2021-08-13,896663.6300000044,51,4846715.630000005,4,2021-08-13,141567.88500000094,307,23919331.885
2021-08-17,37271.560000001475,251,19647148.560000002,2021-08-17,896663.6300000044,51,4881140.630000005,4,2021-08-17,141567.88500000094,307,24126556.885
2021-08-18,37271.560000001475,251,19391881.560000002,2021-08-18,896663.6300000044,51,4829273.630000005,4,2021-08-18,141567.88500000094,307,23814337.885
2021-08-19,37271.560000001475,251,19187818.560000002,2021-08-19,896663.6300000044,51,4787810.630000005,4,2021-08-19,141567.88500000094,307,23564746.885
2021-08-20,37271.560000001475,251,19428778.560000002,2021-08-20,896663.6300000044,51,4836770.630000005,4,2021-08-20,141567.88500000094,307,23859466.885
2021-08-23,37271.560000001475,251,19629829.560000002,2021-08-23,896663.6300000044,51,4877621.630000005,4,2021-08-23,141567.88500000094,307,24105373.885
2021-08-24,37271.560000001475,251,19759345.560000002,2021-08-24,1749584.4000000046,38,4735396.400000004,3,2021-08-24,141567.88500000094,307,24263785.885
2021-08-25,37271.560000001475,251,19825107.560000002,2021-08-25,789361.9200000047,50,4731161.920000005,4,2021-08-25,141567.88500000094,307,24344219.885
2021-08-26,37271.560000001475,251,19828872.560000002,2021-08-26,789361.9200000047,50,4731911.920000005,4,2021-08-26,141567.88500000094,307,24348824.885
2021-08-27,37271.560000001475,251,19797748.560000002,2021-08-27,789361.9200000047,50,4725711.920000005,4,2021-08-27,141567.88500000094,307,24310756.885
2021-08-30,37271.560000001475,251,19898148.560000002,2021-08-30,789361.9200000047,50,4745711.920000005,4,2021-08-30,141567.88500000094,307,24433556.885
2021-08-31,37271.560000001475,251,20067824.560000002,2021-08-31,789361.9200000047,50,4779511.920000005,4,2021-08-31,141567.88500000094,307,24641088.885
2021-09-01,37271.560000001475,251,19990767.560000002,2021-09-01,789361.9200000047,50,4764161.920000005,4,2021-09-01,141567.88500000094,307,24546839.885
2021-09-02,37271.560000001475,251,20038708.560000002,2021-09-02,789361.9200000047,50,4773711.920000005,4,2021-09-02,141567.88500000094,307,24605476.885
2021-09-03,37271.560000001475,251,19965165.560000002,2021-09-03,789361.9200000047,50,4759061.920000005,4,2021-09-03,141567.88500000094,307,24515525.885
2021-09-06,37271.560000001475,251,20049501.560000002,2021-09-06,789361.9200000047,50,4775861.920000005,4,2021-09-06,141567.88500000094,307,24618677.885
2021-09-07,37271.560000001475,251,20075354.560000002,2021-09-07,789361.9200000047,50,4781011.920000005,4,2021-09-07,141567.88500000094,307,24650298.885
2021-09-08,37271.560000001475,251,20192571.560000002,2021-09-08,789361.9200000047,50,4804361.920000005,4,2021-09-08,141567.88500000094,307,24793667.885
2021-09-09,37271.560000001475,251,20113757.560000002,2021-09-09,789361.9200000047,50,4788661.920000005,4,2021-09-09,141567.88500000094,307,24697269.885
2021-09-10,37271.560000001475,251,20129570.560000002,2021-09-10,789361.9200000047,50,4791811.920000005,4,2021-09-10,141567.88500000094,307,24716610.885
2021-09-13,37271.560000001475,251,20093928.560000002,2021-09-13,789361.9200000047,50,4784711.920000005,4,2021-09-13,141567.88500000094,307,24673016.885
2021-09-14,37271.560000001475,251,19981982.560000002,2021-09-14,789361.9200000047,50,4762411.920000005,4,2021-09-14,141567.88500000094,307,24536094.885
2021-09-15,37271.560000001475,251,19910698.560000002,2021-09-15,789361.9200000047,50,4748211.920000005,4,2021-09-15,141567.88500000094,307,24448906.885
2021-09-16,37271.560000001475,251,20044983.560000002,2021-09-16,789361.9200000047,50,4774961.920000005,4,2021-09-16,141567.88500000094,307,24613151.885
2021-09-17,37271.560000001475,251,20154419.560000002,2021-09-17,789361.9200000047,50,4796761.920000005,4,2021-09-17,141567.88500000094,307,24747003.885
2021-09-23,37271.560000001475,251,19744536.560000002,2021-09-23,789361.9200000047,50,4715111.920000005,4,2021-09-23,141567.88500000094,307,24245672.885
2021-09-24,37271.560000001475,251,19859494.560000002,2021-09-24,789361.9200000047,50,4738011.920000005,4,2021-09-24,141567.88500000094,307,24386278.885
2021-09-27,37271.560000001475,251,19994281.560000002,2021-09-27,789361.9200000047,50,4764861.920000005,4,2021-09-27,141567.88500000094,307,24551137.885
2021-09-28,37271.560000001475,251,19786453.560000002,2021-09-28,789361.9200000047,50,4723461.920000005,4,2021-09-28,141567.88500000094,307,24296941.885
2021-09-29,37271.560000001475,251,19394391.560000002,2021-09-29,789361.9200000047,50,4645361.920000005,4,2021-09-29,141567.88500000094,307,23817407.885
2021-09-30,37271.560000001475,251,19448105.560000002,2021-09-30,789361.9200000047,50,4656061.920000005,4,2021-09-30,141567.88500000094,307,23883105.885
2021-10-01,37271.560000001475,251,19138371.560000002,2021-10-01,789361.9200000047,50,4594361.920000005,4,2021-10-01,141567.88500000094,307,23504267.885
2021-10-05,37271.560000001475,251,19008102.560000002,2021-10-05,789361.9200000047,50,4568411.920000005,4,2021-10-05,141567.88500000094,307,23344934.885
2021-10-06,37271.560000001475,251,19184053.560000002,2021-10-06,789361.9200000047,50,4603461.920000005,4,2021-10-06,141567.88500000094,307,23560141.885
2021-10-07,37271.560000001475,251,19594438.560000002,2021-10-07,789361.9200000047,50,4685211.920000005,4,2021-10-07,141567.88500000094,307,24062086.885
2021-10-08,37271.560000001475,251,19632339.560000002,2021-10-08,789361.9200000047,50,4692761.920000005,4,2021-10-08,141567.88500000094,307,24108443.885
2021-10-12,37271.560000001475,251,19399411.560000002,2021-10-12,789361.9200000047,50,4646361.920000005,4,2021-10-12,141567.88500000094,307,23823547.885
2021-10-13,37271.560000001475,251,19309302.560000002,2021-10-13,789361.9200000047,50,4628411.920000005,4,2021-10-13,141567.88500000094,307,23713334.885
2021-10-14,37271.560000001475,251,19466930.560000002,2021-10-14,789361.9200000047,50,4659811.920000005,4,2021-10-14,141567.88500000094,307,23906130.885
2021-10-15,37271.560000001475,251,19713161.560000002,2021-10-15,789361.9200000047,50,4708861.920000005,4,2021-10-15,141567.88500000094,307,24207297.885
2021-10-18,37271.560000001475,251,19771895.560000002,2021-10-18,789361.9200000047,50,4720561.920000005,4,2021-10-18,141567.88500000094,307,24279135.885
2021-10-19,37271.560000001475,251,19956631.560000002,2021-10-19,789361.9200000047,50,4757361.920000005,4,2021-10-19,141567.88500000094,307,24505087.885
2021-10-20,37271.560000001475,251,19960145.560000002,2021-10-20,789361.9200000047,50,4758061.920000005,4,2021-10-20,141567.88500000094,307,24509385.885
2021-10-21,37271.560000001475,251,19951611.560000002,2021-10-21,789361.9200000047,50,4756361.920000005,4,2021-10-21,141567.88500000094,307,24498947.885
2021-10-22,37271.560000001475,251,20045987.560000002,2021-10-22,789361.9200000047,50,4775161.920000005,4,2021-10-22,141567.88500000094,307,24614379.885
2021-10-25,37271.560000001475,251,19837406.560000002,2021-10-25,789361.9200000047,50,4733611.920000005,4,2021-10-25,141567.88500000094,307,24359262.885
2021-10-26,37271.560000001475,251,20098948.560000002,2021-10-26,789361.9200000047,50,4785711.920000005,4,2021-10-26,141567.88500000094,307,24679156.885
2021-10-27,37271.560000001475,251,20145634.560000002,2021-10-27,789361.9200000047,50,4795011.920000005,4,2021-10-27,141567.88500000094,307,24736258.885
2021-10-28,37271.560000001475,251,20206125.560000002,2021-10-28,789361.9200000047,50,4807061.920000005,4,2021-10-28,141567.88500000094,307,24810245.885
2021-10-29,37271.560000001475,251,20206125.560000002,2021-10-29,789361.9200000047,50,4807061.920000005,4,2021-10-29,141567.88500000094,307,24810245.885
2021-11-01,37271.560000001475,251,20610988.560000002,2021-11-01,2568865.490000005,24,4536073.490000005,2,2021-11-01,141567.88500000094,307,25305436.885
2021-11-02,37271.560000001475,251,20619773.560000002,2021-11-02,1570081.130000005,36,4522153.130000005,3,2021-11-02,141567.88500000094,307,25316181.885
2021-11-03,37271.560000001475,251,20819067.560000002,2021-11-03,645663.790000005,47,4537075.790000005,4,2021-11-03,141567.88500000094,307,25559939.885
2021-11-04,37271.560000001475,251,21121020.560000002,2021-11-04,1487333.7700000051,35,4427298.770000005,3,2021-11-04,141567.88500000094,307,25929260.885
2021-11-05,37271.560000001475,251,21408666.560000002,2021-11-05,536689.8450000052,46,4453359.845000005,4,2021-11-05,141567.88500000094,307,26281082.885
2021-11-08,37271.560000001475,251,21310525.560000002,2021-11-08,536689.8450000052,46,4435373.845000005,4,2021-11-08,141567.88500000094,307,26161045.885
2021-11-09,37271.560000001475,251,21233719.560000002,2021-11-09,536689.8450000052,46,4421297.845000005,4,2021-11-09,141567.88500000094,307,26067103.885
2021-11-10,37271.560000001475,251,21129303.560000002,2021-11-10,536689.8450000052,46,4402161.845000005,4,2021-11-10,141567.88500000094,307,25939391.885
2021-11-11,37271.560000001475,251,20923734.560000002,2021-11-11,536689.8450000052,46,4364487.845000005,4,2021-11-11,141567.88500000094,307,25687958.885
2021-11-12,37271.560000001475,251,20943814.560000002,2021-11-12,536689.8450000052,46,4368167.845000005,4,2021-11-12,141567.88500000094,307,25712518.885
2021-11-15,37271.560000001475,251,21140598.560000002,2021-11-15,536689.8450000052,46,4404231.845000005,4,2021-11-15,141567.88500000094,307,25953206.885
2021-11-16,37271.560000001475,251,21104956.560000002,2021-11-16,536689.8450000052,46,4397699.845000005,4,2021-11-16,141567.88500000094,307,25909612.885
2021-11-17,37271.560000001475,251,21313035.560000002,2021-11-17,536689.8450000052,46,4435833.845000005,4,2021-11-17,141567.88500000094,307,26164115.885
2021-11-18,37271.560000001475,251,21340394.560000002,2021-11-18,536689.8450000052,46,4440847.845000005,4,2021-11-18,141567.88500000094,307,26197578.885
2021-11-19,37271.560000001475,251,21698320.560000002,2021-11-19,536689.8450000052,46,4506443.845000005,4,2021-11-19,141567.88500000094,307,26635360.885
2021-11-22,37271.560000001475,251,21768851.560000002,2021-11-22,536689.8450000052,46,4519369.845000005,4,2021-11-22,141567.88500000094,307,26721627.885
2021-11-23,37271.560000001475,251,21466898.560000002,2021-11-23,536689.8450000052,46,4464031.845000005,4,2021-11-23,141567.88500000094,307,26352306.885
2021-11-24,37271.560000001475,251,21438284.560000002,2021-11-24,536689.8450000052,46,4458787.845000005,4,2021-11-24,141567.88500000094,307,26317308.885
2021-11-25,37271.560000001475,251,21596916.560000002,2021-11-25,536689.8450000052,46,4487859.845000005,4,2021-11-25,141567.88500000094,307,26511332.885
2021-11-26,37271.560000001475,251,21473926.560000002,2021-11-26,536689.8450000052,46,4465319.845000005,4,2021-11-26,141567.88500000094,307,26360902.885
2021-11-29,37271.560000001475,251,21372271.560000002,2021-11-29,536689.8450000052,46,4446689.845000005,4,2021-11-29,141567.88500000094,307,26236567.885
2021-11-30,37271.560000001475,251,21434519.560000002,2021-11-30,536689.8450000052,46,4458097.845000005,4,2021-11-30,141567.88500000094,307,26312703.885
2021-12-01,37271.560000001475,251,21366247.560000002,2021-12-01,536689.8450000052,46,4445585.845000005,4,2021-12-01,141567.88500000094,307,26229199.885
2021-12-02,37271.560000001475,251,20747783.560000002,2021-12-02,536689.8450000052,46,4332241.845000005,4,2021-12-02,141567.88500000094,307,25472751.885
2021-12-03,37271.560000001475,251,20894116.560000002,2021-12-03,536689.8450000052,46,4359059.845000005,4,2021-12-03,141567.88500000094,307,25651732.885
2021-12-06,37271.560000001475,251,20609733.560000002,2021-12-06,536689.8450000052,46,4306941.845000005,4,2021-12-06,141567.88500000094,307,25303901.885
2021-12-07,37271.560000001475,251,20804509.560000002,2021-12-07,536689.8450000052,46,4342637.845000005,4,2021-12-07,141567.88500000094,307,25542133.885
2021-12-08,37271.560000001475,251,21315545.560000002,2021-12-08,536689.8450000052,46,4436293.845000005,4,2021-12-08,141567.88500000094,307,26167185.885
2021-12-09,37271.560000001475,251,21251038.560000002,2021-12-09,536689.8450000052,46,4424471.845000005,4,2021-12-09,141567.88500000094,307,26088286.885
2021-12-10,37271.560000001475,251,21090147.560000002,2021-12-10,536689.8450000052,46,4394985.845000005,4,2021-12-10,141567.88500000094,307,25891499.885
2021-12-13,37271.560000001475,251,21364992.560000002,2021-12-13,536689.8450000052,46,4445355.845000005,4,2021-12-13,141567.88500000094,307,26227664.885
2021-12-14,37271.560000001475,251,21050238.560000002,2021-12-14,536689.8450000052,46,4387671.845000005,4,2021-12-14,141567.88500000094,307,25842686.885
2021-12-15,37271.560000001475,251,20902901.560000002,2021-12-15,536689.8450000052,46,4360669.845000005,4,2021-12-15,141567.88500000094,307,25662477.885
2021-12-16,37271.560000001475,251,21427240.560000002,2021-12-16,536689.8450000052,46,4456763.845000005,4,2021-12-16,141567.88500000094,307,26303800.885
2021-12-17,37271.560000001475,251,20702101.560000002,2021-12-17,536689.8450000052,46,4323869.845000005,4,2021-12-17,141567.88500000094,307,25416877.885
2021-12-20,37271.560000001475,251,20534684.560000002,2021-12-20,536689.8450000052,46,4293187.845000005,4,2021-12-20,141567.88500000094,307,25212108.885
2021-12-21,37271.560000001475,251,20827852.560000002,2021-12-21,536689.8450000052,46,4346915.845000005,4,2021-12-21,141567.88500000094,307,25570684.885
2021-12-22,37271.560000001475,251,21039194.560000002,2021-12-22,536689.8450000052,46,4385647.845000005,4,2021-12-22,141567.88500000094,307,25829178.885
2021-12-23,37271.560000001475,251,21224934.560000002,2021-12-23,536689.8450000052,46,4419687.845000005,4,2021-12-23,141567.88500000094,307,26056358.885
2021-12-24,37271.560000001475,251,21358717.560000002,2021-12-24,536689.8450000052,46,4444205.845000005,4,2021-12-24,141567.88500000094,307,26219989.885
2021-12-27,37271.560000001475,251,21418706.560000002,2021-12-27,536689.8450000052,46,4455199.845000005,4,2021-12-27,141567.88500000094,307,26293362.885
2021-12-28,37271.560000001475,251,21735468.560000002,2021-12-28,536689.8450000052,46,4513251.845000005,4,2021-12-28,141567.88500000094,307,26680796.885
2021-12-29,37271.560000001475,251,21702085.560000002,2021-12-29,536689.8450000052,46,4507133.845000005,4,2021-12-29,141567.88500000094,307,26639965.885
2021-12-30,37271.560000001475,251,21655901.560000002,2021-12-30,536689.8450000052,46,4498669.845000005,4,2021-12-30,141567.88500000094,307,26583477.885
2022-01-03,37271.560000001475,251,21622518.560000002,2022-01-03,536689.8450000052,46,4492551.845000005,4,2022-01-03,141567.88500000094,307,26542646.885
2022-01-04,37271.560000001475,251,21825075.560000002,2022-01-04,1406465.9250000052,34,4357801.925000005,3,2022-01-04,141567.88500000094,307,26790395.885
2022-01-05,37271.560000001475,251,21431005.560000002,2022-01-05,454828.3150000053,45,4290358.315000005,4,2022-01-05,141567.88500000094,307,26308405.885
2022-01-06,37271.560000001475,251,20800995.560000002,2022-01-06,454828.3150000053,45,4177408.315000005,4,2022-01-06,141567.88500000094,307,25537835.885
2022-01-07,37271.560000001475,251,20979205.560000002,2022-01-07,454828.3150000053,45,4209358.315000005,4,2022-01-07,141567.88500000094,307,25755805.885
2022-01-10,37271.560000001475,251,20749038.560000002,2022-01-10,454828.3150000053,45,4168093.315000005,4,2022-01-10,141567.88500000094,307,25474286.885
2022-01-11,37271.560000001475,251,20609733.560000002,2022-01-11,454828.3150000053,45,4143118.315000005,4,2022-01-11,141567.88500000094,307,25303901.885
2022-01-12,37271.560000001475,251,20901646.560000002,2022-01-12,454828.3150000053,45,4195453.315000005,4,2022-01-12,141567.88500000094,307,25660942.885
2022-01-13,37271.560000001475,251,20884327.560000002,2022-01-13,454828.3150000053,45,4192348.315000005,4,2022-01-13,141567.88500000094,307,25639759.885
2022-01-14,37271.560000001475,251,20377056.560000002,2022-01-14,454828.3150000053,45,4101403.315000005,4,2022-01-14,141567.88500000094,307,25019312.885
2022-01-17,37271.560000001475,251,20517365.560000002,2022-01-17,454828.3150000053,45,4126558.315000005,4,2022-01-17,141567.88500000094,307,25190925.885
2022-01-18,37271.560000001475,251,20335641.560000002,2022-01-18,454828.3150000053,45,4093978.315000005,4,2022-01-18,141567.88500000094,307,24968657.885
2022-01-19,37271.560000001475,251,19901662.560000002,2022-01-19,454828.3150000053,45,4016173.315000005,4,2022-01-19,141567.88500000094,307,24437854.885
2022-01-20,37271.560000001475,251,19940065.560000002,2022-01-20,454828.3150000053,45,4023058.315000005,4,2022-01-20,141567.88500000094,307,24484825.885
2022-01-21,37271.560000001475,251,19403427.560000002,2022-01-21,454828.3150000053,45,3926848.315000005,4,2022-01-21,141567.88500000094,307,23828459.885
2022-01-24,37271.560000001475,251,19253078.560000002,2022-01-24,454828.3150000053,45,3899893.315000005,4,2022-01-24,141567.88500000094,307,23644566.885
2022-01-25,37271.560000001475,251,18952380.560000002,2022-01-25,454828.3150000053,45,3845983.315000005,4,2022-01-25,141567.88500000094,307,23276780.885
2022-01-26,37271.560000001475,251,18853235.560000002,2022-01-26,454828.3150000053,45,3828208.315000005,4,2022-01-26,141567.88500000094,307,23155515.885
2022-01-27,37271.560000001475,251,18528692.560000002,2022-01-27,454828.3150000053,45,3770023.315000005,4,2022-01-27,141567.88500000094,307,22758564.885
2022-01-28,37271.560000001475,251,18884861.560000002,2022-01-28,454828.3150000053,45,3833878.315000005,4,2022-01-28,141567.88500000094,307,23194197.885
2022-02-03,37271.560000001475,251,19715922.560000002,2022-02-03,454828.3150000053,45,3982873.315000005,4,2022-02-03,141567.88500000094,307,24210674.885
2022-02-04,37271.560000001475,251,19609247.560000002,2022-02-04,454828.3150000053,45,3963748.315000005,4,2022-02-04,141567.88500000094,307,24080199.885
2022-02-07,37271.560000001475,251,19508596.560000002,2022-02-07,454828.3150000053,45,3945703.315000005,4,2022-02-07,141567.88500000094,307,23957092.885
2022-02-08,37271.560000001475,251,19313820.560000002,2022-02-08,454828.3150000053,45,3910783.315000005,4,2022-02-08,141567.88500000094,307,23718860.885
2022-02-09,37271.560000001475,251,19592179.560000002,2022-02-09,454828.3150000053,45,3960688.315000005,4,2022-02-09,141567.88500000094,307,24059323.885
2022-02-10,37271.560000001475,251,19865016.560000002,2022-02-10,454828.3150000053,45,4009603.315000005,4,2022-02-10,141567.88500000094,307,24393032.885
2022-02-11,37271.560000001475,251,19291230.560000002,2022-02-11,454828.3150000053,45,3906733.315000005,4,2022-02-11,141567.88500000094,307,23691230.885
2022-02-14,37271.560000001475,251,18831900.560000002,2022-02-14,454828.3150000053,45,3824383.315000005,4,2022-02-14,141567.88500000094,307,23129420.885
2022-02-15,37271.560000001475,251,18900925.560000002,2022-02-15,454828.3150000053,45,3836758.315000005,4,2022-02-15,141567.88500000094,307,23213845.885
2022-02-16,37271.560000001475,251,19268891.560000002,2022-02-16,454828.3150000053,45,3902728.315000005,4,2022-02-16,141567.88500000094,307,23663907.885
2022-02-17,37271.560000001475,251,19192838.560000002,2022-02-17,454828.3150000053,45,3889093.315000005,4,2022-02-17,141567.88500000094,307,23570886.885
2022-02-18,37271.560000001475,251,18858255.560000002,2022-02-18,454828.3150000053,45,3829108.315000005,4,2022-02-18,141567.88500000094,307,23161655.885
2022-02-21,37271.560000001475,251,18554545.560000002,2022-02-21,454828.3150000053,45,3774658.315000005,4,2022-02-21,141567.88500000094,307,22790185.885
2022-02-22,37271.560000001475,251,18054302.560000002,2022-02-22,454828.3150000053,45,3684973.315000005,4,2022-02-22,141567.88500000094,307,22178334.885
2022-02-23,37271.560000001475,251,18416746.560000002,2022-02-23,454828.3150000053,45,3749953.315000005,4,2022-02-23,141567.88500000094,307,22621642.885
2022-02-24,37271.560000001475,251,17495325.560000002,2022-02-24,454828.3150000053,45,3584758.315000005,4,2022-02-24,141567.88500000094,307,21494645.885
2022-02-25,37271.560000001475,251,18407961.560000002,2022-02-25,454828.3150000053,45,3748378.315000005,4,2022-02-25,141567.88500000094,307,22610897.885
2022-02-28,37271.560000001475,251,18425280.560000002,2022-02-28,454828.3150000053,45,3751483.315000005,4,2022-02-28,141567.88500000094,307,22632080.885
2022-03-02,37271.560000001475,251,18714934.560000002,2022-03-02,454828.3150000053,45,3803413.315000005,4,2022-03-02,141567.88500000094,307,22986358.885
2022-03-03,37271.560000001475,251,18962420.560000002,2022-03-03,454828.3150000053,45,3847783.315000005,4,2022-03-03,141567.88500000094,307,23289060.885
2022-03-04,37271.560000001475,251,18761871.560000002,2022-03-04,454828.3150000053,45,3811828.315000005,4,2022-03-04,141567.88500000094,307,23043767.885
2022-03-07,37271.560000001475,251,18464938.560000002,2022-03-07,454828.3150000053,45,3758593.315000005,4,2022-03-07,141567.88500000094,307,22680586.885
2022-03-08,37271.560000001475,251,18002847.560000002,2022-03-08,454828.3150000053,45,3675748.315000005,4,2022-03-08,141567.88500000094,307,22115399.885
2022-03-10,37271.560000001475,251,18601984.560000002,2022-03-10,454828.3150000053,45,3783163.315000005,4,2022-03-10,141567.88500000094,307,22848208.885
2022-03-11,37271.560000001475,251,18516393.560000002,2022-03-11,454828.3150000053,45,3767818.315000005,4,2022-03-11,141567.88500000094,307,22743521.885
2022-03-14,37271.560000001475,251,18316095.560000002,2022-03-14,454828.3150000053,45,3731908.315000005,4,2022-03-14,141567.88500000094,307,22498535.885
2022-03-15,37271.560000001475,251,17974986.560000002,2022-03-15,454828.3150000053,45,3670753.315000005,4,2022-03-15,141567.88500000094,307,22081322.885
2022-03-16,37271.560000001475,251,18539987.560000002,2022-03-16,454828.3150000053,45,3772048.315000005,4,2022-03-16,141567.88500000094,307,22772379.885
2022-03-17,37271.560000001475,251,18773166.560000002,2022-03-17,454828.3150000053,45,3813853.315000005,4,2022-03-17,141567.88500000094,307,23057582.885
2022-03-18,37271.560000001475,251,18749823.560000002,2022-03-18,454828.3150000053,45,3809668.315000005,4,2022-03-18,141567.88500000094,307,23029031.885
2022-03-21,37271.560000001475,251,19248811.560000002,2022-03-21,454828.3150000053,45,3899128.315000005,4,2022-03-21,141567.88500000094,307,23639347.885
2022-03-22,37271.560000001475,251,19301270.560000002,2022-03-22,454828.3150000053,45,3908533.315000005,4,2022-03-22,141567.88500000094,307,23703510.885
2022-03-23,37271.560000001475,251,19674507.560000002,2022-03-23,454828.3150000053,45,3975448.315000005,4,2022-03-23,141567.88500000094,307,24160019.885
2022-03-24,37271.560000001475,251,19578374.560000002,2022-03-24,454828.3150000053,45,3958213.315000005,4,2022-03-24,141567.88500000094,307,24042438.885
2022-03-25,37271.560000001475,251,19928519.560000002,2022-03-25,454828.3150000053,45,4020988.315000005,4,2022-03-25,141567.88500000094,307,24470703.885
2022-03-28,37271.560000001475,251,19912706.560000002,2022-03-28,454828.3150000053,45,4018153.315000005,4,2022-03-28,141567.88500000094,307,24451362.885
2022-03-29,37271.560000001475,251,20238755.560000002,2022-03-29,454828.3150000053,45,4076608.315000005,4,2022-03-29,141567.88500000094,307,24850155.885
2022-03-30,37271.560000001475,251,20372287.560000002,2022-03-30,454828.3150000053,45,4100548.315000005,4,2022-03-30,141567.88500000094,307,25013479.885
2022-03-31,37271.560000001475,251,20284939.560000002,2022-03-31,454828.3150000053,45,4084888.315000005,4,2022-03-31,141567.88500000094,307,24906643.885
2022-04-01,37271.560000001475,251,20056529.560000002,2022-04-01,454828.3150000053,45,4043938.315000005,4,2022-04-01,141567.88500000094,307,24627273.885
2022-04-04,37271.560000001475,251,19990265.560000002,2022-04-04,454828.3150000053,45,4032058.315000005,4,2022-04-04,141567.88500000094,307,24546225.885
2022-04-05,37271.560000001475,251,20308282.560000002,2022-04-05,454828.3150000053,45,4089073.315000005,4,2022-04-05,141567.88500000094,307,24935194.885
2022-04-06,37271.560000001475,251,19973197.560000002,2022-04-06,454828.3150000053,45,4028998.315000005,4,2022-04-06,141567.88500000094,307,24525349.885
2022-04-07,37271.560000001475,251,19566577.560000002,2022-04-07,454828.3150000053,45,3956098.315000005,4,2022-04-07,141567.88500000094,307,24028009.885
2022-04-08,37271.560000001475,251,19760851.560000002,2022-04-08,454828.3150000053,45,3990928.315000005,4,2022-04-08,141567.88500000094,307,24265627.885
2022-04-11,37271.560000001475,251,19447854.560000002,2022-04-11,454828.3150000053,45,3934813.315000005,4,2022-04-11,141567.88500000094,307,23882798.885
2022-04-12,37271.560000001475,251,19082649.560000002,2022-04-12,454828.3150000053,45,3869338.315000005,4,2022-04-12,141567.88500000094,307,23436113.885
2022-04-13,37271.560000001475,251,19105490.560000002,2022-04-13,454828.3150000053,45,3873433.315000005,4,2022-04-13,141567.88500000094,307,23464050.885
2022-04-14,37271.560000001475,251,19332645.560000002,2022-04-14,454828.3150000053,45,3914158.315000005,4,2022-04-14,141567.88500000094,307,23741885.885
2022-04-15,37271.560000001475,251,19120048.560000002,2022-04-15,454828.3150000053,45,3876043.315000005,4,2022-04-15,141567.88500000094,307,23481856.885
2022-04-18,37271.560000001475,251,18813326.560000002,2022-04-18,454828.3150000053,45,3821053.315000005,4,2022-04-18,141567.88500000094,307,23106702.885
2022-04-19,37271.560000001475,251,19141132.560000002,2022-04-19,454828.3150000053,45,3879823.315000005,4,2022-04-19,141567.88500000094,307,23507644.885
2022-04-20,37271.560000001475,251,19210157.560000002,2022-04-20,454828.3150000053,45,3892198.315000005,4,2022-04-20,141567.88500000094,307,23592069.885
2022-04-21,37271.560000001475,251,19294995.560000002,2022-04-21,454828.3150000053,45,3907408.315000005,4,2022-04-21,141567.88500000094,307,23695835.885
2022-04-22,37271.560000001475,251,18809812.560000002,2022-04-22,454828.3150000053,45,3820423.315000005,4,2022-04-22,141567.88500000094,307,23102404.885
2022-04-25,37271.560000001475,251,18320864.560000002,2022-04-25,454828.3150000053,45,3732763.315000005,4,2022-04-25,141567.88500000094,307,22504368.885
2022-04-26,37271.560000001475,251,18701631.560000002,2022-04-26,454828.3150000053,45,3801028.315000005,4,2022-04-26,141567.88500000094,307,22970087.885
2022-04-27,37271.560000001475,251,18348223.560000002,2022-04-27,454828.3150000053,45,3737668.315000005,4,2022-04-27,141567.88500000094,307,22537831.885
2022-04-28,37271.560000001475,251,18594956.560000002,2022-04-28,454828.3150000053,45,3781903.315000005,4,2022-04-28,141567.88500000094,307,22839612.885
2022-04-29,37271.560000001475,251,18597466.560000002,2022-04-29,454828.3150000053,45,3782353.315000005,4,2022-04-29,141567.88500000094,307,22842682.885
2022-05-02,37271.560000001475,251,18137132.560000002,2022-05-02,454828.3150000053,45,3699823.315000005,4,2022-05-02,141567.88500000094,307,22279644.885
2022-05-03,37271.560000001475,251,18358012.560000002,2022-05-03,454828.3150000053,45,3739423.315000005,4,2022-05-03,141567.88500000094,307,22549804.885
2022-05-04,37271.560000001475,251,18360522.560000002,2022-05-04,454828.3150000053,45,3739873.315000005,4,2022-05-04,141567.88500000094,307,22552874.885
2022-05-06,37271.560000001475,251,18089944.560000002,2022-05-06,454828.3150000053,45,3691363.315000005,4,2022-05-06,141567.88500000094,307,22221928.885
2022-05-09,37271.560000001475,251,17735783.560000002,2022-05-09,454828.3150000053,45,3627868.315000005,4,2022-05-09,141567.88500000094,307,21788751.885
2022-05-10,37271.560000001475,251,17478759.560000002,2022-05-10,454828.3150000053,45,3581788.315000005,4,2022-05-10,141567.88500000094,307,21474383.885
2022-05-11,37271.560000001475,251,17582673.560000002,2022-05-11,454828.3150000053,45,3600418.315000005,4,2022-05-11,141567.88500000094,307,21601481.885
2022-05-12,37271.560000001475,251,17044780.560000002,2022-05-12,454828.3150000053,45,3503983.315000005,4,2022-05-12,141567.88500000094,307,20943580.885
2022-05-13,37271.560000001475,251,17165762.560000002,2022-05-13,454828.3150000053,45,3525673.315000005,4,2022-05-13,141567.88500000094,307,21091554.885
2022-05-16,37271.560000001475,251,17431320.560000002,2022-05-16,454828.3150000053,45,3573283.315000005,4,2022-05-16,141567.88500000094,307,21416360.885
2022-05-17,37271.560000001475,251,17397937.560000002,2022-05-17,454828.3150000053,45,3567298.315000005,4,2022-05-17,141567.88500000094,307,21375529.885
2022-05-18,37271.560000001475,251,17544772.560000002,2022-05-18,454828.3150000053,45,3593623.315000005,4,2022-05-18,141567.88500000094,307,21555124.885
2022-05-19,37271.560000001475,251,16817876.560000002,2022-05-19,454828.3150000053,45,3463303.315000005,4,2022-05-19,141567.88500000094,307,20666052.885
2022-05-20,37271.560000001475,251,16863558.560000002,2022-05-20,454828.3150000053,45,3471493.315000005,4,2022-05-20,141567.88500000094,307,20721926.885
2022-05-23,37271.560000001475,251,16817876.560000002,2022-05-23,454828.3150000053,45,3463303.315000005,4,2022-05-23,141567.88500000094,307,20666052.885
2022-05-24,37271.560000001475,251,16543031.560000002,2022-05-24,454828.3150000053,45,3414028.315000005,4,2022-05-24,141567.88500000094,307,20329887.885
2022-05-25,37271.560000001475,251,16554326.560000002,2022-05-25,454828.3150000053,45,3416053.315000005,4,2022-05-25,141567.88500000094,307,20343702.885
2022-05-26,37271.560000001475,251,16648702.560000002,2022-05-26,454828.3150000053,45,3432973.315000005,4,2022-05-26,141567.88500000094,307,20459134.885
2022-05-27,37271.560000001475,251,17016668.560000002,2022-05-27,454828.3150000053,45,3498943.315000005,4,2022-05-27,141567.88500000094,307,20909196.885
2022-05-30,37271.560000001475,251,17637391.560000002,2022-05-30,454828.3150000053,45,3610228.315000005,4,2022-05-30,141567.88500000094,307,21668407.885
2022-05-31,37271.560000001475,251,17411240.560000002,2022-05-31,454828.3150000053,45,3569683.315000005,4,2022-05-31,141567.88500000094,307,21391800.885
2022-06-02,37271.560000001475,251,17390658.560000002,2022-06-02,454828.3150000053,45,3565993.315000005,4,2022-06-02,141567.88500000094,307,21366626.885
2022-06-03,37271.560000001475,251,17713444.560000002,2022-06-03,454828.3150000053,45,3623863.315000005,4,2022-06-03,141567.88500000094,307,21761428.885
2022-06-07,37271.560000001475,251,17418770.560000002,2022-06-07,454828.3150000053,45,3571033.315000005,4,2022-06-07,141567.88500000094,307,21401010.885
2022-06-08,37271.560000001475,251,17571880.560000002,2022-06-08,454828.3150000053,45,3598483.315000005,4,2022-06-08,141567.88500000094,307,21588280.885
2022-06-09,37271.560000001475,251,17488548.560000002,2022-06-09,454828.3150000053,45,3583543.315000005,4,2022-06-09,141567.88500000094,307,21486356.885
2022-06-10,37271.560000001475,251,17308330.560000002,2022-06-10,454828.3150000053,45,3551233.315000005,4,2022-06-10,141567.88500000094,307,21265930.885
2022-06-13,37271.560000001475,251,16446898.560000002,2022-06-13,454828.3150000053,45,3396793.315000005,4,2022-06-13,141567.88500000094,307,20212306.885
2022-06-14,37271.560000001475,251,16389168.560000002,2022-06-14,454828.3150000053,45,3386443.315000005,4,2022-06-14,141567.88500000094,307,20141696.885
2022-06-15,37271.560000001475,251,16295294.560000002,2022-06-15,454828.3150000053,45,3369613.315000005,4,2022-06-15,141567.88500000094,307,20026878.885
2022-06-16,37271.560000001475,251,16406236.560000002,2022-06-16,454828.3150000053,45,3389503.315000005,4,2022-06-16,141567.88500000094,307,20162572.885
2022-06-17,37271.560000001475,251,15970751.560000002,2022-06-17,454828.3150000053,45,3311428.315000005,4,2022-06-17,141567.88500000094,307,19629927.885
2022-06-20,37271.560000001475,251,16207444.560000002,2022-06-20,454828.3150000053,45,3353863.315000005,4,2022-06-20,141567.88500000094,307,19919428.885
2022-06-21,37271.560000001475,251,16349761.560000002,2022-06-21,454828.3150000053,45,3379378.315000005,4,2022-06-21,141567.88500000094,307,20093497.885
2022-06-22,37271.560000001475,251,16344741.560000002,2022-06-22,454828.3150000053,45,3378478.315000005,4,2022-06-22,141567.88500000094,307,20087357.885
2022-06-23,37271.560000001475,251,16580430.560000002,2022-06-23,454828.3150000053,45,3420733.315000005,4,2022-06-23,141567.88500000094,307,20375630.885
2022-06-24,37271.560000001475,251,16967974.560000002,2022-06-24,454828.3150000053,45,3490213.315000005,4,2022-06-24,141567.88500000094,307,20849638.885
2022-06-27,37271.560000001475,251,17230269.560000002,2022-06-27,454828.3150000053,45,3537238.315000005,4,2022-06-27,141567.88500000094,307,21170453.885
2022-06-28,37271.560000001475,251,17158734.560000002,2022-06-28,454828.3150000053,45,3524413.315000005,4,2022-06-28,141567.88500000094,307,21082958.885
2022-06-29,37271.560000001475,251,16757134.560000002,2022-06-29,454828.3150000053,45,3452413.315000005,4,2022-06-29,141567.88500000094,307,20591758.885
2022-06-30,37271.560000001475,251,16564115.560000002,2022-06-30,454828.3150000053,45,3417808.315000005,4,2022-06-30,141567.88500000094,307,20355675.885
2022-07-01,37271.560000001475,251,16385403.560000002,2022-07-01,454828.3150000053,45,3385768.315000005,4,2022-07-01,141567.88500000094,307,20137091.885
2022-07-04,37271.560000001475,251,16562860.560000002,2022-07-04,454828.3150000053,45,3417583.315000005,4,2022-07-04,141567.88500000094,307,20354140.885
2022-07-05,37271.560000001475,251,16766923.560000002,2022-07-05,454828.3150000053,45,3454168.315000005,4,2022-07-05,141567.88500000094,307,20603731.885
2022-07-06,37271.560000001475,251,16964209.560000002,2022-07-06,454828.3150000053,45,3489538.315000005,4,2022-07-06,141567.88500000094,307,20845033.885
2022-07-07,37271.560000001475,251,17111797.560000002,2022-07-07,454828.3150000053,45,3515998.315000005,4,2022-07-07,141567.88500000094,307,21025549.885
2022-07-08,37271.560000001475,251,17329414.560000002,2022-07-08,454828.3150000053,45,3555013.315000005,4,2022-07-08,141567.88500000094,307,21291718.885
2022-07-11,37271.560000001475,251,17302055.560000002,2022-07-11,454828.3150000053,45,3550108.315000005,4,2022-07-11,141567.88500000094,307,21258255.885
2022-07-12,37271.560000001475,251,17124347.560000002,2022-07-12,454828.3150000053,45,3518248.315000005,4,2022-07-12,141567.88500000094,307,21040899.885
2022-07-13,37271.560000001475,251,17038756.560000002,2022-07-13,454828.3150000053,45,3502903.315000005,4,2022-07-13,141567.88500000094,307,20936212.885
2022-07-14,37271.560000001475,251,16971488.560000002,2022-07-14,454828.3150000053,45,3490843.315000005,4,2022-07-14,141567.88500000094,307,20853936.885
2022-07-15,37271.560000001475,251,17313350.560000002,2022-07-15,454828.3150000053,45,3552133.315000005,4,2022-07-15,141567.88500000094,307,21272070.885
2022-07-18,37271.560000001475,251,17607773.560000002,2022-07-18,454828.3150000053,45,3604918.315000005,4,2022-07-18,141567.88500000094,307,21632181.885
2022-07-19,37271.560000001475,251,17307075.560000002,2022-07-19,454828.3150000053,45,3551008.315000005,4,2022-07-19,141567.88500000094,307,21264395.885
2022-07-20,37271.560000001475,251,17866554.560000002,2022-07-20,454828.3150000053,45,3651313.315000005,4,2022-07-20,141567.88500000094,307,21948698.885
2022-07-21,37271.560000001475,251,17995066.560000002,2022-07-21,454828.3150000053,45,3674353.315000005,4,2022-07-21,141567.88500000094,307,22105882.885
2022-07-22,37271.560000001475,251,18172523.560000002,2022-07-22,454828.3150000053,45,3706168.315000005,4,2022-07-22,141567.88500000094,307,22322931.885
2022-07-25,37271.560000001475,251,17997576.560000002,2022-07-25,454828.3150000053,45,3674803.315000005,4,2022-07-25,141567.88500000094,307,22108952.885
2022-07-26,37271.560000001475,251,17794266.560000002,2022-07-26,454828.3150000053,45,3638353.315000005,4,2022-07-26,141567.88500000094,307,21860282.885
2022-07-27,37271.560000001475,251,17831414.560000002,2022-07-27,454828.3150000053,45,3645013.315000005,4,2022-07-27,141567.88500000094,307,21905718.885
2022-07-28,37271.560000001475,251,18071872.560000002,2022-07-28,454828.3150000053,45,3688123.315000005,4,2022-07-28,141567.88500000094,307,22199824.885
2022-07-29,37271.560000001475,251,18536222.560000002,2022-07-29,454828.3150000053,45,3771373.315000005,4,2022-07-29,141567.88500000094,307,22767774.885
2022-08-01,37271.560000001475,251,18612275.560000002,2022-08-01,454828.3150000053,45,3785008.315000005,4,2022-08-01,141567.88500000094,307,22860795.885
2022-08-02,37271.560000001475,251,18616040.560000002,2022-08-02,454828.3150000053,45,3785683.315000005,4,2022-08-02,141567.88500000094,307,22865400.885
2022-08-03,37271.560000001475,251,18746560.560000002,2022-08-03,454828.3150000053,45,3809083.315000005,4,2022-08-03,141567.88500000094,307,23025040.885
2022-08-04,37271.560000001475,251,19163973.560000002,2022-08-04,454828.3150000053,45,3883918.315000005,4,2022-08-04,141567.88500000094,307,23535581.885
2022-08-05,37271.560000001475,251,19165228.560000002,2022-08-05,454828.3150000053,45,3884143.315000005,4,2022-08-05,141567.88500000094,307,23537116.885
2022-08-08,37271.560000001475,251,19148913.560000002,2022-08-08,454828.3150000053,45,3881218.315000005,4,2022-08-08,141567.88500000094,307,23517161.885
2022-08-09,37271.560000001475,251,19023162.560000002,2022-08-09,454828.3150000053,45,3858673.315000005,4,2022-08-09,141567.88500000094,307,23363354.885
2022-08-10,37271.560000001475,251,18808055.560000002,2022-08-10,454828.3150000053,45,3820108.315000005,4,2022-08-10,141567.88500000094,307,23100255.885
2022-08-11,37271.560000001475,251,19354482.560000002,2022-08-11,454828.3150000053,45,3918073.315000005,4,2022-08-11,141567.88500000094,307,23768594.885
2022-08-12,37271.560000001475,251,19220699.560000002,2022-08-12,454828.3150000053,45,3894088.315000005,4,2022-08-12,141567.88500000094,307,23604963.885
2022-08-16,37271.560000001475,251,19749054.560000002,2022-08-16,454828.3150000053,45,3988813.315000005,4,2022-08-16,141567.88500000094,307,24251198.885
2022-08-17,37271.560000001475,251,19768883.560000002,2022-08-17,454828.3150000053,45,3992368.315000005,4,2022-08-17,141567.88500000094,307,24275451.885
2022-08-18,37271.560000001475,251,19626566.560000002,2022-08-18,454828.3150000053,45,3966853.315000005,4,2022-08-18,141567.88500000094,307,24101382.885
2022-08-19,37271.560000001475,251,19732237.560000002,2022-08-19,454828.3150000053,45,3985798.315000005,4,2022-08-19,141567.88500000094,307,24230629.885
2022-08-22,37271.560000001475,251,19499811.560000002,2022-08-22,454828.3150000053,45,3944128.315000005,4,2022-08-22,141567.88500000094,307,23946347.885
2022-08-23,37271.560000001475,251,19096203.560000002,2022-08-23,454828.3150000053,45,3871768.315000005,4,2022-08-23,141567.88500000094,307,23452691.885
2022-08-24,37271.560000001475,251,19125319.560000002,2022-08-24,454828.3150000053,45,3876988.315000005,4,2022-08-24,141567.88500000094,307,23488303.885
2022-08-25,37271.560000001475,251,19279433.560000002,2022-08-25,454828.3150000053,45,3904618.315000005,4,2022-08-25,141567.88500000094,307,23676801.885
2022-08-26,37271.560000001475,251,19318338.560000002,2022-08-26,454828.3150000053,45,3911593.315000005,4,2022-08-26,141567.88500000094,307,23724386.885
2022-08-29,37271.560000001475,251,18627837.560000002,2022-08-29,454828.3150000053,45,3787798.315000005,4,2022-08-29,141567.88500000094,307,22879829.885
2022-08-30,37271.560000001475,251,18707906.560000002,2022-08-30,454828.3150000053,45,3802153.315000005,4,2022-08-30,141567.88500000094,307,22977762.885
2022-08-31,37271.560000001475,251,18439085.560000002,2022-08-31,454828.3150000053,45,3753958.315000005,4,2022-08-31,141567.88500000094,307,22648965.885
2022-09-01,37271.560000001475,251,18187834.560000002,2022-09-01,454828.3150000053,45,3708913.315000005,4,2022-09-01,141567.88500000094,307,22341658.885
2022-09-02,37271.560000001475,251,18523672.560000002,2022-09-02,454828.3150000053,45,3769123.315000005,4,2022-09-02,141567.88500000094,307,22752424.885
2022-09-05,37271.560000001475,251,18442850.560000002,2022-09-05,454828.3150000053,45,3754633.315000005,4,2022-09-05,141567.88500000094,307,22653570.885
2022-09-06,37271.560000001475,251,18529947.560000002,2022-09-06,454828.3150000053,45,3770248.315000005,4,2022-09-06,141567.88500000094,307,22760099.885
2022-09-07,37271.560000001475,251,18412730.560000002,2022-09-07,454828.3150000053,45,3749233.315000005,4,2022-09-07,141567.88500000094,307,22616730.885
2022-09-08,37271.560000001475,251,18816589.560000002,2022-09-08,454828.3150000053,45,3821638.315000005,4,2022-09-08,141567.88500000094,307,23110693.885
2022-09-13,37271.560000001475,251,19407443.560000002,2022-09-13,454828.3150000053,45,3927568.315000005,4,2022-09-13,141567.88500000094,307,23833371.885
2022-09-14,37271.560000001475,251,18636120.560000002,2022-09-14,454828.3150000053,45,3789283.315000005,4,2022-09-14,141567.88500000094,307,22889960.885
2022-09-15,37271.560000001475,251,18754090.560000002,2022-09-15,454828.3150000053,45,3810433.315000005,4,2022-09-15,141567.88500000094,307,23034250.885
2022-09-16,37271.560000001475,251,18316848.560000002,2022-09-16,454828.3150000053,45,3732043.315000005,4,2022-09-16,141567.88500000094,307,22499456.885
2022-09-19,37271.560000001475,251,18182814.560000002,2022-09-19,454828.3150000053,45,3708013.315000005,4,2022-09-19,141567.88500000094,307,22335518.885
2022-09-20,37271.560000001475,251,18432810.560000002,2022-09-20,454828.3150000053,45,3752833.315000005,4,2022-09-20,141567.88500000094,307,22641290.885
2022-09-21,37271.560000001475,251,18284720.560000002,2022-09-21,454828.3150000053,45,3726283.315000005,4,2022-09-21,141567.88500000094,307,22460160.885
2022-09-22,37271.560000001475,251,18099231.560000002,2022-09-22,454828.3150000053,45,3693028.315000005,4,2022-09-22,141567.88500000094,307,22233287.885
2022-09-23,37271.560000001475,251,17921272.560000002,2022-09-23,454828.3150000053,45,3661123.315000005,4,2022-09-23,141567.88500000094,307,22015624.885
2022-09-26,37271.560000001475,251,17773182.560000002,2022-09-26,454828.3150000053,45,3634573.315000005,4,2022-09-26,141567.88500000094,307,21834494.885
2022-09-27,37271.560000001475,251,17966201.560000002,2022-09-27,454828.3150000053,45,3669178.315000005,4,2022-09-27,141567.88500000094,307,22070577.885
2022-09-28,37271.560000001475,251,17878100.560000002,2022-09-28,454828.3150000053,45,3653383.315000005,4,2022-09-28,141567.88500000094,307,21962820.885
2022-09-29,37271.560000001475,251,18139893.560000002,2022-09-29,454828.3150000053,45,3700318.315000005,4,2022-09-29,141567.88500000094,307,22283021.885
2022-09-30,37271.560000001475,251,17768162.560000002,2022-09-30,454828.3150000053,45,3633673.315000005,4,2022-09-30,141567.88500000094,307,21828354.885
2022-10-04,37271.560000001475,251,17952396.560000002,2022-10-04,454828.3150000053,45,3666703.315000005,4,2022-10-04,141567.88500000094,307,22053692.885
2022-10-05,37271.560000001475,251,18008871.560000002,2022-10-05,454828.3150000053,45,3676828.315000005,4,2022-10-05,141567.88500000094,307,22122767.885
2022-10-06,37271.560000001475,251,18035728.560000002,2022-10-06,454828.3150000053,45,3681643.315000005,4,2022-10-06,141567.88500000094,307,22155616.885
2022-10-07,37271.560000001475,251,17863291.560000002,2022-10-07,454828.3150000053,45,3650728.315000005,4,2022-10-07,141567.88500000094,307,21944707.885
2022-10-11,37271.560000001475,251,17327657.560000002,2022-10-11,454828.3150000053,45,3554698.315000005,4,2022-10-11,141567.88500000094,307,21289569.885
2022-10-12,37271.560000001475,251,17224496.560000002,2022-10-12,454828.3150000053,45,3536203.315000005,4,2022-10-12,141567.88500000094,307,21163392.885
2022-10-13,37271.560000001475,251,17075402.560000002,2022-10-13,454828.3150000053,45,3509473.315000005,4,2022-10-13,141567.88500000094,307,20981034.885
2022-10-14,37271.560000001475,251,17557824.560000002,2022-10-14,454828.3150000053,45,3595963.315000005,4,2022-10-14,141567.88500000094,307,21571088.885
2022-10-17,37271.560000001475,251,17155973.560000002,2022-10-17,454828.3150000053,45,3523918.315000005,4,2022-10-17,141567.88500000094,307,21079581.885
2022-10-18,37271.560000001475,251,17760632.560000002,2022-10-18,454828.3150000053,45,3632323.315000005,4,2022-10-18,141567.88500000094,307,21819144.885
2022-10-19,37271.560000001475,251,17723484.560000002,2022-10-19,454828.3150000053,45,3625663.315000005,4,2022-10-19,141567.88500000094,307,21773708.885
2022-10-20,37271.560000001475,251,17494321.560000002,2022-10-20,454828.3150000053,45,3584578.315000005,4,2022-10-20,141567.88500000094,307,21493417.885
2022-10-21,37271.560000001475,251,17499090.560000002,2022-10-21,454828.3150000053,45,3585433.315000005,4,2022-10-21,141567.88500000094,307,21499250.885
2022-10-24,37271.560000001475,251,18122825.560000002,2022-10-24,454828.3150000053,45,3697258.315000005,4,2022-10-24,141567.88500000094,307,22262145.885
2022-10-25,37271.560000001475,251,18181559.560000002,2022-10-25,454828.3150000053,45,3707788.315000005,4,2022-10-25,141567.88500000094,307,22333983.885
2022-10-26,37271.560000001475,251,18060577.560000002,2022-10-26,454828.3150000053,45,3686098.315000005,4,2022-10-26,141567.88500000094,307,22186009.885
2022-10-27,37271.560000001475,251,17978500.560000002,2022-10-27,454828.3150000053,45,3671383.315000005,4,2022-10-27,141567.88500000094,307,22085620.885
2022-10-28,37271.560000001475,251,17430567.560000002,2022-10-28,454828.3150000053,45,3573148.315000005,4,2022-10-28,141567.88500000094,307,21415439.885
2022-10-31,37271.560000001475,251,18140144.560000002,2022-10-31,454828.3150000053,45,3700363.315000005,4,2022-10-31,141567.88500000094,307,22283328.885
2022-11-01,37271.560000001475,251,18044764.560000002,2022-11-01,454828.3150000053,45,3683263.315000005,4,2022-11-01,141567.88500000094,307,22166668.885
2022-11-02,37271.560000001475,251,17791756.560000002,2022-11-02,454828.3150000053,45,3637903.315000005,4,2022-11-02,141567.88500000094,307,21857212.885
2022-11-03,37271.560000001475,251,17206675.560000002,2022-11-03,454828.3150000053,45,3533008.315000005,4,2022-11-03,141567.88500000094,307,21141595.885
2022-11-04,37271.560000001475,251,16970233.560000002,2022-11-04,454828.3150000053,45,3490618.315000005,4,2022-11-04,141567.88500000094,307,20852401.885
2022-11-07,37271.560000001475,251,16816119.560000002,2022-11-07,454828.3150000053,45,3462988.315000005,4,2022-11-07,141567.88500000094,307,20663903.885
2022-11-08,37271.560000001475,251,16823649.560000002,2022-11-08,454828.3150000053,45,3464338.315000005,4,2022-11-08,141567.88500000094,307,20673113.885
2022-11-09,37271.560000001475,251,16733791.560000002,2022-11-09,454828.3150000053,45,3448228.315000005,4,2022-11-09,141567.88500000094,307,20563207.885
2022-11-10,37271.560000001475,251,16544537.560000002,2022-11-10,454828.3150000053,45,3414298.315000005,4,2022-11-10,141567.88500000094,307,20331729.885
2022-11-11,37271.560000001475,251,17087199.560000002,2022-11-11,454828.3150000053,45,3511588.315000005,4,2022-11-11,141567.88500000094,307,20995463.885
2022-11-14,37271.560000001475,251,17252608.560000002,2022-11-14,454828.3150000053,45,3541243.315000005,4,2022-11-14,141567.88500000094,307,21197776.885
2022-11-15,37271.560000001475,251,17265158.560000002,2022-11-15,454828.3150000053,45,3543493.315000005,4,2022-11-15,141567.88500000094,307,21213126.885
2022-11-16,37271.560000001475,251,17471982.560000002,2022-11-16,454828.3150000053,45,3580573.315000005,4,2022-11-16,141567.88500000094,307,21466094.885
2022-11-17,37271.560000001475,251,17502604.560000002,2022-11-17,454828.3150000053,45,3586063.315000005,4,2022-11-17,141567.88500000094,307,21503548.885
2022-11-18,37271.560000001475,251,17342968.560000002,2022-11-18,454828.3150000053,45,3557443.315000005,4,2022-11-18,141567.88500000094,307,21308296.885
2022-11-21,37271.560000001475,251,17502604.560000002,2022-11-21,454828.3150000053,45,3586063.315000005,4,2022-11-21,141567.88500000094,307,21503548.885
2022-11-22,37271.560000001475,251,17386140.560000002,2022-11-22,454828.3150000053,45,3565183.315000005,4,2022-11-22,141567.88500000094,307,21361100.885
2022-11-23,37271.560000001475,251,17540505.560000002,2022-11-23,454828.3150000053,45,3592858.315000005,4,2022-11-23,141567.88500000094,307,21549905.885
2022-11-24,37271.560000001475,251,17460687.560000002,2022-11-24,454828.3150000053,45,3578548.315000005,4,2022-11-24,141567.88500000094,307,21452279.885
2022-11-25,37271.560000001475,251,17448137.560000002,2022-11-25,454828.3150000053,45,3576298.315000005,4,2022-11-25,141567.88500000094,307,21436929.885
2022-11-28,37271.560000001475,251,17323892.560000002,2022-11-28,454828.3150000053,45,3554023.315000005,4,2022-11-28,141567.88500000094,307,21284964.885
2022-11-29,37271.560000001475,251,17135642.560000002,2022-11-29,454828.3150000053,45,3520273.315000005,4,2022-11-29,141567.88500000094,307,21054714.885
2022-11-30,37271.560000001475,251,16832434.560000002,2022-11-30,454828.3150000053,45,3465913.315000005,4,2022-11-30,141567.88500000094,307,20683858.885
2022-12-01,37271.560000001475,251,17336944.560000002,2022-12-01,454828.3150000053,45,3556363.315000005,4,2022-12-01,141567.88500000094,307,21300928.885
2022-12-02,37271.560000001475,251,17320127.560000002,2022-12-02,454828.3150000053,45,3553348.315000005,4,2022-12-02,141567.88500000094,307,21280359.885
2022-12-05,37271.560000001475,251,17153212.560000002,2022-12-05,454828.3150000053,45,3523423.315000005,4,2022-12-05,141567.88500000094,307,21076204.885
2022-12-06,37271.560000001475,251,17210440.560000002,2022-12-06,454828.3150000053,45,3533683.315000005,4,2022-12-06,141567.88500000094,307,21146200.885
2022-12-07,37271.560000001475,251,16935093.560000002,2022-12-07,454828.3150000053,45,3484318.315000005,4,2022-12-07,141567.88500000094,307,20809421.885
2022-12-08,37271.560000001475,251,16785748.560000002,2022-12-08,454828.3150000053,45,3457543.315000005,4,2022-12-08,141567.88500000094,307,20626756.885
2022-12-09,37271.560000001475,251,16842474.560000002,2022-12-09,454828.3150000053,45,3467713.315000005,4,2022-12-09,141567.88500000094,307,20696138.885
2022-12-12,37271.560000001475,251,16737556.560000002,2022-12-12,454828.3150000053,45,3448903.315000005,4,2022-12-12,141567.88500000094,307,20567812.885
2022-12-13,37271.560000001475,251,16900706.560000002,2022-12-13,454828.3150000053,45,3478153.315000005,4,2022-12-13,141567.88500000094,307,20767362.885
2022-12-14,37271.560000001475,251,17041015.560000002,2022-12-14,454828.3150000053,45,3503308.315000005,4,2022-12-14,141567.88500000094,307,20938975.885
2022-12-15,37271.560000001475,251,16966468.560000002,2022-12-15,454828.3150000053,45,3489943.315000005,4,2022-12-15,141567.88500000094,307,20847796.885
2022-12-16,37271.560000001475,251,16448153.560000002,2022-12-16,454828.3150000053,45,3397018.315000005,4,2022-12-16,141567.88500000094,307,20213841.885
2022-12-19,37271.560000001475,251,16267935.560000002,2022-12-19,454828.3150000053,45,3364708.315000005,4,2022-12-19,141567.88500000094,307,19993415.885
2022-12-20,37271.560000001475,251,15732552.560000002,2022-12-20,454828.3150000053,45,3268723.315000005,4,2022-12-20,141567.88500000094,307,19338584.885
2022-12-21,37271.560000001475,251,15856044.560000002,2022-12-21,454828.3150000053,45,3290863.315000005,4,2022-12-21,141567.88500000094,307,19489628.885
2022-12-22,37271.560000001475,251,15950169.560000002,2022-12-22,454828.3150000053,45,3307738.315000005,4,2022-12-22,141567.88500000094,307,19604753.885
2022-12-23,37271.560000001475,251,15570657.560000002,2022-12-23,454828.3150000053,45,3239698.315000005,4,2022-12-23,141567.88500000094,307,19140569.885
2022-12-26,37271.560000001475,251,15546059.560000002,2022-12-26,454828.3150000053,45,3235288.315000005,4,2022-12-26,141567.88500000094,307,19110483.885
2022-12-27,37271.560000001475,251,15590486.560000002,2022-12-27,454828.3150000053,45,3243253.315000005,4,2022-12-27,141567.88500000094,307,19164822.885
2022-12-28,37271.560000001475,251,15238333.560000002,2022-12-28,454828.3150000053,45,3180118.315000005,4,2022-12-28,141567.88500000094,307,18734101.885
2022-12-29,37271.560000001475,251,15065143.560000002,2022-12-29,454828.3150000053,45,3149068.315000005,4,2022-12-29,141567.88500000094,307,18522271.885
2023-01-02,37271.560000001475,251,15241596.560000002,2023-01-02,454828.3150000053,45,3180703.315000005,4,2023-01-02,141567.88500000094,307,18738092.885
2023-01-03,37271.560000001475,251,15469253.560000002,2023-01-03,454828.3150000053,45,3221518.315000005,4,2023-01-03,141567.88500000094,307,19016541.885
2023-01-04,37271.560000001475,251,15368100.560000002,2023-01-04,454828.3150000053,45,3203383.315000005,4,2023-01-04,141567.88500000094,307,18892820.885
2023-01-05,37271.560000001475,251,15349526.560000002,2023-01-05,454828.3150000053,45,3200053.315000005,4,2023-01-05,141567.88500000094,307,18870102.885
2023-01-06,37271.560000001475,251,15161276.560000002,2023-01-06,454828.3150000053,45,3166303.315000005,4,2023-01-06,141567.88500000094,307,18639852.885
2023-01-09,37271.560000001475,251,15286525.560000002,2023-01-09,454828.3150000053,45,3188758.315000005,4,2023-01-09,141567.88500000094,307,18793045.885
2023-01-10,37271.560000001475,251,15301334.560000002,2023-01-10,454828.3150000053,45,3191413.315000005,4,2023-01-10,141567.88500000094,307,18811158.885
2023-01-11,37271.560000001475,251,15480297.560000002,2023-01-11,454828.3150000053,45,3223498.315000005,4,2023-01-11,141567.88500000094,307,19030049.885
2023-01-12,37271.560000001475,251,15770955.560000002,2023-01-12,454828.3150000053,45,3275608.315000005,4,2023-01-12,141567.88500000094,307,19385555.885
2023-01-13,37271.560000001475,251,15752632.560000002,2023-01-13,454828.3150000053,45,3272323.315000005,4,2023-01-13,141567.88500000094,307,19363144.885
2023-01-16,37271.560000001475,251,15794298.560000002,2023-01-16,454828.3150000053,45,3279793.315000005,4,2023-01-16,141567.88500000094,307,19414106.885
2023-01-17,37271.560000001475,251,15760162.560000002,2023-01-17,454828.3150000053,45,3273673.315000005,4,2023-01-17,141567.88500000094,307,19372354.885
2023-01-18,37271.560000001475,251,15894447.560000002,2023-01-18,454828.3150000053,45,3297748.315000005,4,2023-01-18,141567.88500000094,307,19536599.885
2023-01-19,37271.560000001475,251,15589231.560000002,2023-01-19,454828.3150000053,45,3243028.315000005,4,2023-01-19,141567.88500000094,307,19163287.885
2023-01-20,37271.560000001475,251,15555848.560000002,2023-01-20,454828.3150000053,45,3237043.315000005,4,2023-01-20,141567.88500000094,307,19122456.885
2023-01-25,37271.560000001475,251,16078681.560000002,2023-01-25,454828.3150000053,45,3330778.315000005,4,2023-01-25,141567.88500000094,307,19761937.885
2023-01-26,37271.560000001475,251,16228277.560000002,2023-01-26,454828.3150000053,45,3357598.315000005,4,2023-01-26,141567.88500000094,307,19944909.885
2023-01-27,37271.560000001475,251,16358295.560000002,2023-01-27,454828.3150000053,45,3380908.315000005,4,2023-01-27,141567.88500000094,307,20103935.885
2023-01-30,37271.560000001475,251,16471496.560000002,2023-01-30,454828.3150000053,45,3401203.315000005,4,2023-01-30,141567.88500000094,307,20242392.885
2023-01-31,37271.560000001475,251,16240576.560000002,2023-01-31,454828.3150000053,45,3359803.315000005,4,2023-01-31,141567.88500000094,307,19959952.885
2023-02-01,37271.560000001475,251,16466727.560000002,2023-02-01,454828.3150000053,45,3400348.315000005,4,2023-02-01,141567.88500000094,307,20236559.885
2023-02-02,37271.560000001475,251,16886399.560000002,2023-02-02,454828.3150000053,45,3475588.315000005,4,2023-02-02,141567.88500000094,307,20749863.885
2023-02-03,37271.560000001475,251,17177810.560000002,2023-02-03,454828.3150000053,45,3527833.315000005,4,2023-02-03,141567.88500000094,307,21106290.885
2023-02-06,37271.560000001475,251,17378610.560000002,2023-02-06,454828.3150000053,45,3563833.315000005,4,2023-02-06,141567.88500000094,307,21351890.885
2023-02-07,37271.560000001475,251,17384885.560000002,2023-02-07,454828.3150000053,45,3564958.315000005,4,2023-02-07,141567.88500000094,307,21359565.885
2023-02-08,37271.560000001475,251,17807067.560000002,2023-02-08,454828.3150000053,45,3640648.315000005,4,2023-02-08,141567.88500000094,307,21875939.885
2023-02-09,37271.560000001475,251,17556318.560000002,2023-02-09,454828.3150000053,45,3595693.315000005,4,2023-02-09,141567.88500000094,307,21569246.885
2023-02-10,37271.560000001475,251,17330669.560000002,2023-02-10,454828.3150000053,45,3555238.315000005,4,2023-02-10,141567.88500000094,307,21293253.885
2023-02-13,37271.560000001475,251,17369825.560000002,2023-02-13,454828.3150000053,45,3562258.315000005,4,2023-02-13,141567.88500000094,307,21341145.885
2023-02-14,37271.560000001475,251,17567613.560000002,2023-02-14,454828.3150000053,45,3597718.315000005,4,2023-02-14,141567.88500000094,307,21583061.885
2023-02-15,37271.560000001475,251,17784477.560000002,2023-02-15,454828.3150000053,45,3636598.315000005,4,2023-02-15,141567.88500000094,307,21848309.885
2023-02-16,37271.560000001475,251,18116299.560000002,2023-02-16,454828.3150000053,45,3696088.315000005,4,2023-02-16,141567.88500000094,307,22254163.885
2023-02-17,37271.560000001475,251,17804557.560000002,2023-02-17,454828.3150000053,45,3640198.315000005,4,2023-02-17,141567.88500000094,307,21872869.885
2023-02-20,37271.560000001475,251,17755863.560000002,2023-02-20,454828.3150000053,45,3631468.315000005,4,2023-02-20,141567.88500000094,307,21813311.885
2023-02-21,37271.560000001475,251,17709930.560000002,2023-02-21,454828.3150000053,45,3623233.315000005,4,2023-02-21,141567.88500000094,307,21757130.885
2023-02-22,37271.560000001475,251,17485536.560000002,2023-02-22,454828.3150000053,45,3583003.315000005,4,2023-02-22,141567.88500000094,307,21482672.885
2023-02-23,37271.560000001475,251,17501349.560000002,2023-02-23,454828.3150000053,45,3585838.315000005,4,2023-02-23,141567.88500000094,307,21502013.885
2023-02-24,37271.560000001475,251,17571378.560000002,2023-02-24,454828.3150000053,45,3598393.315000005,4,2023-02-24,141567.88500000094,307,21587666.885
2023-02-27,37271.560000001475,251,17592462.560000002,2023-02-27,454828.3150000053,45,3602173.315000005,4,2023-02-27,141567.88500000094,307,21613454.885
2023-02-28,37271.560000001475,251,17723735.560000002,2023-02-28,454828.3150000053,45,3625708.315000005,4,2023-02-28,141567.88500000094,307,21774015.885
2023-03-02,37271.560000001475,251,17334434.560000002,2023-03-02,454828.3150000053,45,3555913.315000005,4,2023-03-02,141567.88500000094,307,21297858.885
2023-03-03,37271.560000001475,251,17356020.560000002,2023-03-03,454828.3150000053,45,3559783.315000005,4,2023-03-03,141567.88500000094,307,21324260.885
2023-03-06,37271.560000001475,251,17714950.560000002,2023-03-06,454828.3150000053,45,3624133.315000005,4,2023-03-06,141567.88500000094,307,21763270.885
2023-03-07,37271.560000001475,251,17776947.560000002,2023-03-07,454828.3150000053,45,3635248.315000005,4,2023-03-07,141567.88500000094,307,21839099.885
2023-03-08,37271.560000001475,251,17785732.560000002,2023-03-08,454828.3150000053,45,3636823.315000005,4,2023-03-08,141567.88500000094,307,21849844.885
2023-03-09,37271.560000001475,251,17892407.560000002,2023-03-09,454828.3150000053,45,3655948.315000005,4,2023-03-09,141567.88500000094,307,21980319.885
2023-03-10,37271.560000001475,251,17541760.560000002,2023-03-10,454828.3150000053,45,3593083.315000005,4,2023-03-10,141567.88500000094,307,21551440.885
2023-03-13,37271.560000001475,251,17406973.560000002,2023-03-13,454828.3150000053,45,3568918.315000005,4,2023-03-13,141567.88500000094,307,21386581.885
2023-03-14,37271.560000001475,251,17359785.560000002,2023-03-14,454828.3150000053,45,3560458.315000005,4,2023-03-14,141567.88500000094,307,21328865.885
2023-03-15,37271.560000001475,251,17683073.560000002,2023-03-15,454828.3150000053,45,3618418.315000005,4,2023-03-15,141567.88500000094,307,21724281.885
2023-03-16,37271.560000001475,251,17895670.560000002,2023-03-16,454828.3150000053,45,3656533.315000005,4,2023-03-16,141567.88500000094,307,21984310.885
2023-03-17,37271.560000001475,251,18206408.560000002,2023-03-17,454828.3150000053,45,3712243.315000005,4,2023-03-17,141567.88500000094,307,22364376.885
2023-03-20,37271.560000001475,251,18150435.560000002,2023-03-20,454828.3150000053,45,3702208.315000005,4,2023-03-20,141567.88500000094,307,22295915.885
2023-03-21,37271.560000001475,251,18280704.560000002,2023-03-21,454828.3150000053,45,3725563.315000005,4,2023-03-21,141567.88500000094,307,22455248.885
2023-03-22,37271.560000001475,251,18494556.560000002,2023-03-22,454828.3150000053,45,3763903.315000005,4,2023-03-22,141567.88500000094,307,22716812.885
2023-03-23,37271.560000001475,251,17999835.560000002,2023-03-23,454828.3150000053,45,3675208.315000005,4,2023-03-23,141567.88500000094,307,22111715.885
2023-03-24,37271.560000001475,251,18271919.560000002,2023-03-24,454828.3150000053,45,3723988.315000005,4,2023-03-24,141567.88500000094,307,22444503.885
2023-03-27,37271.560000001475,251,18520409.560000002,2023-03-27,454828.3150000053,45,3768538.315000005,4,2023-03-27,141567.88500000094,307,22748433.885
2023-03-28,37271.560000001475,251,18301788.560000002,2023-03-28,454828.3150000053,45,3729343.315000005,4,2023-03-28,141567.88500000094,307,22481036.885
2023-03-29,37271.560000001475,251,18359769.560000002,2023-03-29,454828.3150000053,45,3739738.315000005,4,2023-03-29,141567.88500000094,307,22551953.885
2023-03-30,37271.560000001475,251,18540238.560000002,2023-03-30,454828.3150000053,45,3772093.315000005,4,2023-03-30,141567.88500000094,307,22772686.885
2023-03-31,37271.560000001475,251,18710918.560000002,2023-03-31,454828.3150000053,45,3802693.315000005,4,2023-03-31,141567.88500000094,307,22981446.885
2023-04-03,37271.560000001475,251,19114024.560000002,2023-04-03,454828.3150000053,45,3874963.315000005,4,2023-04-03,141567.88500000094,307,23474488.885
2023-04-04,37271.560000001475,251,19160208.560000002,2023-04-04,454828.3150000053,45,3883243.315000005,4,2023-04-04,141567.88500000094,307,23530976.885
2023-04-05,37271.560000001475,251,19058804.560000002,2023-04-05,454828.3150000053,45,3865063.315000005,4,2023-04-05,141567.88500000094,307,23406948.885
2023-04-06,37271.560000001475,251,18939077.560000002,2023-04-06,454828.3150000053,45,3843598.315000005,4,2023-04-06,141567.88500000094,307,23260509.885
2023-04-07,37271.560000001475,251,19087167.560000002,2023-04-07,454828.3150000053,45,3870148.315000005,4,2023-04-07,141567.88500000094,307,23441639.885
2023-04-10,37271.560000001475,251,19039979.560000002,2023-04-10,454828.3150000053,45,3861688.315000005,4,2023-04-10,141567.88500000094,307,23383923.885
2023-04-11,37271.560000001475,251,19145148.560000002,2023-04-11,454828.3150000053,45,3880543.315000005,4,2023-04-11,141567.88500000094,307,23512556.885
2023-04-12,37271.560000001475,251,19048764.560000002,2023-04-12,454828.3150000053,45,3863263.315000005,4,2023-04-12,141567.88500000094,307,23394668.885
2023-04-13,37271.560000001475,251,18742042.560000002,2023-04-13,454828.3150000053,45,3808273.315000005,4,2023-04-13,141567.88500000094,307,23019514.885
2023-04-14,37271.560000001475,251,18894399.560000002,2023-04-14,454828.3150000053,45,3835588.315000005,4,2023-04-14,141567.88500000094,307,23205863.885
2023-04-17,37271.560000001475,251,19037469.560000002,2023-04-17,454828.3150000053,45,3861238.315000005,4,2023-04-17,141567.88500000094,307,23380853.885
2023-04-18,37271.560000001475,251,19147658.560000002,2023-04-18,454828.3150000053,45,3880993.315000005,4,2023-04-18,141567.88500000094,307,23515626.885
2023-04-19,37271.560000001475,251,19157698.560000002,2023-04-19,454828.3150000053,45,3882793.315000005,4,2023-04-19,141567.88500000094,307,23527906.885
2023-04-20,37271.560000001475,251,19137618.560000002,2023-04-20,454828.3150000053,45,3879193.315000005,4,2023-04-20,141567.88500000094,307,23503346.885
2023-04-21,37271.560000001475,251,19152678.560000002,2023-04-21,454828.3150000053,45,3881893.315000005,4,2023-04-21,141567.88500000094,307,23521766.885
2023-04-24,37271.560000001475,251,19166483.560000002,2023-04-24,454828.3150000053,45,3884368.315000005,4,2023-04-24,141567.88500000094,307,23538651.885
2023-04-25,37271.560000001475,251,19130088.560000002,2023-04-25,454828.3150000053,45,3877843.315000005,4,2023-04-25,141567.88500000094,307,23494136.885
2023-04-26,37271.560000001475,251,19100972.560000002,2023-04-26,454828.3150000053,45,3872623.315000005,4,2023-04-26,141567.88500000094,307,23458524.885
2023-04-27,37271.560000001475,251,19157949.560000002,2023-04-27,454828.3150000053,45,3882838.315000005,4,2023-04-27,141567.88500000094,307,23528213.885
2023-04-28,37271.560000001475,251,19507341.560000002,2023-04-28,454828.3150000053,45,3945478.315000005,4,2023-04-28,141567.88500000094,307,23955557.885
2023-05-02,37271.560000001475,251,19670993.560000002,2023-05-02,454828.3150000053,45,3974818.315000005,4,2023-05-02,141567.88500000094,307,24155721.885
2023-05-03,37271.560000001475,251,19483747.560000002,2023-05-03,454828.3150000053,45,3941248.315000005,4,2023-05-03,141567.88500000094,307,23926699.885
2023-05-04,37271.560000001475,251,19192587.560000002,2023-05-04,454828.3150000053,45,3889048.315000005,4,2023-05-04,141567.88500000094,307,23570579.885
2023-05-08,37271.560000001475,251,19419491.560000002,2023-05-08,454828.3150000053,45,3929728.315000005,4,2023-05-08,141567.88500000094,307,23848107.885
2023-05-09,37271.560000001475,251,19501066.560000002,2023-05-09,454828.3150000053,45,3944353.315000005,4,2023-05-09,141567.88500000094,307,23947882.885
2023-05-10,37271.560000001475,251,19430535.560000002,2023-05-10,454828.3150000053,45,3931708.315000005,4,2023-05-10,141567.88500000094,307,23861615.885
2023-05-11,37271.560000001475,251,19678272.560000002,2023-05-11,454828.3150000053,45,3976123.315000005,4,2023-05-11,141567.88500000094,307,24164624.885
2023-05-12,37271.560000001475,251,19859494.560000002,2023-05-12,454828.3150000053,45,4008613.315000005,4,2023-05-12,141567.88500000094,307,24386278.885
2023-05-15,37271.560000001475,251,19818581.560000002,2023-05-15,454828.3150000053,45,4001278.315000005,4,2023-05-15,141567.88500000094,307,24336237.885
2023-05-16,37271.560000001475,251,19892626.560000002,2023-05-16,454828.3150000053,45,4014553.315000005,4,2023-05-16,141567.88500000094,307,24426802.885
2023-05-17,37271.560000001475,251,19956129.560000002,2023-05-17,454828.3150000053,45,4025938.315000005,4,2023-05-17,141567.88500000094,307,24504473.885
2023-05-18,37271.560000001475,251,20108235.560000002,2023-05-18,454828.3150000053,45,4053208.315000005,4,2023-05-18,141567.88500000094,307,24690515.885
2023-05-19,37271.560000001475,251,20391112.560000002,2023-05-19,454828.3150000053,45,4103923.315000005,4,2023-05-19,141567.88500000094,307,25036504.885
2023-05-22,37271.560000001475,251,20215161.560000002,2023-05-22,454828.3150000053,45,4072378.315000005,4,2023-05-22,141567.88500000094,307,24821297.885
2023-05-23,37271.560000001475,251,20197591.560000002,2023-05-23,454828.3150000053,45,4069228.315000005,4,2023-05-23,141567.88500000094,307,24799807.885
2023-05-24,37271.560000001475,251,19991771.560000002,2023-05-24,454828.3150000053,45,4032328.315000005,4,2023-05-24,141567.88500000094,307,24548067.885
2023-05-25,37271.560000001475,251,20349948.560000002,2023-05-25,454828.3150000053,45,4096543.315000005,4,2023-05-25,141567.88500000094,307,24986156.885
2023-05-26,37271.560000001475,251,20484484.560000002,2023-05-26,454828.3150000053,45,4120663.315000005,4,2023-05-26,141567.88500000094,307,25150708.885
2023-05-30,37271.560000001475,251,21105709.560000002,2023-05-30,454828.3150000053,45,4232038.315000005,4,2023-05-30,141567.88500000094,307,25910533.885
2023-05-31,37271.560000001475,251,21043712.560000002,2023-05-31,454828.3150000053,45,4220923.315000005,4,2023-05-31,141567.88500000094,307,25834704.885
2023-06-01,37271.560000001475,251,20922479.560000002,2023-06-01,454828.3150000053,45,4199188.315000005,4,2023-06-01,141567.88500000094,307,25686423.885
2023-06-02,37271.560000001475,251,20981715.560000002,2023-06-02,454828.3150000053,45,4209808.315000005,4,2023-06-02,141567.88500000094,307,25758875.885
2023-06-05,37271.560000001475,251,21050991.560000002,2023-06-05,454828.3150000053,45,4222228.315000005,4,2023-06-05,141567.88500000094,307,25843607.885
2023-06-07,37271.560000001475,251,21054756.560000002,2023-06-07,454828.3150000053,45,4222903.315000005,4,2023-06-07,141567.88500000094,307,25848212.885
2023-06-08,37271.560000001475,251,20625295.560000002,2023-06-08,454828.3150000053,45,4145908.315000005,4,2023-06-08,141567.88500000094,307,25322935.885
2023-06-09,37271.560000001475,251,20773887.560000002,2023-06-09,454828.3150000053,45,4172548.315000005,4,2023-06-09,141567.88500000094,307,25504679.885
2023-06-12,37271.560000001475,251,20867761.560000002,2023-06-12,454828.3150000053,45,4189378.315000005,4,2023-06-12,141567.88500000094,307,25619497.885
2023-06-13,37271.560000001475,251,20980460.560000002,2023-06-13,454828.3150000053,45,4209583.315000005,4,2023-06-13,141567.88500000094,307,25757340.885
2023-06-14,37271.560000001475,251,21141602.560000002,2023-06-14,454828.3150000053,45,4238473.315000005,4,2023-06-14,141567.88500000094,307,25954434.885
2023-06-15,37271.560000001475,251,21285425.560000002,2023-06-15,454828.3150000053,45,4264258.315000005,4,2023-06-15,141567.88500000094,307,26130345.885
2023-06-16,37271.560000001475,251,21446567.560000002,2023-06-16,454828.3150000053,45,4293148.315000005,4,2023-06-16,141567.88500000094,307,26327439.885
2023-06-19,37271.560000001475,251,21465141.560000002,2023-06-19,454828.3150000053,45,4296478.315000005,4,2023-06-19,141567.88500000094,307,26350157.885
2023-06-20,37271.560000001475,251,21396869.560000002,2023-06-20,454828.3150000053,45,4284238.315000005,4,2023-06-20,141567.88500000094,307,26266653.885
2023-06-21,37271.560000001475,251,21581605.560000002,2023-06-21,454828.3150000053,45,4317358.315000005,4,2023-06-21,141567.88500000094,307,26492605.885
2023-06-22,37271.560000001475,251,21291449.560000002,2023-06-22,454828.3150000053,45,4265338.315000005,4,2023-06-22,141567.88500000094,307,26137713.885
2023-06-23,37271.560000001475,251,21678491.560000002,2023-06-23,454828.3150000053,45,4334728.315000005,4,2023-06-23,141567.88500000094,307,26611107.885
2023-06-26,37271.560000001475,251,21607207.560000002,2023-06-26,454828.3150000053,45,4321948.315000005,4,2023-06-26,141567.88500000094,307,26523919.885
2023-06-27,37271.560000001475,251,21281660.560000002,2023-06-27,454828.3150000053,45,4263583.315000005,4,2023-06-27,141567.88500000094,307,26125740.885
2023-06-28,37271.560000001475,251,21620761.560000002,2023-06-28,454828.3150000053,45,4324378.315000005,4,2023-06-28,141567.88500000094,307,26540497.885
2023-06-29,37271.560000001475,251,21889080.560000002,2023-06-29,454828.3150000053,45,4372483.315000005,4,2023-06-29,141567.88500000094,307,26868680.885
2023-06-30,37271.560000001475,251,21915184.560000002,2023-06-30,454828.3150000053,45,4377163.315000005,4,2023-06-30,141567.88500000094,307,26900608.885
2023-07-03,37271.560000001475,251,22072310.560000002,2023-07-03,454828.3150000053,45,4405333.315000005,4,2023-07-03,141567.88500000094,307,27092790.885
2023-07-04,37271.560000001475,251,21950826.560000002,2023-07-04,454828.3150000053,45,4383553.315000005,4,2023-07-04,141567.88500000094,307,26944202.885
2023-07-05,37271.560000001475,251,21870506.560000002,2023-07-05,454828.3150000053,45,4369153.315000005,4,2023-07-05,141567.88500000094,307,26845962.885
2023-07-06,37271.560000001475,251,21884060.560000002,2023-07-06,454828.3150000053,45,4371583.315000005,4,2023-07-06,141567.88500000094,307,26862540.885
2023-07-07,37271.560000001475,251,21834613.560000002,2023-07-07,454828.3150000053,45,4362718.315000005,4,2023-07-07,141567.88500000094,307,26802061.885
2023-07-10,37271.560000001475,251,21679746.560000002,2023-07-10,454828.3150000053,45,4334953.315000005,4,2023-07-10,141567.88500000094,307,26612642.885
2023-07-11,37271.560000001475,251,21675981.560000002,2023-07-11,454828.3150000053,45,4334278.315000005,4,2023-07-11,141567.88500000094,307,26608037.885
2023-07-12,37271.560000001475,251,21665941.560000002,2023-07-12,454828.3150000053,45,4332478.315000005,4,2023-07-12,141567.88500000094,307,26595757.885
2023-07-13,37271.560000001475,251,21755297.560000002,2023-07-13,454828.3150000053,45,4348498.315000005,4,2023-07-13,141567.88500000094,307,26705049.885
2023-07-14,37271.560000001475,251,21906399.560000002,2023-07-14,454828.3150000053,45,4375588.315000005,4,2023-07-14,141567.88500000094,307,26889863.885
2023-07-17,37271.560000001475,251,21878036.560000002,2023-07-17,454828.3150000053,45,4370503.315000005,4,2023-07-17,141567.88500000094,307,26855172.885
2023-07-18,37271.560000001475,251,21976428.560000002,2023-07-18,454828.3150000053,45,4388143.315000005,4,2023-07-18,141567.88500000094,307,26975516.885
2023-07-19,37271.560000001475,251,22274365.560000002,2023-07-19,454828.3150000053,45,4441558.315000005,4,2023-07-19,141567.88500000094,307,27339925.885
2023-07-20,37271.560000001475,251,22201324.560000002,2023-07-20,454828.3150000053,45,4428463.315000005,4,2023-07-20,141567.88500000094,307,27250588.885
2023-07-21,37271.560000001475,251,22059760.560000002,2023-07-21,454828.3150000053,45,4403083.315000005,4,2023-07-21,141567.88500000094,307,27077440.885
2023-07-24,37271.560000001475,251,21925224.560000002,2023-07-24,454828.3150000053,45,4378963.315000005,4,2023-07-24,141567.88500000094,307,26912888.885
2023-07-25,37271.560000001475,251,21907654.560000002,2023-07-25,454828.3150000053,45,4375813.315000005,4,2023-07-25,141567.88500000094,307,26891398.885
2023-07-26,37271.560000001475,251,22000273.560000002,2023-07-26,454828.3150000053,45,4392418.315000005,4,2023-07-26,141567.88500000094,307,27004681.885
2023-07-27,37271.560000001475,251,22126777.560000002,2023-07-27,454828.3150000053,45,4415098.315000005,4,2023-07-27,141567.88500000094,307,27159409.885
2023-07-28,37271.560000001475,251,22009058.560000002,2023-07-28,454828.3150000053,45,4393993.315000005,4,2023-07-28,141567.88500000094,307,27015426.885
2023-07-31,37271.560000001475,251,22247257.560000002,2023-07-31,454828.3150000053,45,4436698.315000005,4,2023-07-31,141567.88500000094,307,27306769.885
2023-08-01,37271.560000001475,251,22444794.560000002,2023-08-01,454828.3150000053,45,4472113.315000005,4,2023-08-01,141567.88500000094,307,27548378.885
2023-08-02,37271.560000001475,251,22458348.560000002,2023-08-02,454828.3150000053,45,4474543.315000005,4,2023-08-02,141567.88500000094,307,27564956.885
2023-08-03,37271.560000001475,251,22149367.560000002,2023-08-03,454828.3150000053,45,4419148.315000005,4,2023-08-03,141567.88500000094,307,27187039.885
2023-08-04,37271.560000001475,251,22455838.560000002,2023-08-04,454828.3150000053,45,4474093.315000005,4,2023-08-04,141567.88500000094,307,27561886.885
2023-08-07,37271.560000001475,251,22226173.560000002,2023-08-07,454828.3150000053,45,4432918.315000005,4,2023-08-07,141567.88500000094,307,27280981.885
2023-08-08,37271.560000001475,251,22397606.560000002,2023-08-08,454828.3150000053,45,4463653.315000005,4,2023-08-08,141567.88500000094,307,27490662.885
2023-08-09,37271.560000001475,251,22357697.560000002,2023-08-09,454828.3150000053,45,4456498.315000005,4,2023-08-09,141567.88500000094,307,27441849.885
2023-08-10,37271.560000001475,251,22170451.560000002,2023-08-10,454828.3150000053,45,4422928.315000005,4,2023-08-10,141567.88500000094,307,27212827.885
2023-08-11,37271.560000001475,251,22257297.560000002,2023-08-11,454828.3150000053,45,4438498.315000005,4,2023-08-11,141567.88500000094,307,27319049.885
2023-08-14,37271.560000001475,251,22159407.560000002,2023-08-14,454828.3150000053,45,4420948.315000005,4,2023-08-14,141567.88500000094,307,27199319.885
2023-08-16,37271.560000001475,251,22335609.560000002,2023-08-16,454828.3150000053,45,4452538.315000005,4,2023-08-16,141567.88500000094,307,27414833.885
2023-08-17,37271.560000001475,251,22166686.560000002,2023-08-17,454828.3150000053,45,4422253.315000005,4,2023-08-17,141567.88500000094,307,27208222.885
2023-08-18,37271.560000001475,251,21842896.560000002,2023-08-18,454828.3150000053,45,4364203.315000005,4,2023-08-18,141567.88500000094,307,26812192.885
2023-08-21,37271.560000001475,251,21892343.560000002,2023-08-21,454828.3150000053,45,4373068.315000005,4,2023-08-21,141567.88500000094,307,26872671.885
2023-08-22,37271.560000001475,251,22161917.560000002,2023-08-22,454828.3150000053,45,4421398.315000005,4,2023-08-22,141567.88500000094,307,27202389.885
2023-08-23,37271.560000001475,251,22273361.560000002,2023-08-23,454828.3150000053,45,4441378.315000005,4,2023-08-23,141567.88500000094,307,27338697.885
2023-08-24,37271.560000001475,251,22496751.560000002,2023-08-24,454828.3150000053,45,4481428.315000005,4,2023-08-24,141567.88500000094,307,27611927.885
2023-08-25,37271.560000001475,251,21743500.560000002,2023-08-25,454828.3150000053,45,4346383.315000005,4,2023-08-25,141567.88500000094,307,26690620.885
2023-08-28,37271.560000001475,251,21978938.560000002,2023-08-28,454828.3150000053,45,4388593.315000005,4,2023-08-28,141567.88500000094,307,26978586.885
2023-08-29,37271.560000001475,251,22133052.560000002,2023-08-29,454828.3150000053,45,4416223.315000005,4,2023-08-29,141567.88500000094,307,27167084.885
2023-08-30,37271.560000001475,251,22595645.560000002,2023-08-30,454828.3150000053,45,4499158.315000005,4,2023-08-30,141567.88500000094,307,27732885.885
2023-08-31,37271.560000001475,251,22703826.560000002,2023-08-31,1359684.4150000052,33,4339749.415000005,3,2023-08-31,141567.88500000094,307,27865202.885
2023-09-01,37271.560000001475,251,22681487.560000002,2023-09-01,443992.01500000525,43,4323280.015000005,4,2023-09-01,141567.88500000094,307,27837879.885
2023-09-04,37271.560000001475,251,22732691.560000002,2023-09-04,443992.01500000525,43,4332052.015000005,4,2023-09-04,141567.88500000094,307,27900507.885
2023-09-05,37271.560000001475,251,22853924.560000002,2023-09-05,443992.01500000525,43,4352821.015000005,4,2023-09-05,141567.88500000094,307,28048788.885
2023-09-06,37271.560000001475,251,22887809.560000002,2023-09-06,443992.01500000525,43,4358626.015000005,4,2023-09-06,141567.88500000094,307,28090233.885
2023-09-07,37271.560000001475,251,22712611.560000002,2023-09-07,443992.01500000525,43,4328612.015000005,4,2023-09-07,141567.88500000094,307,27875947.885
2023-09-08,37271.560000001475,251,22662913.560000002,2023-09-08,443992.01500000525,43,4320098.015000005,4,2023-09-08,141567.88500000094,307,27815161.885
2023-09-11,37271.560000001475,251,22692782.560000002,2023-09-11,443992.01500000525,43,4325215.015000005,4,2023-09-11,141567.88500000094,307,27851694.885
2023-09-12,37271.560000001475,251,22792178.560000002,2023-09-12,443992.01500000525,43,4342243.015000005,4,2023-09-12,141567.88500000094,307,27973266.885
2023-09-13,37271.560000001475,251,22558748.560000002,2023-09-13,443992.01500000525,43,4302253.015000005,4,2023-09-13,141567.88500000094,307,27687756.885
2023-09-14,37271.560000001475,251,22710101.560000002,2023-09-14,443992.01500000525,43,4328182.015000005,4,2023-09-14,141567.88500000094,307,27872877.885
2023-09-15,37271.560000001475,251,22842629.560000002,2023-09-15,443992.01500000525,43,4350886.015000005,4,2023-09-15,141567.88500000094,307,28034973.885
2023-09-18,37271.560000001475,251,22396351.560000002,2023-09-18,443992.01500000525,43,4274432.015000005,4,2023-09-18,141567.88500000094,307,27489127.885
2023-09-19,37271.560000001475,251,22423459.560000002,2023-09-19,443992.01500000525,43,4279076.015000005,4,2023-09-19,141567.88500000094,307,27522283.885
2023-09-20,37271.560000001475,251,22453579.560000002,2023-09-20,443992.01500000525,43,4284236.015000005,4,2023-09-20,141567.88500000094,307,27559123.885
2023-09-21,37271.560000001475,251,22207599.560000002,2023-09-21,443992.01500000525,43,4242096.015000005,4,2023-09-21,141567.88500000094,307,27258263.885
2023-09-22,37271.560000001475,251,21975173.560000002,2023-09-22,443992.01500000525,43,4202278.015000005,4,2023-09-22,141567.88500000094,307,26973981.885
2023-09-25,37271.560000001475,251,21883809.560000002,2023-09-25,443992.01500000525,43,4186626.0150000053,4,2023-09-25,141567.88500000094,307,26862233.885
2023-09-26,37271.560000001475,251,21986468.560000002,2023-09-26,443992.01500000525,43,4204213.015000005,4,2023-09-26,141567.88500000094,307,26987796.885
2023-09-27,37271.560000001475,251,21888829.560000002,2023-09-27,443992.01500000525,43,4187486.0150000053,4,2023-09-27,141567.88500000094,307,26868373.885
2023-10-04,37271.560000001475,251,21896108.560000002,2023-10-04,443992.01500000525,43,4188733.0150000053,4,2023-10-04,141567.88500000094,307,26877276.885
2023-10-05,37271.560000001475,251,22148112.560000002,2023-10-05,443992.01500000525,43,4231905.015000005,4,2023-10-05,141567.88500000094,307,27185504.885
2023-10-06,37271.560000001475,251,22073565.560000002,2023-10-06,443992.01500000525,43,4219134.015000005,4,2023-10-06,141567.88500000094,307,27094325.885
2023-10-10,37271.560000001475,251,22588115.560000002,2023-10-10,443992.01500000525,43,4307284.015000005,4,2023-10-10,141567.88500000094,307,27723675.885
2023-10-11,37271.560000001475,251,22557493.560000002,2023-10-11,443992.01500000525,43,4302038.015000005,4,2023-10-11,141567.88500000094,307,27686221.885
2023-10-12,37271.560000001475,251,22755783.560000002,2023-10-12,443992.01500000525,43,4336008.015000005,4,2023-10-12,141567.88500000094,307,27928751.885
2023-10-13,37271.560000001475,251,22752269.560000002,2023-10-13,443992.01500000525,43,4335406.015000005,4,2023-10-13,141567.88500000094,307,27924453.885
2023-10-16,37271.560000001475,251,22625765.560000002,2023-10-16,443992.01500000525,43,4313734.015000005,4,2023-10-16,141567.88500000094,307,27769725.885
2023-10-17,37271.560000001475,251,22774608.560000002,2023-10-17,443992.01500000525,43,4339233.015000005,4,2023-10-17,141567.88500000094,307,27951776.885
2023-10-18,37271.560000001475,251,22618235.560000002,2023-10-18,443992.01500000525,43,4312444.015000005,4,2023-10-18,141567.88500000094,307,27760515.885
2023-10-19,37271.560000001475,251,22438519.560000002,2023-10-19,443992.01500000525,43,4281656.015000005,4,2023-10-19,141567.88500000094,307,27540703.885
2023-10-20,37271.560000001475,251,22099418.560000002,2023-10-20,443992.01500000525,43,4223563.015000005,4,2023-10-20,141567.88500000094,307,27125946.885
2023-10-23,37271.560000001475,251,21957101.560000002,2023-10-23,443992.01500000525,43,4199182.015000005,4,2023-10-23,141567.88500000094,307,26951877.885
2023-10-24,37271.560000001475,251,21907403.560000002,2023-10-24,443992.01500000525,43,4190668.0150000053,4,2023-10-24,141567.88500000094,307,26891091.885
2023-10-25,37271.560000001475,251,21993998.560000002,2023-10-25,443992.01500000525,43,4205503.015000005,4,2023-10-25,141567.88500000094,307,26997006.885
2023-10-26,37271.560000001475,251,21499026.560000002,2023-10-26,443992.01500000525,43,4120707.0150000053,4,2023-10-26,141567.88500000094,307,26391602.885
2023-10-27,37271.560000001475,251,21432260.560000002,2023-10-27,443992.01500000525,43,4109269.0150000053,4,2023-10-27,141567.88500000094,307,26309940.885
2023-10-30,37271.560000001475,251,21404901.560000002,2023-10-30,443992.01500000525,43,4104582.0150000053,4,2023-10-30,141567.88500000094,307,26276477.885
2023-10-31,37271.560000001475,251,21392602.560000002,2023-10-31,443992.01500000525,43,4102475.0150000053,4,2023-10-31,141567.88500000094,307,26261434.885
2023-11-01,37271.560000001475,251,21713129.560000002,2023-11-01,443992.01500000525,43,4157386.0150000053,4,2023-11-01,141567.88500000094,307,26653473.885
2023-11-02,37271.560000001475,251,21956850.560000002,2023-11-02,443992.01500000525,43,4199139.015000005,4,2023-11-02,141567.88500000094,307,26951570.885
2023-11-03,37271.560000001475,251,21865988.560000002,2023-11-03,443992.01500000525,43,4183573.0150000053,4,2023-11-03,141567.88500000094,307,26840436.885
2023-11-06,37271.560000001475,251,21783660.560000002,2023-11-06,443992.01500000525,43,4169469.0150000053,4,2023-11-06,141567.88500000094,307,26739740.885
2023-11-07,37271.560000001475,251,21974922.560000002,2023-11-07,443992.01500000525,43,4202235.015000005,4,2023-11-07,141567.88500000094,307,26973674.885
2023-11-08,37271.560000001475,251,22232197.560000002,2023-11-08,443992.01500000525,43,4246310.015000005,4,2023-11-08,141567.88500000094,307,27288349.885
2023-11-09,37271.560000001475,251,22273361.560000002,2023-11-09,443992.01500000525,43,4253362.015000005,4,2023-11-09,141567.88500000094,307,27338697.885
2023-11-10,37271.560000001475,251,22211113.560000002,2023-11-10,443992.01500000525,43,4242698.015000005,4,2023-11-10,141567.88500000094,307,27262561.885
2023-11-13,37271.560000001475,251,22760301.560000002,2023-11-13,443992.01500000525,43,4336782.015000005,4,2023-11-13,141567.88500000094,307,27934277.885
2023-11-14,37271.560000001475,251,22905128.560000002,2023-11-14,1280809.8100000052,32,4196233.810000005,3,2023-11-14,141567.88500000094,307,28111416.885
2023-11-15,37271.560000001475,251,22938260.560000002,2023-11-15,354733.9600000053,42,4186771.9600000056,4,2023-11-15,141567.88500000094,307,28151940.885
2023-11-16,37271.560000001475,251,22786656.560000002,2023-11-16,354733.9600000053,42,4161403.9600000056,4,2023-11-16,141567.88500000094,307,27966512.885
2023-11-17,37271.560000001475,251,22813011.560000002,2023-11-17,354733.9600000053,42,4165813.9600000056,4,2023-11-17,141567.88500000094,307,27998747.885
2023-11-20,37271.560000001475,251,22670945.560000002,2023-11-20,354733.9600000053,42,4142041.9600000056,4,2023-11-20,141567.88500000094,307,27824985.885
2023-11-21,37271.560000001475,251,22988711.560000002,2023-11-21,354733.9600000053,42,4195213.960000006,4,2023-11-21,141567.88500000094,307,28213647.885
2023-11-22,37271.560000001475,251,22982687.560000002,2023-11-22,354733.9600000053,42,4194205.9600000056,4,2023-11-22,141567.88500000094,307,28206279.885
2023-11-23,37271.560000001475,251,23113458.560000002,2023-11-23,354733.9600000053,42,4216087.960000006,4,2023-11-23,141567.88500000094,307,28366226.885
2023-11-24,37271.560000001475,251,23235193.560000002,2023-11-24,354733.9600000053,42,4236457.960000006,4,2023-11-24,141567.88500000094,307,28515121.885
2023-11-27,37271.560000001475,251,23067525.560000002,2023-11-27,354733.9600000053,42,4208401.960000006,4,2023-11-27,141567.88500000094,307,28310045.885
2023-11-28,37271.560000001475,251,22966623.560000002,2023-11-28,354733.9600000053,42,4191517.9600000056,4,2023-11-28,141567.88500000094,307,28186631.885
2023-11-29,37271.560000001475,251,22976412.560000002,2023-11-29,354733.9600000053,42,4193155.9600000056,4,2023-11-29,141567.88500000094,307,28198604.885
2023-11-30,37271.560000001475,251,22994986.560000002,2023-11-30,354733.9600000053,42,4196263.960000006,4,2023-11-30,141567.88500000094,307,28221322.885
2023-12-01,37271.560000001475,251,23120988.560000002,2023-12-01,354733.9600000053,42,4217347.960000006,4,2023-12-01,141567.88500000094,307,28375436.885
2023-12-04,37271.560000001475,251,23143076.560000002,2023-12-04,354733.9600000053,42,4221043.960000006,4,2023-12-04,141567.88500000094,307,28402452.885
2023-12-05,37271.560000001475,251,23030126.560000002,2023-12-05,354733.9600000053,42,4202143.960000006,4,2023-12-05,141567.88500000094,307,28264302.885
2023-12-06,37271.560000001475,251,23283887.560000002,2023-12-06,354733.9600000053,42,4244605.960000006,4,2023-12-06,141567.88500000094,307,28574679.885
2023-12-07,37271.560000001475,251,23269078.560000002,2023-12-07,354733.9600000053,42,4242127.960000006,4,2023-12-07,141567.88500000094,307,28556566.885
2023-12-08,37271.560000001475,251,23257783.560000002,2023-12-08,354733.9600000053,42,4240237.960000006,4,2023-12-08,141567.88500000094,307,28542751.885
2023-12-11,37271.560000001475,251,23519576.560000002,2023-12-11,354733.9600000053,42,4284043.960000006,4,2023-12-11,141567.88500000094,307,28862952.885
2023-12-12,37271.560000001475,251,23753257.560000002,2023-12-12,2090441.7800000052,20,3980161.780000005,2,2023-12-12,141567.88500000094,307,29148769.885
2023-12-13,37271.560000001475,251,24020572.560000002,2023-12-13,1120599.1300000052,30,3987129.1300000055,3,2023-12-13,141567.88500000094,307,29475724.885
2023-12-14,37271.560000001475,251,24005512.560000002,2023-12-14,151365.48000000534,40,3971005.480000005,4,2023-12-14,141567.88500000094,307,29457304.885
2023-12-15,37271.560000001475,251,23861689.560000002,2023-12-15,151365.48000000534,40,3948085.480000005,4,2023-12-15,141567.88500000094,307,29281393.885
2023-12-18,37271.560000001475,251,24037891.560000002,2023-12-18,151365.48000000534,40,3976165.480000005,4,2023-12-18,141567.88500000094,307,29496907.885
2023-12-19,37271.560000001475,251,24306210.560000002,2023-12-19,151365.48000000534,40,4018925.480000005,4,2023-12-19,141567.88500000094,307,29825090.885
2023-12-20,37271.560000001475,251,24304955.560000002,2023-12-20,151365.48000000534,40,4018725.480000005,4,2023-12-20,141567.88500000094,307,29823555.885
2023-12-21,37271.560000001475,251,24152096.560000002,2023-12-21,151365.48000000534,40,3994365.480000005,4,2023-12-21,141567.88500000094,307,29636592.885
2023-12-22,37271.560000001475,251,24189495.560000002,2023-12-22,151365.48000000534,40,4000325.480000005,4,2023-12-22,141567.88500000094,307,29682335.885
2023-12-26,37271.560000001475,251,24222878.560000002,2023-12-26,151365.48000000534,40,4005645.480000005,4,2023-12-26,141567.88500000094,307,29723166.885
2023-12-27,37271.560000001475,251,24316250.560000002,2023-12-27,151365.48000000534,40,4020525.480000005,4,2023-12-27,141567.88500000094,307,29837370.885
2023-12-28,37271.560000001475,251,24296421.560000002,2023-12-28,151365.48000000534,40,4017365.480000005,4,2023-12-28,141567.88500000094,307,29813117.885
2024-01-02,37271.560000001475,251,24343609.560000002,2024-01-02,151365.48000000534,40,4024885.480000005,4,2024-01-02,141567.88500000094,307,29870833.885
2024-01-03,37271.560000001475,251,24001747.560000002,2024-01-03,151365.48000000534,40,3970405.480000005,4,2024-01-03,141567.88500000094,307,29452699.885
2024-01-04,37271.560000001475,251,23875243.560000002,2024-01-04,151365.48000000534,40,3950245.480000005,4,2024-01-04,141567.88500000094,307,29297971.885
2024-01-05,37271.560000001475,251,23798186.560000002,2024-01-05,151365.48000000534,40,3937965.480000005,4,2024-01-05,141567.88500000094,307,29203722.885
2024-01-08,37271.560000001475,251,23852904.560000002,2024-01-08,151365.48000000534,40,3946685.480000005,4,2024-01-08,141567.88500000094,307,29270648.885
2024-01-09,37271.560000001475,251,24328549.560000002,2024-01-09,151365.48000000534,40,4022485.480000005,4,2024-01-09,141567.88500000094,307,29852413.885
2024-01-10,37271.560000001475,251,24480153.560000002,2024-01-10,151365.48000000534,40,4046645.480000005,4,2024-01-10,141567.88500000094,307,30037841.885
2024-01-11,37271.560000001475,251,24605653.560000002,2024-01-11,151365.48000000534,40,4066645.480000005,4,2024-01-11,141567.88500000094,307,30191341.885
2024-01-12,37271.560000001475,251,24551939.560000002,2024-01-12,151365.48000000534,40,4058085.480000005,4,2024-01-12,141567.88500000094,307,30125643.885
2024-01-15,37271.560000001475,251,24757508.560000002,2024-01-15,151365.48000000534,40,4090845.480000005,4,2024-01-15,141567.88500000094,307,30377076.885
2024-01-16,37271.560000001475,251,24789887.560000002,2024-01-16,151365.48000000534,40,4096005.480000005,4,2024-01-16,141567.88500000094,307,30416679.885
2024-01-17,37271.560000001475,251,24988679.560000002,2024-01-17,981422.2800000053,30,3963662.2800000054,3,2024-01-17,141567.88500000094,307,30659823.885
2024-01-18,37271.560000001475,251,24945005.560000002,2024-01-18,981422.2800000053,30,3958442.2800000054,3,2024-01-18,141567.88500000094,307,30606405.885
2024-01-19,37271.560000001475,251,25347609.560000002,2024-01-19,1823419.5800000052,20,3840179.580000005,2,2024-01-19,141567.88500000094,307,31098833.885
2024-01-22,37271.560000001475,251,25914116.560000002,2024-01-22,881646.7550000052,29,3871401.7550000055,3,2024-01-22,141567.88500000094,307,31791732.885
2024-01-23,37271.560000001475,251,25719340.560000002,2024-01-23,881646.7550000052,29,3848897.7550000055,3,2024-01-23,141567.88500000094,307,31553500.885
2024-01-24,37271.560000001475,251,25996193.560000002,2024-01-24,881646.7550000052,29,3880884.7550000055,3,2024-01-24,141567.88500000094,307,31892121.885
2024-01-25,37271.560000001475,251,26001213.560000002,2024-01-25,881646.7550000052,29,3881464.7550000055,3,2024-01-25,141567.88500000094,307,31898261.885
2024-01-26,37271.560000001475,251,25835804.560000002,2024-01-26,881646.7550000052,29,3862353.7550000055,3,2024-01-26,141567.88500000094,307,31695948.885
2024-01-29,37271.560000001475,251,25903072.560000002,2024-01-29,881646.7550000052,29,3870125.7550000055,3,2024-01-29,141567.88500000094,307,31778224.885
2024-01-30,37271.560000001475,251,26006484.560000002,2024-01-30,881646.7550000052,29,3882073.7550000055,3,2024-01-30,141567.88500000094,307,31904708.885
2024-01-31,37271.560000001475,251,25741177.560000002,2024-01-31,881646.7550000052,29,3851420.7550000055,3,2024-01-31,141567.88500000094,307,31580209.885
2024-02-01,37271.560000001475,251,25453782.560000002,2024-02-01,881646.7550000052,29,3818215.7550000055,3,2024-02-01,141567.88500000094,307,31228694.885
2024-02-02,37271.560000001475,251,25763767.560000002,2024-02-02,881646.7550000052,29,3854030.7550000055,3,2024-02-02,141567.88500000094,307,31607839.885
2024-02-05,37271.560000001475,251,26064967.560000002,2024-02-05,881646.7550000052,29,3888830.7550000055,3,2024-02-05,141567.88500000094,307,31976239.885
2024-02-06,37271.560000001475,251,26046393.560000002,2024-02-06,881646.7550000052,29,3886684.7550000055,3,2024-02-06,141567.88500000094,307,31953521.885
2024-02-07,37271.560000001475,251,25920642.560000002,2024-02-07,881646.7550000052,29,3872155.7550000055,3,2024-02-07,141567.88500000094,307,31799714.885
2024-02-08,37271.560000001475,251,26235396.560000002,2024-02-08,881646.7550000052,29,3908521.7550000055,3,2024-02-08,141567.88500000094,307,32184692.885
2024-02-13,37271.560000001475,251,26407331.560000002,2024-02-13,1758897.7550000052,19,3755037.7550000055,2,2024-02-13,141567.88500000094,307,32394987.885
2024-02-14,37271.560000001475,251,26177164.560000002,2024-02-14,807551.4500000053,28,3723555.4500000053,3,2024-02-14,141567.88500000094,307,32113468.885
2024-02-15,37271.560000001475,251,26422140.560000002,2024-02-15,1685295.1000000052,18,3577437.100000005,2,2024-02-15,141567.88500000094,307,32413100.885
2024-02-16,37271.560000001475,251,26538353.560000002,2024-02-16,720803.5300000053,27,3571517.5300000054,3,2024-02-16,141567.88500000094,307,32555241.885
2024-02-19,37271.560000001475,251,26320234.560000002,2024-02-19,720803.5300000053,27,3548054.5300000054,3,2024-02-19,141567.88500000094,307,32288458.885
2024-02-20,37271.560000001475,251,26258990.560000002,2024-02-20,720803.5300000053,27,3541466.5300000054,3,2024-02-20,141567.88500000094,307,32213550.885
2024-02-21,37271.560000001475,251,25981384.560000002,2024-02-21,720803.5300000053,27,3511604.5300000054,3,2024-02-21,141567.88500000094,307,31874008.885
2024-02-22,37271.560000001475,251,26225607.560000002,2024-02-22,720803.5300000053,27,3537875.5300000054,3,2024-02-22,141567.88500000094,307,32172719.885
2024-02-23,37271.560000001475,251,26637498.560000002,2024-02-23,720803.5300000053,27,3582182.5300000054,3,2024-02-23,141567.88500000094,307,32676506.885
2024-02-26,37271.560000001475,251,26506978.560000002,2024-02-26,720803.5300000053,27,3568142.5300000054,3,2024-02-26,141567.88500000094,307,32516866.885
2024-02-27,37271.560000001475,251,26491918.560000002,2024-02-27,720803.5300000053,27,3566522.5300000054,3,2024-02-27,141567.88500000094,307,32498446.885
2024-02-28,37271.560000001475,251,26623693.560000002,2024-02-28,720803.5300000053,27,3580697.5300000054,3,2024-02-28,141567.88500000094,307,32659621.885
2024-02-29,37271.560000001475,251,26471838.560000002,2024-02-29,720803.5300000053,27,3564362.5300000054,3,2024-02-29,141567.88500000094,307,32473886.885
2024-03-04,37271.560000001475,251,27119669.560000002,2024-03-04,720803.5300000053,27,3634049.5300000054,3,2024-03-04,141567.88500000094,307,33266253.885
2024-03-05,37271.560000001475,251,26952503.560000002,2024-03-05,720803.5300000053,27,3616067.5300000054,3,2024-03-05,141567.88500000094,307,33061791.885
2024-03-06,37271.560000001475,251,26655068.560000002,2024-03-06,720803.5300000053,27,3584072.5300000054,3,2024-03-06,141567.88500000094,307,32697996.885
2024-03-07,37271.560000001475,251,26615159.560000002,2024-03-07,720803.5300000053,27,3579779.5300000054,3,2024-03-07,141567.88500000094,307,32649183.885
2024-03-08,37271.560000001475,251,26823238.560000002,2024-03-08,720803.5300000053,27,3602162.5300000054,3,2024-03-08,141567.88500000094,307,32903686.885
2024-03-11,37271.560000001475,251,26236651.560000002,2024-03-11,720803.5300000053,27,3539063.5300000054,3,2024-03-11,141567.88500000094,307,32186227.885
2024-03-12,37271.560000001475,251,26344079.560000002,2024-03-12,720803.5300000053,27,3550619.5300000054,3,2024-03-12,141567.88500000094,307,32317623.885
2024-03-13,37271.560000001475,251,26638753.560000002,2024-03-13,720803.5300000053,27,3582317.5300000054,3,2024-03-13,141567.88500000094,307,32678041.885
2024-03-14,37271.560000001475,251,26588051.560000002,2024-03-14,720803.5300000053,27,3576863.5300000054,3,2024-03-14,141567.88500000094,307,32616027.885
2024-03-15,37271.560000001475,251,26570481.560000002,2024-03-15,720803.5300000053,27,3574973.5300000054,3,2024-03-15,141567.88500000094,307,32594537.885
2024-03-18,37271.560000001475,251,26581776.560000002,2024-03-18,720803.5300000053,27,3576188.5300000054,3,2024-03-18,141567.88500000094,307,32608352.885
2024-03-19,37271.560000001475,251,26752456.560000002,2024-03-19,720803.5300000053,27,3594548.5300000054,3,2024-03-19,141567.88500000094,307,32817112.885
2024-03-20,37271.560000001475,251,26840808.560000002,2024-03-20,720803.5300000053,27,3604052.5300000054,3,2024-03-20,141567.88500000094,307,32925176.885
2024-03-21,37271.560000001475,251,27044620.560000002,2024-03-21,720803.5300000053,27,3625976.5300000054,3,2024-03-21,141567.88500000094,307,33174460.885
2024-03-22,37271.560000001475,251,27306413.560000002,2024-03-22,720803.5300000053,27,3654137.5300000054,3,2024-03-22,141567.88500000094,307,33494661.885
2024-03-25,37271.560000001475,251,27336282.560000002,2024-03-25,720803.5300000053,27,3657350.5300000054,3,2024-03-25,141567.88500000094,307,33531194.885
2024-03-26,37271.560000001475,251,27291604.560000002,2024-03-26,720803.5300000053,27,3652544.5300000054,3,2024-03-26,141567.88500000094,307,33476548.885
2024-03-27,37271.560000001475,251,27421120.560000002,2024-03-27,720803.5300000053,27,3666476.5300000054,3,2024-03-27,141567.88500000094,307,33634960.885
2024-03-28,37271.560000001475,251,27363390.560000002,2024-03-28,720803.5300000053,27,3660266.5300000054,3,2024-03-28,141567.88500000094,307,33564350.885
2024-03-29,37271.560000001475,251,27477846.560000002,2024-03-29,720803.5300000053,27,3672578.5300000054,3,2024-03-29,141567.88500000094,307,33704342.885
2024-04-01,37271.560000001475,251,27572724.560000002,2024-04-01,720803.5300000053,27,3682784.5300000054,3,2024-04-01,141567.88500000094,307,33820388.885
2024-04-02,37271.560000001475,251,27500436.560000002,2024-04-02,720803.5300000053,27,3675008.5300000054,3,2024-04-02,141567.88500000094,307,33731972.885
2024-04-03,37271.560000001475,251,27107119.560000002,2024-04-03,720803.5300000053,27,3632699.5300000054,3,2024-04-03,141567.88500000094,307,33250903.885
2024-04-04,37271.560000001475,251,27298883.560000002,2024-04-04,720803.5300000053,27,3653327.5300000054,3,2024-04-04,141567.88500000094,307,33485451.885
2024-04-05,37271.560000001475,251,26973838.560000002,2024-04-05,720803.5300000053,27,3618362.5300000054,3,2024-04-05,141567.88500000094,307,33087886.885
2024-04-08,37271.560000001475,251,27261735.560000002,2024-04-08,720803.5300000053,27,3649331.5300000054,3,2024-04-08,141567.88500000094,307,33440015.885
2024-04-09,37271.560000001475,251,27330007.560000002,2024-04-09,720803.5300000053,27,3656675.5300000054,3,2024-04-09,141567.88500000094,307,33523519.885
2024-04-11,37271.560000001475,251,27367155.560000002,2024-04-11,720803.5300000053,27,3660671.5300000054,3,2024-04-11,141567.88500000094,307,33568955.885
2024-04-12,37271.560000001475,251,28025779.560000002,2024-04-12,720803.5300000053,27,3731519.5300000054,3,2024-04-12,141567.88500000094,307,34374523.885
2024-04-15,37271.560000001475,251,27846565.560000002,2024-04-15,720803.5300000053,27,3712241.5300000054,3,2024-04-15,141567.88500000094,307,34155325.885
2024-04-16,37271.560000001475,251,27414845.560000002,2024-04-16,720803.5300000053,27,3665801.5300000054,3,2024-04-16,141567.88500000094,307,33627285.885
2024-04-17,37271.560000001475,251,27244165.560000002,2024-04-17,720803.5300000053,27,3647441.5300000054,3,2024-04-17,141567.88500000094,307,33418525.885
2024-04-18,37271.560000001475,251,26877956.560000002,2024-04-18,720803.5300000053,27,3608048.5300000054,3,2024-04-18,141567.88500000094,307,32970612.885
2024-04-19,37271.560000001475,251,26496938.560000002,2024-04-19,720803.5300000053,27,3567062.5300000054,3,2024-04-19,141567.88500000094,307,32504586.885
2024-04-22,37271.560000001475,251,26316469.560000002,2024-04-22,720803.5300000053,27,3547649.5300000054,3,2024-04-22,141567.88500000094,307,32283853.885
2024-04-23,37271.560000001475,251,26359139.560000002,2024-04-23,720803.5300000053,27,3552239.5300000054,3,2024-04-23,141567.88500000094,307,32336043.885
2024-04-24,37271.560000001475,251,26824493.560000002,2024-04-24,720803.5300000053,27,3602297.5300000054,3,2024-04-24,141567.88500000094,307,32905221.885
2024-04-25,37271.560000001475,251,26427160.560000002,2024-04-25,720803.5300000053,27,3559556.5300000054,3,2024-04-25,141567.88500000094,307,32419240.885
2024-04-26,37271.560000001475,251,26976348.560000002,2024-04-26,720803.5300000053,27,3618632.5300000054,3,2024-04-26,141567.88500000094,307,33090956.885
2024-04-29,37271.560000001475,251,27249687.560000002,2024-04-29,720803.5300000053,27,3648035.5300000054,3,2024-04-29,141567.88500000094,307,33425279.885
2024-04-30,37271.560000001475,251,27319214.560000002,2024-04-30,720803.5300000053,27,3655514.5300000054,3,2024-04-30,141567.88500000094,307,33510318.885
2024-05-02,37271.560000001475,251,26691212.560000002,2024-05-02,720803.5300000053,27,3587960.5300000054,3,2024-05-02,141567.88500000094,307,32742204.885
2024-05-03,37271.560000001475,251,26732125.560000002,2024-05-03,720803.5300000053,27,3592361.5300000054,3,2024-05-03,141567.88500000094,307,32792245.885
2024-05-07,37271.560000001475,251,27319214.560000002,2024-05-07,720803.5300000053,27,3655514.5300000054,3,2024-05-07,141567.88500000094,307,33510318.885
2024-05-08,37271.560000001475,251,27440447.560000002,2024-05-08,720803.5300000053,27,3668555.5300000054,3,2024-05-08,141567.88500000094,307,33658599.885
2024-05-09,37271.560000001475,251,27498679.560000002,2024-05-09,720803.5300000053,27,3674819.5300000054,3,2024-05-09,141567.88500000094,307,33729823.885
2024-05-10,37271.560000001475,251,27596067.560000002,2024-05-10,720803.5300000053,27,3685295.5300000054,3,2024-05-10,141567.88500000094,307,33848939.885
2024-05-13,37271.560000001475,251,27708264.560000002,2024-05-13,720803.5300000053,27,3697364.5300000054,3,2024-05-13,141567.88500000094,307,33986168.885
2024-05-14,37271.560000001475,251,27703244.560000002,2024-05-14,720803.5300000053,27,3696824.5300000054,3,2024-05-14,141567.88500000094,307,33980028.885
2024-05-16,37271.560000001475,251,27885470.560000002,2024-05-16,720803.5300000053,27,3716426.5300000054,3,2024-05-16,141567.88500000094,307,34202910.885
2024-05-17,37271.560000001475,251,28002185.560000002,2024-05-17,720803.5300000053,27,3728981.5300000054,3,2024-05-17,141567.88500000094,307,34345665.885
2024-05-20,37271.560000001475,251,28041090.560000002,2024-05-20,720803.5300000053,27,3733166.5300000054,3,2024-05-20,141567.88500000094,307,34393250.885
2024-05-21,37271.560000001475,251,28303134.560000002,2024-05-21,720803.5300000053,27,3761354.5300000054,3,2024-05-21,141567.88500000094,307,34713758.885
2024-05-22,37271.560000001475,251,28392992.560000002,2024-05-22,720803.5300000053,27,3771020.5300000054,3,2024-05-22,141567.88500000094,307,34823664.885
2024-05-23,37271.560000001475,251,28594545.560000002,2024-05-23,1575815.1400000053,18,3623747.1400000053,2,2024-05-23,141567.88500000094,307,35070185.885
2024-05-24,37271.560000001475,251,28390482.560000002,2024-05-24,658571.8200000053,26,3595557.8200000054,3,2024-05-24,141567.88500000094,307,34820594.885
2024-05-27,37271.560000001475,251,28553632.560000002,2024-05-27,658571.8200000053,26,3612457.8200000054,3,2024-05-27,141567.88500000094,307,35020144.885
2024-05-28,37271.560000001475,251,28497408.560000002,2024-05-28,658571.8200000053,26,3606633.8200000054,3,2024-05-28,141567.88500000094,307,34951376.885
2024-05-29,37271.560000001475,251,28548612.560000002,2024-05-29,658571.8200000053,26,3611937.8200000054,3,2024-05-29,141567.88500000094,307,35014004.885
2024-05-30,37271.560000001475,251,28573210.560000002,2024-05-30,658571.8200000053,26,3614485.8200000054,3,2024-05-30,141567.88500000094,307,35044090.885
2024-05-31,37271.560000001475,251,28491133.560000002,2024-05-31,658571.8200000053,26,3605983.8200000054,3,2024-05-31,141567.88500000094,307,34943701.885
2024-06-03,37271.560000001475,251,28483603.560000002,2024-06-03,658571.8200000053,26,3605203.8200000054,3,2024-06-03,141567.88500000094,307,34934491.885
2024-06-04,37271.560000001475,251,28451224.560000002,2024-06-04,658571.8200000053,26,3601849.8200000054,3,2024-06-04,141567.88500000094,307,34894888.885
2024-06-05,37271.560000001475,251,28556142.560000002,2024-06-05,658571.8200000053,26,3612717.8200000054,3,2024-06-05,141567.88500000094,307,35023214.885
2024-06-07,37271.560000001475,251,28982340.560000002,2024-06-07,1525194.105000005,17,3485617.105000005,2,2024-06-07,141567.88500000094,307,35544500.885
2024-06-10,37271.560000001475,251,29074457.560000002,2024-06-10,585823.7850000052,25,3477973.7850000053,3,2024-06-10,141567.88500000094,307,35657169.885
2024-06-11,37271.560000001475,251,29278018.560000002,2024-06-11,1461298.740000005,16,3325250.740000005,2,2024-06-11,141567.88500000094,307,35906146.885
2024-06-12,37271.560000001475,251,29483587.560000002,2024-06-12,508692.8200000052,24,3324276.820000005,3,2024-06-12,141567.88500000094,307,36157579.885
2024-06-13,37271.560000001475,251,29982073.560000002,2024-06-13,508692.8200000052,24,3371940.820000005,3,2024-06-13,141567.88500000094,307,36767281.885
2024-06-14,37271.560000001475,251,30139199.560000002,2024-06-14,508692.8200000052,24,3386964.820000005,3,2024-06-14,141567.88500000094,307,36959463.885
2024-06-17,37271.560000001475,251,30221778.560000002,2024-06-17,508692.8200000052,24,3394860.820000005,3,2024-06-17,141567.88500000094,307,37060466.885
2024-06-18,37271.560000001475,251,30599282.560000002,2024-06-18,508692.8200000052,24,3430956.820000005,3,2024-06-18,141567.88500000094,307,37522194.885
2024-06-19,37271.560000001475,251,30664040.560000002,2024-06-19,508692.8200000052,24,3437148.820000005,3,2024-06-19,141567.88500000094,307,37601400.885
2024-06-20,37271.560000001475,251,30875131.560000002,2024-06-20,508692.8200000052,24,3457332.820000005,3,2024-06-20,141567.88500000094,307,37859587.885
2024-06-21,37271.560000001475,251,30589242.560000002,2024-06-21,508692.8200000052,24,3429996.820000005,3,2024-06-21,141567.88500000094,307,37509914.885
2024-06-24,37271.560000001475,251,30509424.560000002,2024-06-24,508692.8200000052,24,3422364.820000005,3,2024-06-24,141567.88500000094,307,37412288.885
2024-06-25,37271.560000001475,251,30141709.560000002,2024-06-25,508692.8200000052,24,3387204.820000005,3,2024-06-25,141567.88500000094,307,36962533.885
2024-06-26,37271.560000001475,251,30537034.560000002,2024-06-26,508692.8200000052,24,3425004.820000005,3,2024-06-26,141567.88500000094,307,37446058.885
2024-06-27,37271.560000001475,251,30401494.560000002,2024-06-27,508692.8200000052,24,3412044.820000005,3,2024-06-27,141567.88500000094,307,37280278.885
2024-06-28,37271.560000001475,251,30453200.560000002,2024-06-28,508692.8200000052,24,3416988.820000005,3,2024-06-28,141567.88500000094,307,37343520.885
2024-07-01,37271.560000001475,251,30357569.560000002,2024-07-01,508692.8200000052,24,3407844.820000005,3,2024-07-01,141567.88500000094,307,37226553.885
2024-07-02,37271.560000001475,251,30549584.560000002,2024-07-02,508692.8200000052,24,3426204.820000005,3,2024-07-02,141567.88500000094,307,37461408.885
2024-07-03,37271.560000001475,251,30973272.560000002,2024-07-03,508692.8200000052,24,3466716.820000005,3,2024-07-03,141567.88500000094,307,37979624.885
2024-07-04,37271.560000001475,251,31006906.560000002,2024-07-04,508692.8200000052,24,3469932.820000005,3,2024-07-04,141567.88500000094,307,38020762.885
2024-07-05,37271.560000001475,251,31066644.560000002,2024-07-05,508692.8200000052,24,3475644.820000005,3,2024-07-05,141567.88500000094,307,38093828.885
2024-07-08,37271.560000001475,251,31371107.560000002,2024-07-08,1342597.3000000052,16,3339973.3000000054,2,2024-07-08,141567.88500000094,307,38466219.885
2024-07-09,37271.560000001475,251,31526727.560000002,2024-07-09,451232.4200000053,23,3336720.4200000055,3,2024-07-09,141567.88500000094,307,38656559.885
2024-07-10,37271.560000001475,251,31561616.560000002,2024-07-10,451232.4200000053,23,3339917.4200000055,3,2024-07-10,141567.88500000094,307,38699232.885
2024-07-11,37271.560000001475,251,31723762.560000002,2024-07-11,451232.4200000053,23,3354775.4200000055,3,2024-07-11,141567.88500000094,307,38897554.885
2024-07-12,37271.560000001475,251,31041795.560000002,2024-07-12,451232.4200000053,23,3292284.4200000055,3,2024-07-12,141567.88500000094,307,38063435.885
2024-07-15,37271.560000001475,251,31421056.560000002,2024-07-15,451232.4200000053,23,3327037.4200000055,3,2024-07-15,141567.88500000094,307,38527312.885
2024-07-16,37271.560000001475,251,31506647.560000002,2024-07-16,451232.4200000053,23,3334880.4200000055,3,2024-07-16,141567.88500000094,307,38631999.885
2024-07-17,37271.560000001475,251,31133159.560000002,2024-07-17,451232.4200000053,23,3300656.4200000055,3,2024-07-17,141567.88500000094,307,38175183.885
2024-07-18,37271.560000001475,251,30627896.560000002,2024-07-18,451232.4200000053,23,3254357.4200000055,3,2024-07-18,141567.88500000094,307,37557192.885
2024-07-19,37271.560000001475,251,30552094.560000002,2024-07-19,451232.4200000053,23,3247411.4200000055,3,2024-07-19,141567.88500000094,307,37464478.885
2024-07-22,37271.560000001475,251,30302600.560000002,2024-07-22,451232.4200000053,23,3224549.4200000055,3,2024-07-22,141567.88500000094,307,37159320.885
2024-07-23,37271.560000001475,251,30450690.560000002,2024-07-23,451232.4200000053,23,3238119.4200000055,3,2024-07-23,141567.88500000094,307,37340450.885
2024-07-24,37271.560000001475,251,30155514.560000002,2024-07-24,451232.4200000053,23,3211071.4200000055,3,2024-07-24,141567.88500000094,307,36979418.885
2024-07-25,37271.560000001475,251,29402514.560000002,2024-07-25,451232.4200000053,23,3142071.4200000055,3,2024-07-25,141567.88500000094,307,36058418.885
2024-07-26,37271.560000001475,251,29195690.560000002,2024-07-26,451232.4200000053,23,3123119.4200000055,3,2024-07-26,141567.88500000094,307,35805450.885
2024-07-29,37271.560000001475,251,29486097.560000002,2024-07-29,451232.4200000053,23,3149730.4200000055,3,2024-07-29,141567.88500000094,307,36160649.885
2024-07-30,37271.560000001475,251,29394984.560000002,2024-07-30,451232.4200000053,23,3141381.4200000055,3,2024-07-30,141567.88500000094,307,36049208.885
2024-07-31,37271.560000001475,251,29202969.560000002,2024-07-31,451232.4200000053,23,3123786.4200000055,3,2024-07-31,141567.88500000094,307,35814353.885
2024-08-01,37271.560000001475,251,29622139.560000002,2024-08-01,451232.4200000053,23,3162196.4200000055,3,2024-08-01,141567.88500000094,307,36327043.885
2024-08-02,37271.560000001475,251,28362370.560000002,2024-08-02,451232.4200000053,23,3046759.4200000055,3,2024-08-02,141567.88500000094,307,34786210.885
2024-08-05,37271.560000001475,251,26515512.560000002,2024-08-05,451232.4200000053,23,2877525.4200000055,3,2024-08-05,141567.88500000094,307,32527304.885
2024-08-06,37271.560000001475,251,27891745.560000002,2024-08-06,451232.4200000053,23,3003634.4200000055,3,2024-08-06,141567.88500000094,307,34210585.885
2024-08-07,37271.560000001475,251,27915339.560000002,2024-08-07,451232.4200000053,23,3005796.4200000055,3,2024-08-07,141567.88500000094,307,34239443.885
2024-08-08,37271.560000001475,251,27498177.560000002,2024-08-08,451232.4200000053,23,2967570.4200000055,3,2024-08-08,141567.88500000094,307,33729209.885
2024-08-09,37271.560000001475,251,27987878.560000002,2024-08-09,451232.4200000053,23,3012443.4200000055,3,2024-08-09,141567.88500000094,307,34328166.885
2024-08-12,37271.560000001475,251,28327481.560000002,2024-08-12,451232.4200000053,23,3043562.4200000055,3,2024-08-12,141567.88500000094,307,34743537.885
2024-08-13,37271.560000001475,251,28372410.560000002,2024-08-13,451232.4200000053,23,3047679.4200000055,3,2024-08-13,141567.88500000094,307,34798490.885
2024-08-14,37271.560000001475,251,28842031.560000002,2024-08-14,451232.4200000053,23,3090712.4200000055,3,2024-08-14,141567.88500000094,307,35372887.885
2024-08-16,37271.560000001475,251,29606075.560000002,2024-08-16,451232.4200000053,23,3160724.4200000055,3,2024-08-16,141567.88500000094,307,36307395.885
2024-08-19,37271.560000001475,251,28943184.560000002,2024-08-19,451232.4200000053,23,3099981.4200000055,3,2024-08-19,141567.88500000094,307,35496608.885
2024-08-20,37271.560000001475,251,29396239.560000002,2024-08-20,451232.4200000053,23,3141496.4200000055,3,2024-08-20,141567.88500000094,307,36050743.885
2024-08-21,37271.560000001475,251,29378920.560000002,2024-08-21,451232.4200000053,23,3139909.4200000055,3,2024-08-21,141567.88500000094,307,36029560.885
2024-08-22,37271.560000001475,251,29474802.560000002,2024-08-22,451232.4200000053,23,3148695.4200000055,3,2024-08-22,141567.88500000094,307,36146834.885
2024-08-23,37271.560000001475,251,29226312.560000002,2024-08-23,451232.4200000053,23,3125925.4200000055,3,2024-08-23,141567.88500000094,307,35842904.885
2024-08-26,37271.560000001475,251,29169084.560000002,2024-08-26,451232.4200000053,23,3120681.4200000055,3,2024-08-26,141567.88500000094,307,35772908.885
2024-08-27,37271.560000001475,251,28955483.560000002,2024-08-27,451232.4200000053,23,3101108.4200000055,3,2024-08-27,141567.88500000094,307,35511651.885
2024-08-28,37271.560000001475,251,29189164.560000002,2024-08-28,451232.4200000053,23,3122521.4200000055,3,2024-08-28,141567.88500000094,307,35797468.885
2024-08-29,37271.560000001475,251,28599565.560000002,2024-08-29,451232.4200000053,23,3068494.4200000055,3,2024-08-29,141567.88500000094,307,35076325.885
2024-08-30,37271.560000001475,251,28901769.560000002,2024-08-30,451232.4200000053,23,3096186.4200000055,3,2024-08-30,141567.88500000094,307,35445953.885
2024-09-02,37271.560000001475,251,29122900.560000002,2024-09-02,451232.4200000053,23,3116449.4200000055,3,2024-09-02,141567.88500000094,307,35716420.885
2024-09-03,37271.560000001475,251,29136454.560000002,2024-09-03,451232.4200000053,23,3117691.4200000055,3,2024-09-03,141567.88500000094,307,35732998.885
2024-09-04,37271.560000001475,251,28178638.560000002,2024-09-04,451232.4200000053,23,3029923.4200000055,3,2024-09-04,141567.88500000094,307,34561486.885
2024-09-05,37271.560000001475,251,28095055.560000002,2024-09-05,451232.4200000053,23,3022264.4200000055,3,2024-09-05,141567.88500000094,307,34459255.885
2024-09-06,37271.560000001475,251,27819457.560000002,2024-09-06,451232.4200000053,23,2997010.4200000055,3,2024-09-06,141567.88500000094,307,34122169.885
2024-09-09,37271.560000001475,251,27674128.560000002,2024-09-09,451232.4200000053,23,2983693.4200000055,3,2024-09-09,141567.88500000094,307,33944416.885
2024-09-10,37271.560000001475,251,27855350.560000002,2024-09-10,451232.4200000053,23,3000299.4200000055,3,2024-09-10,141567.88500000094,307,34166070.885
2024-09-11,37271.560000001475,251,27981603.560000002,2024-09-11,451232.4200000053,23,3011868.4200000055,3,2024-09-11,141567.88500000094,307,34320491.885
2024-09-12,37271.560000001475,251,28768237.560000002,2024-09-12,451232.4200000053,23,3083950.4200000055,3,2024-09-12,141567.88500000094,307,35282629.885
2024-09-13,37271.560000001475,251,28774512.560000002,2024-09-13,451232.4200000053,23,3084525.4200000055,3,2024-09-13,141567.88500000094,307,35290304.885
2024-09-19,37271.560000001475,251,29135199.560000002,2024-09-19,451232.4200000053,23,3117576.4200000055,3,2024-09-19,141567.88500000094,307,35731463.885
2024-09-20,37271.560000001475,251,29342776.560000002,2024-09-20,451232.4200000053,23,3136597.4200000055,3,2024-09-20,141567.88500000094,307,35985352.885
2024-09-23,37271.560000001475,251,29567170.560000002,2024-09-23,451232.4200000053,23,3157159.4200000055,3,2024-09-23,141567.88500000094,307,36259810.885
2024-09-24,37271.560000001475,251,29567170.560000002,2024-09-24,451232.4200000053,23,3157159.4200000055,3,2024-09-24,141567.88500000094,307,36259810.885
2024-09-25,37271.560000001475,251,29453467.560000002,2024-09-25,451232.4200000053,23,3146740.4200000055,3,2024-09-25,141567.88500000094,307,36120739.885
2024-09-26,37271.560000001475,251,29907275.560000002,2024-09-26,451232.4200000053,23,3188324.4200000055,3,2024-09-26,141567.88500000094,307,36675795.885
2024-09-27,37271.560000001475,251,29459742.560000002,2024-09-27,451232.4200000053,23,3147315.4200000055,3,2024-09-27,141567.88500000094,307,36128414.885
2024-09-30,37271.560000001475,251,29057640.560000002,2024-09-30,451232.4200000053,23,3110469.4200000055,3,2024-09-30,141567.88500000094,307,35636600.885
2024-10-02,37271.560000001475,251,28985352.560000002,2024-10-02,451232.4200000053,23,3103845.4200000055,3,2024-10-02,141567.88500000094,307,35548184.885
2024-10-04,37271.560000001475,251,29449953.560000002,2024-10-04,451232.4200000053,23,3146418.4200000055,3,2024-10-04,141567.88500000094,307,36116441.885
2024-10-07,37271.560000001475,251,30019221.560000002,2024-10-07,451232.4200000053,23,3198582.4200000055,3,2024-10-07,141567.88500000094,307,36812717.885
2024-10-08,37271.560000001475,251,29753412.560000002,2024-10-08,451232.4200000053,23,3174225.4200000055,3,2024-10-08,141567.88500000094,307,36487604.885
2024-10-10,37271.560000001475,251,30451192.560000002,2024-10-10,451232.4200000053,23,3238165.4200000055,3,2024-10-10,141567.88500000094,307,37341064.885
2024-10-11,37271.560000001475,251,30430359.560000002,2024-10-11,451232.4200000053,23,3236256.4200000055,3,2024-10-11,141567.88500000094,307,37315583.885
2024-10-14,37271.560000001475,251,30593760.560000002,2024-10-14,451232.4200000053,23,3251229.4200000055,3,2024-10-14,141567.88500000094,307,37515440.885
2024-10-15,37271.560000001475,251,30973272.560000002,2024-10-15,451232.4200000053,23,3286005.4200000055,3,2024-10-15,141567.88500000094,307,37979624.885
2024-10-16,37271.560000001475,251,30664793.560000002,2024-10-16,451232.4200000053,23,3257738.4200000055,3,2024-10-16,141567.88500000094,307,37602321.885
2024-10-17,37271.560000001475,251,30873625.560000002,2024-10-17,451232.4200000053,23,3276874.4200000055,3,2024-10-17,141567.88500000094,307,37857745.885
2024-10-18,37271.560000001475,251,30899980.560000002,2024-10-18,451232.4200000053,23,3279289.4200000055,3,2024-10-18,141567.88500000094,307,37889980.885
2024-10-21,37271.560000001475,251,31086975.560000002,2024-10-21,451232.4200000053,23,3296424.4200000055,3,2024-10-21,141567.88500000094,307,38118695.885
2024-10-22,37271.560000001475,251,31189383.560000002,2024-10-22,451232.4200000053,23,3305808.4200000055,3,2024-10-22,141567.88500000094,307,38243951.885
2024-10-23,37271.560000001475,251,31332955.560000002,2024-10-23,451232.4200000053,23,3318964.4200000055,3,2024-10-23,141567.88500000094,307,38419555.885
2024-10-24,37271.560000001475,251,31042046.560000002,2024-10-24,451232.4200000053,23,3292307.4200000055,3,2024-10-24,141567.88500000094,307,38063742.885
2024-10-25,37271.560000001475,251,31349270.560000002,2024-10-25,451232.4200000053,23,3320459.4200000055,3,2024-10-25,141567.88500000094,307,38439510.885
2024-10-28,37271.560000001475,251,31593995.560000002,2024-10-28,451232.4200000053,23,3342884.4200000055,3,2024-10-28,141567.88500000094,307,38738835.885
2024-10-29,37271.560000001475,251,31489077.560000002,2024-10-29,451232.4200000053,23,3333270.4200000055,3,2024-10-29,141567.88500000094,307,38610509.885
2024-10-30,37271.560000001475,251,31720499.560000002,2024-10-30,451232.4200000053,23,3354476.4200000055,3,2024-10-30,141567.88500000094,307,38893563.885
2024-10-31,37271.560000001475,251,31121613.560000002,2024-10-31,451232.4200000053,23,3299598.4200000055,3,2024-10-31,141567.88500000094,307,38161061.885
2024-11-01,37271.560000001475,251,30688889.560000002,2024-11-01,451232.4200000053,23,3259946.4200000055,3,2024-11-01,141567.88500000094,307,37631793.885
